location,ts,rsrp_ovl,cqi,dl_ri,dl_mcs,dl_brate,dl_nof_ok,dl_nof_nok,dl_error_rate,dl_bs,dl_nof_prbs,dl_olla,pusch_snr_db,pusch_rsrp_db,ul_ri,ul_mcs,ul_brate,ul_nof_ok,ul_nof_nok,ul_error_rate,ul_nof_prbs,ul_olla,bsr,sr_count,ta,last_phr,pusch_invalid_harqs,pusch_invalid_csis,f0f1_invalid_harqs,f2f3f4_invalid_harqs,max_pdsch_distance,max_pusch_distance,avg_crc_delay,rep_key,protocol,direction,rep,sec
Location1,2026-08-03 17:40:00.771859,0,15.0,1.0,19.0,27000000.0,1125.0,75.0,6.0,740000.0,59046.0,-3.994,28.1,-3.4,1.0,27.0,768000.0,81.0,6.0,6.0,1060.0,-1.284,0.0,28.0,2.42e-07,-3.0,0.0,0.0,0.0,0.0,0.001,0.027,0.00401,Location1|TCP|DL|1,TCP,DL,1,5
Location1,2026-08-03 17:40:01.771788,0,15.0,1.0,19.0,27200000.0,1145.0,55.0,4.0,893000.0,59046.0,-3.994,28.7,-1.8,1.0,27.0,662000.0,90.0,0.0,0.0,689.0,-1.284,276.0,35.0,2.39e-07,-1.0,0.0,0.0,0.0,0.0,0.001,0.025,0.004,Location1|TCP|DL|1,TCP,DL,1,6
Location1,2026-08-03 17:40:02.771844,0,15.0,1.0,19.0,27100000.0,1136.0,64.0,5.0,1010000.0,59046.0,-3.994,28.6,-1.7,1.0,27.0,540000.0,79.0,1.0,1.0,557.0,-1.383,0.0,40.0,2.46e-07,-1.0,0.0,0.0,0.0,0.0,0.001,0.025,0.004,Location1|TCP|DL|1,TCP,DL,1,7
Location1,2026-08-03 17:40:03.771811,0,15.0,1.0,19.0,27100000.0,1143.0,57.0,4.0,1040000.0,59037.0,-3.994,28.5,-1.2,1.0,27.0,560000.0,81.0,0.0,0.0,584.0,-1.383,142.0,46.0,2.51e-07,-1.0,0.0,0.0,0.0,0.0,0.001,0.025,0.004,Location1|TCP|DL|1,TCP,DL,1,8
Location1,2026-08-03 17:40:04.771843,0,15.0,1.0,19.0,27200000.0,1141.0,59.0,4.0,1050000.0,59046.0,-3.994,28.6,-1.1,1.0,27.0,544000.0,79.0,0.0,0.0,561.0,-1.383,74.0,39.0,2.44e-07,-1.0,0.0,0.0,0.0,0.0,0.001,0.025,0.004,Location1|TCP|DL|1,TCP,DL,1,9
Location1,2026-08-03 17:40:05.771808,0,15.0,1.0,19.0,27200000.0,1149.0,51.0,4.0,1060000.0,59046.0,-3.994,28.4,-1.6,1.0,27.0,564000.0,82.0,0.0,0.0,582.0,-1.383,198.0,39.0,2.65e-07,0.0,0.0,0.0,0.0,0.0,0.001,0.025,0.004,Location1|TCP|DL|1,TCP,DL,1,10
Location1,2026-08-03 17:40:06.771809,0,15.0,1.0,19.0,27300000.0,1157.0,43.0,3.0,1100000.0,59046.0,-3.994,28.4,-2.9,1.0,27.0,563000.0,80.0,0.0,0.0,581.0,-1.383,142.0,34.0,2.65e-07,0.0,0.0,0.0,0.0,0.0,0.001,0.025,0.004,Location1|TCP|DL|1,TCP,DL,1,11
Location1,2026-08-03 17:40:07.771846,0,15.0,1.0,19.0,27000000.0,1130.0,70.0,5.0,1110000.0,59037.0,-3.994,28.2,-4.1,1.0,27.0,569000.0,81.0,0.0,0.0,592.0,-1.383,1450.0,42.0,2.4500000000000004e-07,-6.0,0.0,0.0,2.0,0.0,0.001,0.025,0.004,Location1|TCP|DL|1,TCP,DL,1,12
Location1,2026-08-03 17:40:08.771835,0,14.0,1.0,17.0,23100000.0,1109.0,91.0,7.0,1330000.0,58941.0,-3.994,28.1,-3.1,1.0,27.0,547000.0,79.0,2.0,2.0,568.0,-1.581,0.0,43.0,2.34e-07,-6.0,0.0,0.0,0.0,0.0,0.001,0.025,0.004,Location1|TCP|DL|1,TCP,DL,1,13
Location1,2026-08-03 17:40:09.771838,0,13.0,1.0,15.0,20700000.0,1142.0,58.0,4.0,1560000.0,59046.0,-3.994,28.3,-3.4,1.0,27.0,583000.0,86.0,0.0,0.0,602.0,-1.581,0.0,50.0,2.3800000000000001e-07,-11.0,0.0,0.0,0.0,0.0,0.001,0.02,0.004,Location1|TCP|DL|1,TCP,DL,1,14
Location1,2026-08-03 17:40:10.771802,0,13.0,1.0,15.0,21400000.0,1170.0,30.0,2.0,1880000.0,59046.0,-3.994,28.4,-2.6,1.0,27.0,495000.0,73.0,0.0,0.0,518.0,-1.581,74.0,50.0,2.3800000000000001e-07,-5.0,0.0,0.0,0.0,0.0,0.001,0.02,0.004,Location1|TCP|DL|1,TCP,DL,1,15
Location1,2026-08-03 17:40:11.771849,0,14.0,1.0,17.0,24200000.0,1147.0,53.0,4.0,2370000.0,59037.0,-3.994,28.1,-3.8,1.0,27.0,502000.0,74.0,0.0,0.0,511.0,-1.581,0.0,50.0,2.26e-07,-6.0,0.0,0.0,0.0,0.0,0.001,0.02,0.004,Location1|TCP|DL|1,TCP,DL,1,16
Location1,2026-08-03 17:40:12.771900,0,14.0,1.0,18.0,25500000.0,1150.0,50.0,4.0,2990000.0,59046.0,-3.994,28.2,-3.7,1.0,27.0,544000.0,77.0,0.0,0.0,561.0,-1.581,0.0,44.0,2.55e-07,-9.0,0.0,0.0,0.0,0.0,0.001,0.025,0.004,Location1|TCP|DL|1,TCP,DL,1,17
Location1,2026-08-03 17:40:13.771807,0,15.0,1.0,19.0,27200000.0,1142.0,58.0,4.0,3690000.0,59046.0,-3.973,25.3,-7.2,1.0,25.0,470000.0,75.0,7.0,8.0,712.0,-2.265,0.0,46.0,2.3000000000000002e-07,-8.0,0.0,0.0,1.0,0.0,0.001,0.025,0.004,Location1|TCP|DL|1,TCP,DL,1,18
Location1,2026-08-03 17:40:14.771870,0,15.0,1.0,19.0,27100000.0,1127.0,73.0,6.0,4420000.0,59046.0,-3.994,27.6,-6.0,1.0,27.0,525000.0,76.0,0.0,0.0,549.0,-2.265,276.0,47.0,1.9300000000000002e-07,-11.0,0.0,0.0,2.0,0.0,0.001,0.025,0.004,Location1|TCP|DL|1,TCP,DL,1,19
Location1,2026-08-03 17:40:15.771828,0,15.0,1.0,19.0,26900000.0,1118.0,82.0,6.0,4450000.0,59037.0,-3.994,28.2,-4.0,1.0,27.0,427000.0,63.0,0.0,0.0,434.0,-2.265,0.0,50.0,2.27e-07,-8.0,0.0,0.0,0.0,0.0,0.001,0.02,0.004,Location1|TCP|DL|1,TCP,DL,1,20
Location1,2026-08-03 17:40:28.771878,0,15.0,1.0,18.0,25000000.0,1112.0,88.0,7.0,1270000.0,59046.0,-3.994,28.4,-3.5,1.0,27.0,631000.0,83.0,2.0,2.0,676.0,-2.661,142.0,34.0,2.26e-07,-2.0,0.0,0.0,1.0,0.0,0.001,0.025,0.004,Location1|TCP|DL|2,TCP,DL,2,5
Location1,2026-08-03 17:40:29.771930,0,14.0,1.0,17.0,23000000.0,1091.0,109.0,9.0,1440000.0,59016.0,-3.994,27.9,-4.5,1.0,27.0,587000.0,83.0,2.0,2.0,619.0,-2.859,535.0,42.0,2.4500000000000004e-07,-5.0,0.0,0.0,0.0,0.0,0.001,0.025,0.004,Location1|TCP|DL|2,TCP,DL,2,6
Location1,2026-08-03 17:40:30.771872,0,14.0,1.0,17.0,24000000.0,1129.0,71.0,5.0,1880000.0,59046.0,-3.994,28.2,-3.8,1.0,27.0,580000.0,85.0,0.0,0.0,599.0,-2.859,74.0,47.0,2.54e-07,-7.0,0.0,0.0,0.0,0.0,0.001,0.025,0.004,Location1|TCP|DL|2,TCP,DL,2,7
Location1,2026-08-03 17:40:31.771954,0,15.0,1.0,18.0,25500000.0,1125.0,75.0,6.0,2500000.0,59037.0,-3.994,27.9,-5.4,1.0,27.0,526000.0,77.0,1.0,1.0,543.0,-2.958,0.0,47.0,2.2900000000000005e-07,-15.0,0.0,0.0,0.0,0.0,0.001,0.025,0.004,Location1|TCP|DL|2,TCP,DL,2,8
Location1,2026-08-03 17:40:32.771846,0,14.0,1.0,17.0,23900000.0,1123.0,77.0,6.0,3270000.0,59046.0,-3.994,27.8,-5.2,1.0,27.0,516000.0,76.0,0.0,0.0,532.0,-2.958,0.0,50.0,2.14e-07,-15.0,0.0,0.0,0.0,0.0,0.001,0.02,0.004,Location1|TCP|DL|2,TCP,DL,2,9
Location1,2026-08-03 17:40:33.771923,0,14.0,1.0,17.0,24400000.0,1130.0,70.0,5.0,4160000.0,59046.0,-3.994,27.9,-4.9,1.0,27.0,526000.0,77.0,0.0,0.0,543.0,-2.958,0.0,49.0,2.51e-07,-5.0,0.0,0.0,0.0,0.0,0.001,0.025,0.004,Location1|TCP|DL|2,TCP,DL,2,10
Location1,2026-08-03 17:40:34.771961,0,14.0,1.0,18.0,25400000.0,1126.0,74.0,6.0,5270000.0,59046.0,-3.994,27.6,-5.2,1.0,27.0,522000.0,77.0,0.0,0.0,546.0,-2.958,276.0,48.0,2.54e-07,-4.0,0.0,0.0,0.0,0.0,0.001,0.025,0.004,Location1|TCP|DL|2,TCP,DL,2,11
Location1,2026-08-03 17:40:35.771897,0,13.0,1.0,16.0,21100000.0,1099.0,101.0,8.0,6120000.0,59037.0,-3.994,27.2,-4.2,1.0,27.0,475000.0,70.0,2.0,2.0,497.0,-3.156,0.0,49.0,2.520000000000001e-07,-14.0,0.0,0.0,2.0,0.0,0.001,0.025,0.004,Location1|TCP|DL|2,TCP,DL,2,12
Location1,2026-08-03 17:40:36.771901,0,13.0,1.0,16.0,21800000.0,1135.0,65.0,5.0,6090000.0,59046.0,-3.994,28.2,-2.8,1.0,27.0,488000.0,72.0,1.0,1.0,511.0,-3.255,0.0,50.0,2.44e-07,-13.0,0.0,0.0,0.0,0.0,0.001,0.02,0.004,Location1|TCP|DL|2,TCP,DL,2,13
Location1,2026-08-03 17:40:37.771890,0,14.0,1.0,17.0,24100000.0,1136.0,64.0,5.0,6080000.0,59046.0,-3.934,27.8,-5.9,1.0,27.0,502000.0,74.0,0.0,0.0,518.0,-3.255,0.0,47.0,2.34e-07,-7.0,0.0,0.0,0.0,0.0,0.001,0.025,0.004,Location1|TCP|DL|2,TCP,DL,2,14
Location1,2026-08-03 17:40:38.771919,0,14.0,1.0,17.0,24700000.0,1147.0,53.0,4.0,5730000.0,59046.0,-3.994,28.3,-4.1,1.0,27.0,387000.0,57.0,0.0,0.0,399.0,-3.255,0.0,49.0,2.26e-07,-6.0,0.0,0.0,0.0,0.0,0.001,0.025,0.004,Location1|TCP|DL|2,TCP,DL,2,15
Location1,2026-08-03 17:40:39.771855,0,14.0,1.0,17.0,24000000.0,1124.0,76.0,6.0,5920000.0,59037.0,-3.994,27.4,-5.8,1.0,27.0,380000.0,56.0,0.0,0.0,392.0,-3.255,0.0,50.0,2.470000000000001e-07,-6.0,0.0,0.0,0.0,0.0,0.001,0.02,0.004,Location1|TCP|DL|2,TCP,DL,2,16
Location1,2026-08-03 17:40:40.771891,0,14.0,1.0,17.0,22500000.0,1073.0,127.0,10.0,6060000.0,58869.0,-3.976,26.8,-8.6,1.0,27.0,527000.0,73.0,7.0,8.0,617.0,-3.941,0.0,39.0,2.32e-07,-6.0,0.0,0.0,0.0,0.0,0.001,0.04,0.004,Location1|TCP|DL|2,TCP,DL,2,17
Location1,2026-08-03 17:40:41.771968,0,14.0,1.0,16.0,22500000.0,1149.0,51.0,4.0,5930000.0,59025.0,-3.994,27.3,-8.1,1.0,27.0,518000.0,70.0,2.0,2.0,556.0,-4.137,535.0,46.0,1.89e-07,-7.0,0.0,0.0,0.0,0.0,0.001,0.025,0.004,Location1|TCP|DL|2,TCP,DL,2,18
Location1,2026-08-03 17:40:42.771920,0,14.0,1.0,17.0,24000000.0,1125.0,75.0,6.0,5500000.0,59046.0,-3.994,27.9,-6.0,1.0,27.0,565000.0,79.0,0.0,0.0,576.0,-4.137,0.0,43.0,2.15e-07,-7.0,0.0,0.0,0.0,0.0,0.001,0.025,0.004,Location1|TCP|DL|2,TCP,DL,2,19
Location1,2026-08-03 17:40:43.771950,0,14.0,1.0,17.0,24000000.0,1125.0,75.0,6.0,4670000.0,59037.0,-3.994,28.6,-3.5,1.0,27.0,560000.0,76.0,0.0,0.0,587.0,-4.137,1040.0,36.0,2.5000000000000004e-07,-7.0,0.0,0.0,0.0,0.0,0.001,0.025,0.004,Location1|TCP|DL|2,TCP,DL,2,20
Location1,2026-08-03 17:41:00.771995,0,14.0,1.0,17.0,23800000.0,1098.0,102.0,8.0,1140000.0,59046.0,-3.994,27.4,-7.7,1.0,27.0,768000.0,78.0,5.0,6.0,855.0,-4.998,102.0,28.0,2.22e-07,-6.0,0.0,0.0,0.0,0.0,0.001,0.025,0.004,Location1|TCP|DL|3,TCP,DL,3,5
Location1,2026-08-03 17:41:01.771962,0,14.0,1.0,17.0,23800000.0,1108.0,92.0,7.0,1360000.0,59046.0,-3.994,28.3,-5.5,1.0,27.0,727000.0,78.0,1.0,1.0,753.0,-4.998,198.0,26.0,2.39e-07,-8.0,0.0,0.0,0.0,0.0,0.001,0.025,0.004,Location1|TCP|DL|3,TCP,DL,3,6
Location1,2026-08-03 17:41:02.771970,0,14.0,1.0,17.0,24000000.0,1133.0,67.0,5.0,1670000.0,59046.0,-3.994,28.4,-3.8,1.0,27.0,588000.0,86.0,0.0,0.0,600.0,-4.998,0.0,48.0,2.2900000000000005e-07,-10.0,0.0,0.0,0.0,0.0,0.001,0.025,0.004,Location1|TCP|DL|3,TCP,DL,3,7
Location1,2026-08-03 17:41:03.772020,0,14.0,1.0,17.0,24100000.0,1136.0,64.0,5.0,2200000.0,59037.0,-3.994,28.6,-2.4,1.0,27.0,536000.0,79.0,0.0,0.0,560.0,-4.998,74.0,44.0,2.1800000000000002e-07,-13.0,0.0,0.0,0.0,0.0,0.001,0.025,0.004,Location1|TCP|DL|3,TCP,DL,3,8
Location1,2026-08-03 17:41:04.771953,0,14.0,1.0,17.0,23900000.0,1122.0,78.0,6.0,2870000.0,59046.0,-3.994,28.4,-2.2,1.0,27.0,547000.0,80.0,0.0,0.0,557.0,-4.998,0.0,48.0,2.33e-07,-11.0,0.0,0.0,0.0,0.0,0.001,0.025,0.004,Location1|TCP|DL|3,TCP,DL,3,9
Location1,2026-08-03 17:41:05.772043,0,14.0,1.0,17.0,24000000.0,1122.0,78.0,6.0,3710000.0,59046.0,-3.994,28.4,-2.6,1.0,27.0,519000.0,76.0,0.0,0.0,536.0,-4.998,0.0,47.0,2.53e-07,-12.0,0.0,0.0,0.0,0.0,0.001,0.025,0.004,Location1|TCP|DL|3,TCP,DL,3,10
Location1,2026-08-03 17:41:06.771942,0,14.0,1.0,17.0,23700000.0,1114.0,86.0,7.0,4710000.0,59025.0,-3.994,28.3,-2.9,1.0,27.0,507000.0,75.0,0.0,0.0,523.0,-4.997,0.0,48.0,2.42e-07,-13.0,0.0,0.0,0.0,0.0,0.001,0.025,0.004,Location1|TCP|DL|3,TCP,DL,3,11
Location1,2026-08-03 17:41:07.771959,0,14.0,1.0,17.0,24000000.0,1125.0,75.0,6.0,5870000.0,59037.0,-3.994,28.3,-3.4,1.0,27.0,495000.0,73.0,0.0,0.0,511.0,-4.997,0.0,48.0,2.46e-07,-6.0,0.0,0.0,0.0,0.0,0.001,0.025,0.00401,Location1|TCP|DL|3,TCP,DL,3,12
Location1,2026-08-03 17:41:08.772050,0,14.0,1.0,17.0,24100000.0,1135.0,65.0,5.0,6090000.0,59046.0,-3.994,27.6,-6.4,1.0,27.0,491000.0,73.0,0.0,0.0,514.0,-4.995,10.0,49.0,2.46e-07,-4.0,0.0,0.0,0.0,0.0,0.001,0.025,0.004,Location1|TCP|DL|3,TCP,DL,3,13
Location1,2026-08-03 17:41:09.771965,0,14.0,1.0,17.0,24000000.0,1127.0,73.0,6.0,6080000.0,59046.0,-3.994,27.6,-6.2,1.0,27.0,511000.0,76.0,0.0,0.0,521.0,-4.993,0.0,48.0,2.2900000000000005e-07,-4.0,0.0,0.0,0.0,0.0,0.001,0.025,0.004,Location1|TCP|DL|3,TCP,DL,3,14
Location1,2026-08-03 17:41:10.772045,0,14.0,1.0,17.0,24100000.0,1139.0,61.0,5.0,5730000.0,59046.0,-3.994,28.1,-4.2,1.0,27.0,437000.0,65.0,0.0,0.0,451.0,-4.991,0.0,50.0,2.3500000000000005e-07,-10.0,0.0,0.0,0.0,0.0,0.001,0.02,0.004,Location1|TCP|DL|3,TCP,DL,3,15
Location1,2026-08-03 17:41:11.772005,0,14.0,1.0,17.0,24100000.0,1139.0,61.0,5.0,5780000.0,59037.0,-3.994,28.2,-3.9,1.0,27.0,380000.0,56.0,0.0,0.0,392.0,-4.991,0.0,50.0,2.41e-07,-15.0,0.0,0.0,0.0,0.0,0.001,0.02,0.004,Location1|TCP|DL|3,TCP,DL,3,16
Location1,2026-08-03 17:41:12.772017,0,14.0,1.0,17.0,24100000.0,1133.0,67.0,5.0,6090000.0,59046.0,-3.994,27.8,-6.2,1.0,27.0,646000.0,71.0,0.0,0.0,668.0,-4.987,0.0,36.0,2.27e-07,-7.0,0.0,0.0,0.0,0.0,0.001,0.025,0.004,Location1|TCP|DL|3,TCP,DL,3,17
Location1,2026-08-03 17:41:13.771947,0,14.0,1.0,17.0,24100000.0,1140.0,60.0,5.0,6030000.0,59046.0,-3.994,27.5,-7.7,1.0,27.0,640000.0,81.0,0.0,0.0,669.0,-4.974,745.0,34.0,2.27e-07,-13.0,0.0,0.0,0.0,0.0,0.001,0.025,0.004,Location1|TCP|DL|3,TCP,DL,3,18
Location1,2026-08-03 17:41:14.772022,0,14.0,1.0,17.0,24000000.0,1126.0,74.0,6.0,5720000.0,59046.0,-3.994,27.5,-7.1,1.0,27.0,609000.0,81.0,2.0,2.0,651.0,-4.998,0.0,38.0,2.520000000000001e-07,-16.0,0.0,0.0,0.0,0.0,0.001,0.025,0.004,Location1|TCP|DL|3,TCP,DL,3,19
Location1,2026-08-03 17:41:15.772049,0,14.0,1.0,17.0,24000000.0,1125.0,75.0,6.0,4870000.0,59037.0,-3.994,27.5,-7.2,1.0,27.0,758000.0,79.0,1.0,1.0,817.0,-4.994,142.0,29.0,2.470000000000001e-07,-14.0,0.0,0.0,0.0,0.0,0.001,0.03,0.004,Location1|TCP|DL|3,TCP,DL,3,20
Location1,2026-08-03 17:41:33.772040,0,14.0,1.0,20.0,394000.0,278.0,0.0,0.0,0.0,738.0,-2.269,24.9,-9.5,1.0,25.0,30600000.0,746.0,54.0,6.0,37293.0,-4.99,700000.0,0.0,2.3600000000000002e-07,-15.0,0.0,0.0,0.0,0.0,0.01,0.002,0.004,Location1|TCP|UL|1,TCP,UL,1,5
Location1,2026-08-03 17:41:34.772086,0,14.0,1.0,20.0,406000.0,312.0,0.0,0.0,0.0,724.0,-1.99,25.6,-8.6,1.0,25.0,32600000.0,768.0,32.0,4.0,37326.0,-4.963,700000.0,0.0,2.27e-07,-16.0,0.0,0.0,0.0,0.0,0.01,0.002,0.004,Location1|TCP|UL|1,TCP,UL,1,6
Location1,2026-08-03 17:41:35.772008,0,14.0,1.0,21.0,541000.0,381.0,0.0,0.0,0.0,931.0,-1.642,25.9,-8.1,1.0,26.0,34200000.0,792.0,8.0,1.0,37290.0,-4.911,700000.0,0.0,2.3600000000000002e-07,-16.0,0.0,0.0,0.0,0.0,0.01,0.002,0.004,Location1|TCP|UL|1,TCP,UL,1,7
Location1,2026-08-03 17:41:36.772075,0,14.0,1.0,21.0,482000.0,327.0,0.0,0.0,0.0,805.0,-1.359,26.0,-8.0,1.0,26.0,34700000.0,796.0,4.0,0.0,37340.0,-4.617,700000.0,0.0,2.6900000000000004e-07,-16.0,0.0,0.0,0.0,0.0,0.01,0.002,0.004,Location1|TCP|UL|1,TCP,UL,1,8
Location1,2026-08-03 17:41:37.772083,0,14.0,1.0,21.0,381000.0,300.0,13.0,4.0,65.0,693.0,-2.277,26.0,-8.1,1.0,26.0,34800000.0,792.0,8.0,1.0,37330.0,-4.791,700000.0,0.0,2.3800000000000001e-07,-16.0,0.0,0.0,0.0,0.0,0.01,0.002,0.004,Location1|TCP|UL|1,TCP,UL,1,9
Location1,2026-08-03 17:41:38.772053,0,14.0,1.0,19.0,389000.0,315.0,7.0,2.0,0.0,742.0,-2.7,25.9,-8.1,1.0,26.0,34900000.0,794.0,6.0,0.0,37353.0,-4.663,700000.0,0.0,2.48e-07,-14.0,0.0,0.0,0.0,0.0,0.01,0.002,0.004,Location1|TCP|UL|1,TCP,UL,1,10
Location1,2026-08-03 17:41:39.772125,0,14.0,1.0,19.0,367000.0,292.0,0.0,0.0,0.0,717.0,-2.42,25.1,-9.0,1.0,25.0,30600000.0,743.0,57.0,7.0,37321.0,-4.99,700000.0,0.0,2.590000000000001e-07,-13.0,0.0,0.0,0.0,0.0,0.01,0.002,0.004,Location1|TCP|UL|1,TCP,UL,1,11
Location1,2026-08-03 17:41:40.772041,0,14.0,1.0,20.0,355000.0,275.0,0.0,0.0,0.0,643.0,-2.171,25.6,-8.5,1.0,25.0,33000000.0,774.0,26.0,3.0,37352.0,-4.977,700000.0,0.0,2.640000000000001e-07,-13.0,0.0,0.0,0.0,0.0,0.01,0.002,0.004,Location1|TCP|UL|1,TCP,UL,1,12
Location1,2026-08-03 17:41:41.772088,0,14.0,1.0,20.0,410000.0,321.0,5.0,1.0,0.0,727.0,-2.379,26.1,-7.9,1.0,26.0,35000000.0,796.0,4.0,0.0,37346.0,-4.592,700000.0,0.0,2.53e-07,-15.0,0.0,0.0,0.0,0.0,0.01,0.002,0.004,Location1|TCP|UL|1,TCP,UL,1,13
Location1,2026-08-03 17:41:42.772135,0,14.0,1.0,19.0,397000.0,327.0,14.0,4.0,0.0,827.0,-3.469,26.0,-7.8,1.0,26.0,35100000.0,797.0,3.0,0.0,37326.0,-4.302,700000.0,0.0,2.520000000000001e-07,-17.0,0.0,0.0,0.0,0.0,0.01,0.002,0.004,Location1|TCP|UL|1,TCP,UL,1,14
Location1,2026-08-03 17:41:43.772084,0,14.0,1.0,17.0,334000.0,296.0,10.0,3.0,0.0,792.0,-3.9,25.5,-8.4,1.0,25.0,32300000.0,760.0,40.0,5.0,37324.0,-4.99,700000.0,0.0,2.61e-07,-17.0,0.0,0.0,0.0,0.0,0.01,0.002,0.004,Location1|TCP|UL|1,TCP,UL,1,15
Location1,2026-08-03 17:41:44.772111,0,14.0,1.0,17.0,348000.0,310.0,6.0,1.0,0.0,714.0,-3.957,26.1,-7.9,1.0,26.0,34600000.0,795.0,5.0,0.0,37348.0,-4.676,700000.0,0.0,2.6900000000000004e-07,-17.0,0.0,0.0,0.0,0.0,0.01,0.002,0.004,Location1|TCP|UL|1,TCP,UL,1,16
Location1,2026-08-03 17:41:45.772051,0,14.0,1.0,17.0,360000.0,322.0,5.0,1.0,0.0,757.0,-3.989,26.1,-7.9,1.0,26.0,34700000.0,793.0,7.0,0.0,37318.0,-4.74,700000.0,0.0,2.5000000000000004e-07,-17.0,0.0,0.0,0.0,0.0,0.01,0.002,0.004,Location1|TCP|UL|1,TCP,UL,1,17
Location1,2026-08-03 17:41:46.772125,0,14.0,1.0,17.0,347000.0,303.0,2.0,0.0,0.0,720.0,-3.798,25.9,-8.1,1.0,26.0,34500000.0,789.0,11.0,1.0,37340.0,-4.989,700000.0,0.0,2.2400000000000002e-07,-17.0,0.0,0.0,0.0,0.0,0.01,0.002,0.004,Location1|TCP|UL|1,TCP,UL,1,18
Location1,2026-08-03 17:41:47.772026,0,14.0,1.0,17.0,345000.0,314.0,0.0,0.0,0.0,708.0,-3.52,25.8,-8.2,1.0,25.0,34100000.0,794.0,6.0,0.0,37350.0,-4.784,700000.0,0.0,2.48e-07,-17.0,0.0,0.0,0.0,0.0,0.01,0.002,0.004,Location1|TCP|UL|1,TCP,UL,1,19
Location1,2026-08-03 17:41:48.772103,0,14.0,1.0,18.0,349000.0,298.0,0.0,0.0,58.0,709.0,-3.26,26.1,-8.0,1.0,26.0,35200000.0,798.0,2.0,0.0,37353.0,-4.39,700000.0,0.0,2.67e-07,-17.0,0.0,0.0,0.0,0.0,0.01,0.002,0.004,Location1|TCP|UL|1,TCP,UL,1,20
Location1,2026-08-03 17:41:49.772151,0,14.0,1.0,18.0,401000.0,335.0,0.0,0.0,0.0,754.0,-2.97,26.2,-7.7,1.0,26.0,35300000.0,796.0,4.0,0.0,37315.0,-4.326,700000.0,0.0,2.74e-07,-16.0,0.0,0.0,0.0,0.0,0.01,0.002,0.004,Location1|TCP|UL|1,TCP,UL,1,21
Location1,2026-08-03 17:41:50.772091,0,14.0,1.0,19.0,384000.0,315.0,0.0,0.0,0.0,755.0,-2.683,26.3,-7.6,1.0,26.0,35500000.0,796.0,4.0,0.0,37344.0,-4.283,700000.0,0.0,2.8e-07,-15.0,0.0,0.0,0.0,0.0,0.01,0.002,0.004,Location1|TCP|UL|1,TCP,UL,1,22
Location1,2026-08-03 17:41:51.772123,0,14.0,1.0,19.0,335000.0,270.0,0.0,0.0,0.0,638.0,-2.434,25.1,-9.5,1.0,25.0,30700000.0,748.0,52.0,6.0,37241.0,-4.996,700000.0,0.0,2.55e-07,-10.0,0.0,0.0,0.0,0.0,0.01,0.002,0.004,Location1|TCP|UL|1,TCP,UL,1,23
Location1,2026-08-03 17:41:52.772074,0,14.0,1.0,20.0,335000.0,281.0,0.0,0.0,0.0,666.0,-2.187,25.0,-11.0,1.0,24.0,30200000.0,741.0,59.0,7.0,37223.0,-4.904,700000.0,0.0,2.590000000000001e-07,-13.0,0.0,0.0,0.0,0.0,0.01,0.002,0.004,Location1|TCP|UL|1,TCP,UL,1,24
Location1,2026-08-03 17:42:03.772180,0,14.0,1.0,22.0,412000.0,249.0,0.0,0.0,0.0,736.0,-1.311,23.0,-11.7,1.0,22.0,21400000.0,651.0,149.0,18.0,36987.0,-4.997,700000.0,0.0,2.66e-07,-12.0,0.0,0.0,0.0,0.0,0.01,0.002,0.004,Location1|TCP|UL|2,TCP,UL,2,5
Location1,2026-08-03 17:42:04.772053,0,14.0,1.0,22.0,318000.0,241.0,0.0,0.0,0.0,587.0,-1.118,22.6,-12.4,1.0,21.0,19900000.0,639.0,161.0,20.0,37007.0,-4.996,700000.0,0.0,2.2900000000000005e-07,-12.0,0.0,0.0,0.0,0.0,0.011,0.002,0.004,Location1|TCP|UL|2,TCP,UL,2,6
Location1,2026-08-03 17:42:05.772165,0,14.0,1.0,23.0,338000.0,238.0,0.0,0.0,0.0,561.0,-0.913,22.0,-12.7,1.0,20.0,17500000.0,613.0,187.0,23.0,36940.0,-4.996,700000.0,0.0,2.3000000000000002e-07,-12.0,0.0,0.0,0.0,0.0,0.011,0.002,0.004,Location1|TCP|UL|2,TCP,UL,2,7
Location1,2026-08-03 17:42:06.772187,0,15.0,1.0,25.0,347000.0,218.0,0.0,0.0,0.0,503.0,-0.735,22.2,-12.4,1.0,20.0,17600000.0,601.0,199.0,24.0,36966.0,-4.997,700000.0,0.0,2.39e-07,-12.0,0.0,0.0,0.0,0.0,0.016,0.002,0.004,Location1|TCP|UL|2,TCP,UL,2,8
Location1,2026-08-03 17:42:07.772147,0,15.0,1.0,25.0,362000.0,242.0,0.0,0.0,0.0,574.0,-0.52,22.3,-12.3,1.0,20.0,18300000.0,621.0,179.0,22.0,36958.0,-4.996,700000.0,0.0,2.46e-07,-13.0,0.0,0.0,0.0,0.0,0.016,0.002,0.004,Location1|TCP|UL|2,TCP,UL,2,9
Location1,2026-08-03 17:42:08.772174,0,15.0,1.0,26.0,392000.0,242.0,0.0,0.0,0.0,540.0,-0.3281,22.3,-12.3,1.0,20.0,18100000.0,612.0,188.0,23.0,36985.0,-4.996,700000.0,0.0,2.520000000000001e-07,-13.0,0.0,0.0,0.0,0.0,0.011,0.002,0.004,Location1|TCP|UL|2,TCP,UL,2,10
Location1,2026-08-03 17:42:09.772100,0,15.0,1.0,25.0,382000.0,226.0,0.0,0.0,0.0,528.0,-0.1701,22.4,-12.0,1.0,20.0,18900000.0,628.0,172.0,21.0,36986.0,-5.0,700000.0,0.0,2.6e-07,-12.0,0.0,0.0,0.0,0.0,0.01,0.002,0.004,Location1|TCP|UL|2,TCP,UL,2,11
Location1,2026-08-03 17:42:10.772186,0,15.0,1.0,26.0,328000.0,230.0,0.0,0.0,0.0,526.0,0.007948,22.7,-11.9,1.0,21.0,19500000.0,626.0,174.0,21.0,36971.0,-4.996,700000.0,0.0,2.39e-07,-12.0,0.0,0.0,0.0,0.0,0.01,0.002,0.004,Location1|TCP|UL|2,TCP,UL,2,12
Location1,2026-08-03 17:42:11.772211,0,15.0,1.0,26.0,314000.0,257.0,0.0,0.0,0.0,587.0,0.007948,22.8,-11.7,1.0,21.0,20000000.0,640.0,160.0,20.0,36988.0,-4.997,700000.0,0.0,2.1200000000000002e-07,-12.0,0.0,0.0,0.0,0.0,0.01,0.002,0.004,Location1|TCP|UL|2,TCP,UL,2,13
Location1,2026-08-03 17:42:12.772139,0,15.0,1.0,26.0,406000.0,242.0,0.0,0.0,58.0,575.0,0.007948,23.0,-11.5,1.0,21.0,20300000.0,630.0,170.0,21.0,36986.0,-4.996,700000.0,0.0,2.48e-07,-11.0,0.0,0.0,0.0,0.0,0.01,0.002,0.004,Location1|TCP|UL|2,TCP,UL,2,14
Location1,2026-08-03 17:42:13.772222,0,15.0,1.0,26.0,497000.0,293.0,1.0,0.0,0.0,669.0,0.007948,24.7,-10.7,1.0,24.0,26000000.0,665.0,135.0,16.0,37163.0,-4.999,700000.0,0.0,2.2900000000000005e-07,-9.0,0.0,0.0,0.0,0.0,0.011,0.002,0.004,Location1|TCP|UL|2,TCP,UL,2,15
Location1,2026-08-03 17:42:14.772126,0,15.0,1.0,26.0,477000.0,296.0,0.0,0.0,0.0,668.0,0.007948,26.0,-9.7,1.0,26.0,32900000.0,760.0,40.0,5.0,37296.0,-4.903,700000.0,0.0,2.39e-07,-11.0,0.0,0.0,0.0,0.0,0.01,0.002,0.004,Location1|TCP|UL|2,TCP,UL,2,16
Location1,2026-08-03 17:42:15.772175,0,15.0,1.0,26.0,472000.0,282.0,0.0,0.0,0.0,651.0,0.007948,25.5,-9.2,1.0,25.0,31500000.0,744.0,56.0,7.0,37284.0,-5.0,700000.0,0.0,2.760000000000001e-07,-10.0,0.0,0.0,0.0,0.0,0.011,0.002,0.004,Location1|TCP|UL|2,TCP,UL,2,17
Location1,2026-08-03 17:42:16.772232,0,15.0,1.0,26.0,379000.0,266.0,12.0,4.0,0.0,641.0,-0.6341,24.9,-10.1,1.0,24.0,27500000.0,686.0,114.0,14.0,37205.0,-4.992,700000.0,0.0,2.54e-07,-6.0,0.0,0.0,0.0,0.0,0.015,0.002,0.004,Location1|TCP|UL|2,TCP,UL,2,18
Location1,2026-08-03 17:42:17.772168,0,15.0,1.0,24.0,427000.0,275.0,8.0,2.0,58.0,666.0,-0.9911,25.1,-9.4,1.0,25.0,27700000.0,678.0,122.0,15.0,37178.0,-4.996,700000.0,0.0,2.5700000000000004e-07,-8.0,0.0,0.0,0.0,0.0,0.014,0.002,0.004,Location1|TCP|UL|2,TCP,UL,2,19
Location1,2026-08-03 17:42:18.772226,0,14.0,1.0,22.0,371000.0,293.0,8.0,2.0,0.0,689.0,-1.319,26.1,-9.0,1.0,26.0,32400000.0,747.0,53.0,6.0,37293.0,-5.0,700000.0,0.0,2.62e-07,-12.0,0.0,0.0,0.0,0.0,0.011,0.002,0.004,Location1|TCP|UL|2,TCP,UL,2,20
Location1,2026-08-03 17:42:19.772151,0,14.0,1.0,22.0,314000.0,299.0,0.0,0.0,0.0,680.0,-1.04,26.8,-7.0,1.0,26.0,34400000.0,771.0,29.0,3.0,37365.0,-4.99,700000.0,0.0,2.640000000000001e-07,-14.0,0.0,0.0,0.0,0.0,0.01,0.002,0.004,Location1|TCP|UL|2,TCP,UL,2,21
Location1,2026-08-03 17:42:20.772153,0,15.0,1.0,24.0,346000.0,313.0,2.0,0.0,0.0,696.0,-0.959,26.3,-7.5,1.0,26.0,34800000.0,792.0,8.0,1.0,37376.0,-4.99,700000.0,0.0,2.66e-07,-13.0,0.0,0.0,0.0,0.0,0.01,0.002,0.004,Location1|TCP|UL|2,TCP,UL,2,22
Location1,2026-08-03 17:42:21.772147,0,15.0,1.0,24.0,541000.0,401.0,6.0,1.0,0.0,969.0,-1.183,26.2,-7.7,1.0,26.0,31500000.0,723.0,6.0,0.0,33687.0,-4.633,0.0,3.0,2.5700000000000004e-07,-5.0,0.0,0.0,0.0,0.0,0.065,0.04,0.004,Location1|TCP|UL|2,TCP,UL,2,23
Location1,2026-08-03 17:42:47.772287,0,15.0,1.0,19.0,567000.0,351.0,2.0,0.0,0.0,1307.0,-3.894,24.7,-10.7,1.0,25.0,30100000.0,739.0,61.0,7.0,37239.0,-4.99,700000.0,0.0,2.3600000000000002e-07,-10.0,0.0,0.0,0.0,0.0,0.01,0.002,0.004,Location1|TCP|UL|3,TCP,UL,3,5
Location1,2026-08-03 17:42:48.772210,0,15.0,1.0,19.0,508000.0,352.0,0.0,0.0,0.0,1000.0,-3.611,25.1,-10.1,1.0,25.0,31100000.0,747.0,53.0,6.0,37289.0,-4.99,700000.0,0.0,2.49e-07,-10.0,0.0,0.0,0.0,0.0,0.01,0.002,0.004,Location1|TCP|UL|3,TCP,UL,3,6
Location1,2026-08-03 17:42:49.772267,0,15.0,1.0,19.0,319000.0,269.0,0.0,0.0,0.0,690.0,-3.403,24.1,-11.6,1.0,24.0,26500000.0,693.0,107.0,13.0,37130.0,-4.997,700000.0,0.0,2.54e-07,-12.0,0.0,0.0,0.0,0.0,0.011,0.002,0.004,Location1|TCP|UL|3,TCP,UL,3,7
Location1,2026-08-03 17:42:50.772318,0,15.0,1.0,20.0,306000.0,240.0,0.0,0.0,0.0,609.0,-3.208,23.1,-12.3,1.0,22.0,21900000.0,653.0,147.0,18.0,36984.0,-4.996,700000.0,0.0,2.61e-07,-10.0,0.0,0.0,0.0,0.0,0.01,0.002,0.004,Location1|TCP|UL|3,TCP,UL,3,8
Location1,2026-08-03 17:42:51.772267,0,15.0,1.0,20.0,387000.0,298.0,1.0,0.0,0.0,736.0,-3.048,24.5,-10.4,1.0,24.0,28300000.0,720.0,80.0,10.0,37078.0,-4.901,700000.0,0.0,2.51e-07,-11.0,0.0,0.0,0.0,0.0,0.01,0.002,0.004,Location1|TCP|UL|3,TCP,UL,3,9
Location1,2026-08-03 17:42:52.772299,0,15.0,1.0,21.0,385000.0,325.0,0.0,0.0,0.0,761.0,-2.771,25.1,-10.1,1.0,25.0,30700000.0,747.0,53.0,6.0,37213.0,-4.963,700000.0,0.0,2.3800000000000001e-07,-14.0,0.0,0.0,0.0,0.0,0.013,0.002,0.004,Location1|TCP|UL|3,TCP,UL,3,10
Location1,2026-08-03 17:42:53.772230,0,15.0,1.0,21.0,379000.0,359.0,0.0,0.0,7.0,828.0,-2.458,26.3,-8.6,1.0,26.0,35000000.0,794.0,6.0,0.0,37320.0,-4.99,700000.0,0.0,2.1700000000000002e-07,-14.0,0.0,0.0,0.0,0.0,0.01,0.002,0.004,Location1|TCP|UL|3,TCP,UL,3,11
Location1,2026-08-03 17:42:54.772280,0,15.0,1.0,22.0,393000.0,310.0,1.0,0.0,0.0,727.0,-2.287,24.6,-10.7,1.0,24.0,29100000.0,726.0,74.0,9.0,37204.0,-4.99,700000.0,0.0,2.26e-07,-13.0,0.0,0.0,0.0,0.0,0.01,0.002,0.004,Location1|TCP|UL|3,TCP,UL,3,12
Location1,2026-08-03 17:42:55.772214,0,15.0,1.0,22.0,337000.0,317.0,0.0,0.0,7.0,726.0,-1.994,25.8,-9.5,1.0,25.0,33200000.000000004,772.0,28.0,3.0,37327.0,-4.976,700000.0,0.0,2.66e-07,-13.0,0.0,0.0,0.0,0.0,0.01,0.002,0.004,Location1|TCP|UL|3,TCP,UL,3,13
Location1,2026-08-03 17:42:56.772280,0,15.0,1.0,22.0,370000.0,322.0,6.0,1.0,0.0,826.0,-2.299,25.2,-9.6,1.0,25.0,31300000.0,749.0,51.0,6.0,37291.0,-4.99,700000.0,0.0,2.67e-07,-15.0,0.0,0.0,0.0,0.0,0.01,0.002,0.004,Location1|TCP|UL|3,TCP,UL,3,14
Location1,2026-08-03 17:42:57.772317,0,15.0,1.0,22.0,348000.0,317.0,1.0,0.0,0.0,760.0,-2.114,25.0,-9.9,1.0,25.0,31200000.0,746.0,54.0,6.0,37308.0,-4.99,700000.0,0.0,2.49e-07,-17.0,0.0,0.0,0.0,0.0,0.01,0.002,0.004,Location1|TCP|UL|3,TCP,UL,3,15
Location1,2026-08-03 17:42:58.772255,0,15.0,1.0,22.0,295000.0,284.0,1.0,0.0,0.0,674.0,-1.963,24.6,-10.9,1.0,25.0,29200000.0,718.0,82.0,10.0,37122.0,-4.99,700000.0,0.0,2.54e-07,-14.0,0.0,0.0,0.0,0.0,0.01,0.002,0.004,Location1|TCP|UL|3,TCP,UL,3,16
Location1,2026-08-03 17:42:59.772340,0,15.0,1.0,23.0,338000.0,294.0,0.0,0.0,0.0,708.0,-1.695,24.6,-11.0,1.0,25.0,29700000.0,730.0,70.0,8.0,37204.0,-4.997,700000.0,0.0,2.62e-07,-14.0,0.0,0.0,0.0,0.0,0.01,0.002,0.004,Location1|TCP|UL|3,TCP,UL,3,17
Location1,2026-08-03 17:43:00.772270,0,15.0,1.0,23.0,462000.0,312.0,1.0,0.0,0.0,746.0,-1.512,24.8,-11.0,1.0,25.0,30200000.0,738.0,62.0,7.0,37243.0,-4.99,700000.0,0.0,2.7e-07,-14.0,0.0,0.0,0.0,0.0,0.01,0.002,0.004,Location1|TCP|UL|3,TCP,UL,3,18
Location1,2026-08-03 17:43:01.772289,0,15.0,1.0,23.0,439000.0,289.0,2.0,0.0,0.0,665.0,-1.447,24.9,-10.8,1.0,25.0,30900000.0,745.0,55.0,6.0,37296.0,-4.99,700000.0,0.0,2.58e-07,-14.0,0.0,0.0,0.0,0.0,0.01,0.002,0.004,Location1|TCP|UL|3,TCP,UL,3,19
Location1,2026-08-03 17:43:02.772337,0,15.0,1.0,24.0,494000.0,331.0,3.0,0.0,0.0,788.0,-1.443,24.9,-10.7,1.0,25.0,30700000.0,747.0,53.0,6.0,37285.0,-4.99,700000.0,0.0,2.520000000000001e-07,-14.0,0.0,0.0,0.0,0.0,0.01,0.002,0.004,Location1|TCP|UL|3,TCP,UL,3,20
Location1,2026-08-03 17:43:03.772283,0,15.0,1.0,23.0,436000.0,293.0,3.0,1.0,0.0,703.0,-1.47,24.9,-10.8,1.0,25.0,30800000.0,746.0,54.0,6.0,37281.0,-4.99,700000.0,0.0,2.5700000000000004e-07,-13.0,0.0,0.0,0.0,0.0,0.01,0.002,0.004,Location1|TCP|UL|3,TCP,UL,3,21
Location1,2026-08-03 17:43:04.772315,0,15.0,1.0,23.0,479000.0,321.0,3.0,0.0,0.0,733.0,-1.478,25.0,-10.7,1.0,25.0,31200000.0,750.0,50.0,6.0,37301.0,-4.99,700000.0,0.0,2.3700000000000002e-07,-13.0,0.0,0.0,0.0,0.0,0.01,0.002,0.004,Location1|TCP|UL|3,TCP,UL,3,22
Location1,2026-08-03 17:43:18.772336,0,15.0,1.0,27.0,39500000.0,1200.0,0.0,0.0,6010000.0,59046.0,0.005884,27.5,-7.3,1.0,27.0,335000.0,50.0,0.0,0.0,346.0,-4.979,0.0,50.0,2.0500000000000002e-07,-12.0,0.0,0.0,0.0,0.0,0.001,0.02,0.004,Location1|UDP|DL|1,UDP,DL,1,5
Location1,2026-08-03 17:43:19.772406,0,15.0,1.0,27.0,39500000.0,1200.0,0.0,0.0,6020000.0,59037.0,0.005884,27.5,-6.9,1.0,27.0,333000.0,50.0,0.0,0.0,344.0,-4.976,0.0,50.0,2.3600000000000002e-07,-14.0,0.0,0.0,0.0,0.0,0.001,0.02,0.004,Location1|UDP|DL|1,UDP,DL,1,6
Location1,2026-08-03 17:43:20.772257,0,15.0,1.0,27.0,39500000.0,1200.0,0.0,0.0,6020000.0,59046.0,0.005884,27.9,-6.2,1.0,27.0,337000.0,50.0,0.0,0.0,348.0,-4.975,0.0,50.0,2.46e-07,-10.0,0.0,0.0,0.0,0.0,0.001,0.02,0.004,Location1|UDP|DL|1,UDP,DL,1,7
Location1,2026-08-03 17:43:21.772331,0,15.0,1.0,27.0,39500000.0,1200.0,0.0,0.0,6020000.0,59046.0,0.005884,28.1,-4.7,1.0,27.0,339000.0,50.0,0.0,0.0,350.0,-4.975,0.0,50.0,2.55e-07,-4.0,0.0,0.0,0.0,0.0,0.001,0.02,0.004,Location1|UDP|DL|1,UDP,DL,1,8
Location1,2026-08-03 17:43:22.772289,0,15.0,1.0,27.0,39500000.0,1200.0,0.0,0.0,6020000.0,59046.0,0.005884,27.9,-5.8,1.0,27.0,337000.0,50.0,0.0,0.0,348.0,-4.974,0.0,50.0,2.14e-07,-6.0,0.0,0.0,0.0,0.0,0.001,0.02,0.004,Location1|UDP|DL|1,UDP,DL,1,9
Location1,2026-08-03 17:43:23.772315,0,15.0,1.0,27.0,39500000.0,1200.0,0.0,0.0,6020000.0,59037.0,0.005884,28.0,-5.4,1.0,27.0,339000.0,50.0,0.0,0.0,350.0,-4.974,0.0,50.0,2.42e-07,-5.0,0.0,0.0,0.0,0.0,0.001,0.02,0.004,Location1|UDP|DL|1,UDP,DL,1,10
Location1,2026-08-03 17:43:24.772348,0,15.0,1.0,27.0,39500000.0,1200.0,0.0,0.0,6020000.0,59046.0,0.005884,28.1,-4.9,1.0,27.0,339000.0,50.0,1.0,1.0,357.0,-5.0,0.0,50.0,2.46e-07,-5.0,0.0,0.0,0.0,0.0,0.001,0.02,0.004,Location1|UDP|DL|1,UDP,DL,1,11
Location1,2026-08-03 17:43:25.772298,0,15.0,1.0,27.0,39500000.0,1200.0,0.0,0.0,6020000.0,59046.0,0.005884,28.3,-4.1,1.0,27.0,339000.0,50.0,0.0,0.0,350.0,-5.0,0.0,50.0,2.28e-07,-5.0,0.0,0.0,0.0,0.0,0.001,0.02,0.004,Location1|UDP|DL|1,UDP,DL,1,12
Location1,2026-08-03 17:43:26.772388,0,15.0,1.0,27.0,39500000.0,1200.0,0.0,0.0,6020000.0,59046.0,0.005884,28.2,-4.8,1.0,27.0,339000.0,50.0,0.0,0.0,350.0,-5.0,0.0,50.0,2.33e-07,-8.0,0.0,0.0,0.0,0.0,0.001,0.02,0.004,Location1|UDP|DL|1,UDP,DL,1,13
Location1,2026-08-03 17:43:27.772304,0,15.0,1.0,27.0,39500000.0,1200.0,0.0,0.0,6020000.0,59037.0,0.005884,27.9,-6.1,1.0,27.0,339000.0,50.0,0.0,0.0,350.0,-5.0,0.0,50.0,2.3500000000000005e-07,-8.0,0.0,0.0,0.0,0.0,0.001,0.02,0.004,Location1|UDP|DL|1,UDP,DL,1,14
Location1,2026-08-03 17:43:28.772369,0,15.0,1.0,27.0,39500000.0,1200.0,0.0,0.0,6020000.0,59046.0,0.005884,27.8,-6.1,1.0,27.0,339000.0,50.0,0.0,0.0,350.0,-5.0,0.0,50.0,2.43e-07,-8.0,0.0,0.0,0.0,0.0,0.001,0.02,0.004,Location1|UDP|DL|1,UDP,DL,1,15
Location1,2026-08-03 17:43:29.772239,0,15.0,1.0,27.0,39500000.0,1200.0,0.0,0.0,6020000.0,59046.0,0.005884,27.9,-5.6,1.0,27.0,339000.0,50.0,0.0,0.0,350.0,-5.0,0.0,50.0,2.4500000000000004e-07,-6.0,0.0,0.0,0.0,0.0,0.001,0.02,0.004,Location1|UDP|DL|1,UDP,DL,1,16
Location1,2026-08-03 17:43:30.772289,0,15.0,1.0,27.0,39500000.0,1200.0,0.0,0.0,6020000.0,59046.0,0.005884,28.2,-4.5,1.0,27.0,339000.0,50.0,0.0,0.0,350.0,-5.0,0.0,50.0,2.28e-07,-5.0,0.0,0.0,0.0,0.0,0.001,0.02,0.004,Location1|UDP|DL|1,UDP,DL,1,17
Location1,2026-08-03 17:43:31.772363,0,15.0,1.0,27.0,39500000.0,1200.0,0.0,0.0,6020000.0,59037.0,0.005884,28.3,-4.3,1.0,27.0,339000.0,50.0,0.0,0.0,350.0,-5.0,0.0,50.0,2.28e-07,-5.0,0.0,0.0,0.0,0.0,0.001,0.02,0.004,Location1|UDP|DL|1,UDP,DL,1,18
Location1,2026-08-03 17:43:32.772335,0,15.0,1.0,27.0,39500000.0,1200.0,0.0,0.0,6020000.0,59046.0,0.005884,28.2,-4.7,1.0,27.0,337000.0,50.0,0.0,0.0,348.0,-4.999,0.0,50.0,2.09e-07,-7.0,0.0,0.0,0.0,0.0,0.001,0.02,0.004,Location1|UDP|DL|1,UDP,DL,1,19
Location1,2026-08-03 17:43:33.772376,0,15.0,1.0,27.0,39500000.0,1200.0,0.0,0.0,4120000.0,59046.0,0.005884,28.1,-5.0,1.0,27.0,339000.0,50.0,0.0,0.0,350.0,-4.999,0.0,50.0,2.21e-07,-7.0,0.0,0.0,0.0,0.0,0.001,0.02,0.004,Location1|UDP|DL|1,UDP,DL,1,20
Location1,2026-08-03 17:43:43.772368,0,15.0,1.0,27.0,39500000.0,1200.0,0.0,0.0,6020000.0,59037.0,0.006879,28.1,-4.4,1.0,27.0,339000.0,50.0,0.0,0.0,350.0,-4.988,0.0,50.0,2.58e-07,-8.0,0.0,0.0,0.0,0.0,0.001,0.02,0.004,Location1|UDP|DL|2,UDP,DL,2,5
Location1,2026-08-03 17:43:44.772327,0,15.0,1.0,27.0,39500000.0,1200.0,0.0,0.0,6020000.0,59046.0,0.006879,28.1,-4.4,1.0,27.0,339000.0,50.0,0.0,0.0,350.0,-4.988,0.0,50.0,2.51e-07,-8.0,0.0,0.0,0.0,0.0,0.001,0.02,0.004,Location1|UDP|DL|2,UDP,DL,2,6
Location1,2026-08-03 17:43:45.772362,0,15.0,1.0,27.0,39400000.0,1199.0,1.0,0.0,6020000.0,59046.0,0.008879,28.1,-4.4,1.0,27.0,339000.0,50.0,0.0,0.0,350.0,-4.988,0.0,50.0,2.400000000000001e-07,-8.0,0.0,0.0,0.0,0.0,0.001,0.02,0.00401,Location1|UDP|DL|2,UDP,DL,2,7
Location1,2026-08-03 17:43:46.772319,0,15.0,1.0,27.0,39500000.0,1200.0,0.0,0.0,6020000.0,59046.0,0.008879,28.1,-4.5,1.0,27.0,339000.0,50.0,0.0,0.0,350.0,-4.988,0.0,50.0,2.46e-07,-8.0,0.0,0.0,0.0,0.0,0.001,0.02,0.004,Location1|UDP|DL|2,UDP,DL,2,8
Location1,2026-08-03 17:43:47.772336,0,15.0,1.0,21.0,30900000.0,1127.0,73.0,6.0,6080000.0,59037.0,-3.994,28.1,-4.6,1.0,27.0,332000.0,49.0,0.0,0.0,343.0,-4.988,0.0,49.0,2.54e-07,-8.0,0.0,0.0,0.0,0.0,0.001,0.04,0.004,Location1|UDP|DL|2,UDP,DL,2,9
Location1,2026-08-03 17:43:48.772461,0,15.0,1.0,19.0,27100000.0,1125.0,75.0,6.0,6080000.0,59046.0,-3.994,28.1,-4.6,1.0,27.0,339000.0,50.0,0.0,0.0,350.0,-4.988,0.0,50.0,2.590000000000001e-07,-8.0,0.0,0.0,0.0,0.0,0.001,0.02,0.004,Location1|UDP|DL|2,UDP,DL,2,10
Location1,2026-08-03 17:43:49.772383,0,15.0,1.0,19.0,27100000.0,1125.0,75.0,6.0,6080000.0,59046.0,-3.994,28.1,-4.7,1.0,27.0,339000.0,50.0,0.0,0.0,350.0,-4.988,0.0,50.0,2.43e-07,-9.0,0.0,0.0,0.0,0.0,0.001,0.02,0.004,Location1|UDP|DL|2,UDP,DL,2,11
Location1,2026-08-03 17:43:50.772384,0,15.0,1.0,19.0,27100000.0,1131.0,69.0,5.0,6080000.0,59046.0,-3.994,27.9,-4.8,1.0,27.0,339000.0,50.0,0.0,0.0,350.0,-4.988,0.0,50.0,2.43e-07,-7.0,0.0,0.0,0.0,0.0,0.001,0.02,0.004,Location1|UDP|DL|2,UDP,DL,2,12
Location1,2026-08-03 17:43:51.772336,0,15.0,1.0,19.0,27100000.0,1129.0,71.0,5.0,6080000.0,59037.0,-3.994,28.2,-4.4,1.0,27.0,339000.0,50.0,0.0,0.0,350.0,-4.988,0.0,50.0,2.39e-07,-7.0,0.0,0.0,0.0,0.0,0.001,0.02,0.004,Location1|UDP|DL|2,UDP,DL,2,13
Location1,2026-08-03 17:43:52.772433,0,15.0,1.0,19.0,27100000.0,1125.0,75.0,6.0,6080000.0,59046.0,-3.994,28.2,-4.0,1.0,27.0,339000.0,50.0,0.0,0.0,350.0,-4.988,0.0,50.0,2.3000000000000002e-07,-6.0,0.0,0.0,0.0,0.0,0.001,0.02,0.004,Location1|UDP|DL|2,UDP,DL,2,14
Location1,2026-08-03 17:43:53.772421,0,15.0,1.0,19.0,27300000.0,1146.0,54.0,4.0,6080000.0,59046.0,-3.994,28.3,-3.5,1.0,27.0,339000.0,50.0,0.0,0.0,350.0,-4.988,0.0,50.0,2.400000000000001e-07,-5.0,0.0,0.0,0.0,0.0,0.001,0.02,0.004,Location1|UDP|DL|2,UDP,DL,2,15
Location1,2026-08-03 17:43:54.772368,0,15.0,1.0,19.0,27200000.0,1134.0,66.0,5.0,6080000.0,59046.0,-3.994,28.1,-4.8,1.0,27.0,339000.0,50.0,0.0,0.0,350.0,-4.988,0.0,50.0,2.400000000000001e-07,-6.0,0.0,0.0,0.0,0.0,0.001,0.02,0.004,Location1|UDP|DL|2,UDP,DL,2,16
Location1,2026-08-03 17:43:55.772421,0,15.0,1.0,19.0,27200000.0,1141.0,59.0,4.0,6070000.0,59037.0,-3.994,28.1,-4.6,1.0,27.0,339000.0,50.0,0.0,0.0,350.0,-4.988,0.0,50.0,2.49e-07,-8.0,0.0,0.0,0.0,0.0,0.001,0.02,0.004,Location1|UDP|DL|2,UDP,DL,2,17
Location1,2026-08-03 17:43:56.772379,0,15.0,1.0,19.0,27200000.0,1135.0,65.0,5.0,6070000.0,59046.0,-3.994,28.1,-5.3,1.0,27.0,339000.0,50.0,0.0,0.0,350.0,-4.988,0.0,50.0,2.51e-07,-7.0,0.0,0.0,0.0,0.0,0.001,0.02,0.004,Location1|UDP|DL|2,UDP,DL,2,18
Location1,2026-08-03 17:43:57.772446,0,15.0,1.0,19.0,27100000.0,1125.0,75.0,6.0,6070000.0,59046.0,-3.994,27.9,-5.6,1.0,27.0,339000.0,50.0,0.0,0.0,350.0,-4.988,0.0,50.0,2.53e-07,-8.0,0.0,0.0,0.0,0.0,0.001,0.02,0.004,Location1|UDP|DL|2,UDP,DL,2,19
Location1,2026-08-03 17:43:58.772451,0,15.0,1.0,19.0,27100000.0,1125.0,75.0,6.0,6070000.0,59046.0,-3.994,27.9,-5.7,1.0,27.0,339000.0,50.0,0.0,0.0,350.0,-4.988,0.0,50.0,2.33e-07,-8.0,0.0,0.0,0.0,0.0,0.001,0.02,0.004,Location1|UDP|DL|2,UDP,DL,2,20
Location1,2026-08-03 17:44:08.772390,0,15.0,1.0,27.0,39500000.0,1200.0,0.0,0.0,6020000.0,59046.0,0.006892,28.6,-2.7,1.0,27.0,339000.0,50.0,0.0,0.0,350.0,-4.988,0.0,50.0,2.22e-07,-9.0,0.0,0.0,0.0,0.0,0.001,0.02,0.004,Location1|UDP|DL|3,UDP,DL,3,5
Location1,2026-08-03 17:44:09.772477,0,15.0,1.0,27.0,39400000.0,1199.0,1.0,0.0,6020000.0,59046.0,0.008892,28.5,-2.7,1.0,27.0,339000.0,50.0,0.0,0.0,350.0,-4.988,0.0,50.0,2.2900000000000005e-07,-9.0,0.0,0.0,0.0,0.0,0.001,0.02,0.004,Location1|UDP|DL|3,UDP,DL,3,6
Location1,2026-08-03 17:44:10.772499,0,15.0,1.0,27.0,39500000.0,1200.0,0.0,0.0,6020000.0,59046.0,0.008892,28.4,-2.8,1.0,27.0,339000.0,50.0,0.0,0.0,350.0,-4.988,0.0,50.0,2.28e-07,-9.0,0.0,0.0,0.0,0.0,0.001,0.02,0.004,Location1|UDP|DL|3,UDP,DL,3,7
Location1,2026-08-03 17:44:11.772422,0,15.0,1.0,27.0,39500000.0,1200.0,0.0,0.0,6010000.0,59037.0,0.008892,28.5,-2.9,1.0,27.0,339000.0,50.0,0.0,0.0,350.0,-4.988,0.0,50.0,2.08e-07,-9.0,0.0,0.0,0.0,0.0,0.001,0.02,0.004,Location1|UDP|DL|3,UDP,DL,3,8
Location1,2026-08-03 17:44:12.772486,0,15.0,1.0,27.0,39500000.0,1200.0,0.0,0.0,6020000.0,59046.0,0.008892,28.5,-2.8,1.0,27.0,339000.0,50.0,0.0,0.0,350.0,-4.988,0.0,50.0,2.26e-07,-8.0,0.0,0.0,0.0,0.0,0.001,0.02,0.004,Location1|UDP|DL|3,UDP,DL,3,9
Location1,2026-08-03 17:44:13.772425,0,15.0,1.0,27.0,39500000.0,1200.0,0.0,0.0,6020000.0,59046.0,0.008892,28.5,-2.8,1.0,27.0,339000.0,50.0,0.0,0.0,350.0,-4.988,0.0,50.0,2.54e-07,-9.0,0.0,0.0,0.0,0.0,0.001,0.02,0.004,Location1|UDP|DL|3,UDP,DL,3,10
Location1,2026-08-03 17:44:14.772477,0,15.0,1.0,27.0,39400000.0,1199.0,1.0,0.0,6020000.0,59046.0,0.008892,28.4,-2.8,1.0,27.0,337000.0,50.0,0.0,0.0,348.0,-4.987,0.0,50.0,2.520000000000001e-07,-9.0,0.0,0.0,0.0,0.0,0.001,0.02,0.004,Location1|UDP|DL|3,UDP,DL,3,11
Location1,2026-08-03 17:44:15.772501,0,15.0,1.0,27.0,39500000.0,1200.0,0.0,0.0,6020000.0,59037.0,0.008892,28.5,-2.8,1.0,27.0,339000.0,50.0,0.0,0.0,350.0,-4.987,0.0,50.0,2.0500000000000002e-07,-8.0,0.0,0.0,0.0,0.0,0.001,0.02,0.004,Location1|UDP|DL|3,UDP,DL,3,12
Location1,2026-08-03 17:44:16.772460,0,15.0,1.0,27.0,39400000.0,1199.0,1.0,0.0,6020000.0,59046.0,0.008892,28.5,-2.7,1.0,27.0,339000.0,50.0,0.0,0.0,350.0,-4.987,0.0,50.0,2.16e-07,-8.0,0.0,0.0,0.0,0.0,0.001,0.02,0.004,Location1|UDP|DL|3,UDP,DL,3,13
Location1,2026-08-03 17:44:17.772504,0,15.0,1.0,27.0,39500000.0,1200.0,0.0,0.0,6020000.0,59046.0,0.008892,28.5,-2.7,1.0,27.0,339000.0,50.0,0.0,0.0,350.0,-4.987,0.0,50.0,2.51e-07,-8.0,0.0,0.0,0.0,0.0,0.001,0.02,0.004,Location1|UDP|DL|3,UDP,DL,3,14
Location1,2026-08-03 17:44:18.772456,0,15.0,1.0,27.0,39500000.0,1200.0,0.0,0.0,6020000.0,59046.0,0.008892,28.5,-2.8,1.0,27.0,339000.0,50.0,0.0,0.0,350.0,-4.987,0.0,50.0,2.58e-07,-8.0,0.0,0.0,0.0,0.0,0.001,0.02,0.004,Location1|UDP|DL|3,UDP,DL,3,15
Location1,2026-08-03 17:44:19.772497,0,15.0,1.0,27.0,39500000.0,1200.0,0.0,0.0,6010000.0,59037.0,0.008892,28.4,-2.9,1.0,27.0,339000.0,50.0,0.0,0.0,350.0,-4.987,0.0,50.0,2.62e-07,-9.0,0.0,0.0,0.0,0.0,0.001,0.02,0.004,Location1|UDP|DL|3,UDP,DL,3,16
Location1,2026-08-03 17:44:20.772434,0,15.0,1.0,27.0,39400000.0,1199.0,1.0,0.0,6010000.0,59046.0,0.005892,28.5,-2.9,1.0,27.0,339000.0,50.0,0.0,0.0,350.0,-4.987,0.0,50.0,2.43e-07,-7.0,0.0,0.0,0.0,0.0,0.001,0.02,0.004,Location1|UDP|DL|3,UDP,DL,3,17
Location1,2026-08-03 17:44:21.772503,0,15.0,1.0,27.0,39500000.0,1200.0,0.0,0.0,6020000.0,59046.0,0.005892,28.4,-3.1,1.0,27.0,339000.0,50.0,0.0,0.0,350.0,-4.987,0.0,50.0,2.49e-07,-7.0,0.0,0.0,0.0,0.0,0.001,0.02,0.004,Location1|UDP|DL|3,UDP,DL,3,18
Location1,2026-08-03 17:44:22.772542,0,15.0,1.0,27.0,39500000.0,1200.0,0.0,0.0,6020000.0,59046.0,0.005892,28.2,-3.2,1.0,27.0,337000.0,50.0,0.0,0.0,348.0,-4.986,0.0,50.0,2.53e-07,-6.0,0.0,0.0,0.0,0.0,0.001,0.02,0.004,Location1|UDP|DL|3,UDP,DL,3,19
Location1,2026-08-03 17:44:23.772466,0,15.0,1.0,27.0,39500000.0,1200.0,0.0,0.0,6020000.0,59037.0,0.005892,28.3,-3.8,1.0,27.0,339000.0,50.0,0.0,0.0,350.0,-4.986,0.0,50.0,2.4500000000000004e-07,-6.0,0.0,0.0,0.0,0.0,0.001,0.02,0.004,Location1|UDP|DL|3,UDP,DL,3,20
Location1,2026-08-03 17:44:37.772475,0,14.0,1.0,22.0,148000.0,100.0,0.0,0.0,0.0,200.0,-1.176,26.3,-9.0,1.0,26.0,35400000.0,793.0,7.0,0.0,37514.0,-4.629,700000.0,0.0,2.61e-07,-14.0,0.0,0.0,0.0,0.0,0.01,0.002,0.004,Location1|UDP|UL|1,UDP,UL,1,5
Location1,2026-08-03 17:44:38.772518,0,14.0,1.0,22.0,148000.0,100.0,0.0,0.0,0.0,200.0,-1.076,26.4,-9.1,1.0,26.0,35800000.0,797.0,3.0,0.0,37550.0,-4.413,700000.0,0.0,2.1900000000000002e-07,-14.0,0.0,0.0,0.0,0.0,0.01,0.002,0.004,Location1|UDP|UL|1,UDP,UL,1,6
Location1,2026-08-03 17:44:39.772607,0,14.0,1.0,22.0,147000.0,100.0,1.0,0.0,0.0,202.0,-1.075,26.5,-8.7,1.0,26.0,35900000.0,794.0,6.0,0.0,37549.0,-4.632,700000.0,0.0,2.26e-07,-13.0,0.0,0.0,0.0,0.0,0.01,0.002,0.004,Location1|UDP|UL|1,UDP,UL,1,7
Location1,2026-08-03 17:44:40.772514,0,14.0,1.0,22.0,146000.0,100.0,1.0,0.0,0.0,202.0,-1.074,26.0,-9.4,1.0,26.0,34500000.0,786.0,14.0,1.0,37551.0,-4.894,700000.0,0.0,2.56e-07,-17.0,0.0,0.0,0.0,0.0,0.01,0.002,0.004,Location1|UDP|UL|1,UDP,UL,1,8
Location1,2026-08-03 17:44:41.772557,0,14.0,1.0,22.0,121000.0,99.0,1.0,1.0,0.0,200.0,-1.074,25.7,-9.8,1.0,26.0,33500000.0,770.0,30.0,3.0,37455.0,-4.956,700000.0,0.0,2.470000000000001e-07,-22.0,0.0,0.0,0.0,0.0,0.021,0.002,0.004,Location1|UDP|UL|1,UDP,UL,1,9
Location1,2026-08-03 17:44:42.772503,0,14.0,1.0,22.0,35200.0,100.0,2.0,1.0,0.0,204.0,-1.172,26.6,-8.8,1.0,26.0,35900000.0,800.0,0.0,0.0,37498.0,-4.479,700000.0,0.0,2.640000000000001e-07,-23.0,0.0,0.0,0.0,0.0,0.01,0.002,0.004,Location1|UDP|UL|1,UDP,UL,1,10
Location1,2026-08-03 17:44:43.772520,0,14.0,1.0,22.0,35100.0,100.0,1.0,0.0,0.0,202.0,-1.171,26.6,-8.5,1.0,27.0,36000000.0,797.0,3.0,0.0,37499.0,-4.428,700000.0,0.0,2.4500000000000004e-07,-14.0,0.0,0.0,0.0,0.0,0.01,0.002,0.004,Location1|UDP|UL|1,UDP,UL,1,11
Location1,2026-08-03 17:44:44.772628,0,13.0,1.0,19.0,30400.0,100.0,19.0,15.0,0.0,238.0,-2.952,25.9,-9.2,1.0,26.0,33700000.0,768.0,32.0,4.0,37481.0,-4.939,700000.0,0.0,2.5000000000000004e-07,-17.0,0.0,0.0,0.0,0.0,0.01,0.002,0.004,Location1|UDP|UL|1,UDP,UL,1,12
Location1,2026-08-03 17:44:45.772530,0,13.0,1.0,17.0,27600.0,100.0,1.0,0.0,0.0,202.0,-2.951,25.8,-9.4,1.0,26.0,33400000.0,769.0,31.0,3.0,37499.0,-4.976,700000.0,0.0,2.27e-07,-17.0,0.0,0.0,0.0,0.0,0.01,0.002,0.004,Location1|UDP|UL|1,UDP,UL,1,13
Location1,2026-08-03 17:44:46.772588,0,14.0,1.0,19.0,30000.0,100.0,0.0,0.0,0.0,200.0,-2.851,26.4,-8.6,1.0,26.0,35600000.0,797.0,3.0,0.0,37500.0,-4.726,700000.0,0.0,2.3500000000000005e-07,-15.0,0.0,0.0,0.0,0.0,0.01,0.002,0.004,Location1|UDP|UL|1,UDP,UL,1,14
Location1,2026-08-03 17:44:47.772517,0,14.0,1.0,18.0,29500.0,100.0,17.0,14.0,0.0,234.0,-3.997,26.4,-8.6,1.0,26.0,35400000.0,794.0,6.0,0.0,37481.0,-4.789,700000.0,0.0,2.42e-07,-17.0,0.0,0.0,0.0,0.0,0.01,0.002,0.004,Location1|UDP|UL|1,UDP,UL,1,15
Location1,2026-08-03 17:44:48.772569,0,14.0,1.0,17.0,48400.0,100.0,26.0,20.0,0.0,250.0,-3.976,26.4,-8.5,1.0,26.0,35600000.0,798.0,2.0,0.0,37463.0,-4.459,700000.0,0.0,2.58e-07,-19.0,0.0,0.0,0.0,0.0,0.01,0.002,0.004,Location1|UDP|UL|1,UDP,UL,1,16
Location1,2026-08-03 17:44:49.772619,0,14.0,1.0,17.0,110000.0,99.0,0.0,0.0,0.0,198.0,-3.904,26.4,-8.6,1.0,26.0,35200000.0,787.0,13.0,1.0,37415.0,-4.659,700000.0,0.0,2.54e-07,-15.0,0.0,0.0,0.0,0.0,0.02,0.002,0.004,Location1|UDP|UL|1,UDP,UL,1,17
Location1,2026-08-03 17:44:50.772580,0,14.0,1.0,17.0,111000.0,100.0,0.0,0.0,0.0,200.0,-3.854,26.1,-9.1,1.0,26.0,34400000.0,782.0,18.0,2.0,37448.0,-4.859,700000.0,0.0,2.61e-07,-21.0,0.0,0.0,0.0,0.0,0.01,0.002,0.004,Location1|UDP|UL|1,UDP,UL,1,18
Location1,2026-08-03 17:44:51.772629,0,14.0,1.0,17.0,111000.0,100.0,0.0,0.0,0.0,200.0,-3.804,27.0,-7.9,1.0,27.0,36200000.0,798.0,2.0,0.0,37450.0,-4.806,700000.0,0.0,2.470000000000001e-07,-18.0,0.0,0.0,0.0,0.0,0.01,0.002,0.004,Location1|UDP|UL|1,UDP,UL,1,19
Location1,2026-08-03 17:44:52.772549,0,14.0,1.0,17.0,111000.0,100.0,0.0,0.0,0.0,200.0,-3.754,26.6,-8.2,1.0,26.0,36000000.0,800.0,0.0,0.0,37450.0,-4.393,700000.0,0.0,2.44e-07,-19.0,0.0,0.0,0.0,0.0,0.01,0.002,0.004,Location1|UDP|UL|1,UDP,UL,1,20
Location1,2026-08-03 17:45:01.772663,0,14.0,1.0,17.0,27600.0,100.0,0.0,0.0,0.0,200.0,-3.187,26.3,-9.0,1.0,26.0,35300000.0,795.0,5.0,0.0,37442.0,-4.73,700000.0,0.0,2.62e-07,-14.0,0.0,0.0,0.0,0.0,0.01,0.002,0.004,Location1|UDP|UL|2,UDP,UL,2,5
Location1,2026-08-03 17:45:02.772550,0,14.0,1.0,18.0,28100.0,100.0,0.0,0.0,0.0,200.0,-3.087,26.3,-9.1,1.0,26.0,35300000.0,795.0,5.0,0.0,37450.0,-4.554,468000.0,0.0,2.470000000000001e-07,-13.0,0.0,0.0,0.0,0.0,0.01,0.002,0.004,Location1|UDP|UL|2,UDP,UL,2,6
Location1,2026-08-03 17:45:03.772617,0,14.0,1.0,18.0,28700.0,100.0,0.0,0.0,0.0,200.0,-2.987,25.9,-9.6,1.0,26.0,34100000.0,783.0,17.0,2.0,37450.0,-4.976,700000.0,0.0,2.54e-07,-13.0,0.0,0.0,0.0,0.0,0.01,0.002,0.004,Location1|UDP|UL|2,UDP,UL,2,7
Location1,2026-08-03 17:45:04.772580,0,14.0,1.0,18.0,29500.0,100.0,1.0,0.0,0.0,202.0,-2.986,25.9,-9.5,1.0,26.0,33900000.0,782.0,18.0,2.0,37440.0,-4.934,700000.0,0.0,2.62e-07,-15.0,0.0,0.0,0.0,0.0,0.01,0.002,0.004,Location1|UDP|UL|2,UDP,UL,2,8
Location1,2026-08-03 17:45:05.772624,0,14.0,1.0,19.0,30100.0,100.0,0.0,0.0,0.0,200.0,-2.886,25.7,-9.6,1.0,25.0,34100000.0,788.0,12.0,1.0,37450.0,-4.963,700000.0,0.0,2.590000000000001e-07,-14.0,0.0,0.0,0.0,0.0,0.01,0.002,0.004,Location1|UDP|UL|2,UDP,UL,2,9
Location1,2026-08-03 17:45:06.772658,0,14.0,1.0,19.0,29900.0,100.0,0.0,0.0,0.0,200.0,-2.786,25.4,-9.9,1.0,25.0,32200000.000000004,758.0,42.0,5.0,37450.0,-4.99,700000.0,0.0,2.1800000000000002e-07,-9.0,0.0,0.0,0.0,0.0,0.01,0.002,0.004,Location1|UDP|UL|2,UDP,UL,2,10
Location1,2026-08-03 17:45:07.772573,0,14.0,1.0,19.0,30400.0,100.0,0.0,0.0,0.0,200.0,-2.686,25.1,-10.2,1.0,25.0,31200000.0,742.0,58.0,7.0,37443.0,-4.99,700000.0,0.0,2.16e-07,-9.0,0.0,0.0,0.0,0.0,0.01,0.002,0.004,Location1|UDP|UL|2,UDP,UL,2,11
Location1,2026-08-03 17:45:08.772651,0,14.0,1.0,19.0,30400.0,100.0,0.0,0.0,0.0,200.0,-2.586,25.1,-10.3,1.0,25.0,30800000.0,734.0,66.0,8.0,37429.0,-4.99,700000.0,0.0,2.27e-07,-8.0,0.0,0.0,0.0,0.0,0.01,0.002,0.004,Location1|UDP|UL|2,UDP,UL,2,12
Location1,2026-08-03 17:45:09.772570,0,14.0,1.0,19.0,30600.0,100.0,0.0,0.0,0.0,200.0,-2.486,25.2,-10.3,1.0,25.0,31300000.0,743.0,57.0,7.0,37446.0,-4.996,700000.0,0.0,2.3500000000000005e-07,-8.0,0.0,0.0,0.0,0.0,0.01,0.002,0.004,Location1|UDP|UL|2,UDP,UL,2,13
Location1,2026-08-03 17:45:10.772618,0,14.0,1.0,20.0,32000.0,100.0,0.0,0.0,0.0,200.0,-2.386,25.3,-10.3,1.0,25.0,31300000.0,743.0,57.0,7.0,37444.0,-4.99,700000.0,0.0,2.42e-07,-8.0,0.0,0.0,0.0,0.0,0.01,0.002,0.004,Location1|UDP|UL|2,UDP,UL,2,14
Location1,2026-08-03 17:45:11.772577,0,14.0,1.0,20.0,32000.0,100.0,0.0,0.0,0.0,200.0,-2.286,25.4,-10.4,1.0,25.0,32000000.0,752.0,48.0,6.0,37428.0,-4.99,700000.0,0.0,2.49e-07,-9.0,0.0,0.0,0.0,0.0,0.01,0.002,0.004,Location1|UDP|UL|2,UDP,UL,2,15
Location1,2026-08-03 17:45:12.772630,0,14.0,1.0,20.0,126000.0,99.0,2.0,1.0,0.0,200.0,-2.433,25.4,-9.8,1.0,25.0,31200000.0,731.0,69.0,8.0,37373.0,-4.991,700000.0,0.0,2.58e-07,-7.0,0.0,0.0,0.0,0.0,0.027,0.002,0.004,Location1|UDP|UL|2,UDP,UL,2,16
Location1,2026-08-03 17:45:13.772665,0,14.0,1.0,20.0,132000.0,100.0,0.0,0.0,0.0,200.0,-2.383,25.8,-9.8,1.0,26.0,32600000.0,755.0,45.0,5.0,37443.0,-4.962,700000.0,0.0,2.66e-07,-7.0,0.0,0.0,0.0,0.0,0.01,0.002,0.004,Location1|UDP|UL|2,UDP,UL,2,17
Location1,2026-08-03 17:45:14.772603,0,14.0,1.0,20.0,132000.0,100.0,0.0,0.0,0.0,200.0,-2.333,25.8,-9.9,1.0,26.0,33400000.0,770.0,30.0,3.0,37443.0,-4.99,700000.0,0.0,2.73e-07,-6.0,0.0,0.0,0.0,0.0,0.01,0.002,0.004,Location1|UDP|UL|2,UDP,UL,2,18
Location1,2026-08-03 17:45:15.772642,0,14.0,1.0,20.0,132000.0,100.0,0.0,0.0,0.0,200.0,-2.283,25.6,-10.3,1.0,25.0,32000000.0,746.0,54.0,6.0,37422.0,-4.996,700000.0,0.0,2.53e-07,-6.0,0.0,0.0,0.0,0.0,0.01,0.002,0.004,Location1|UDP|UL|2,UDP,UL,2,19
Location1,2026-08-03 17:45:16.772614,0,14.0,1.0,20.0,132000.0,100.0,0.0,0.0,0.0,200.0,-2.233,24.8,-11.6,1.0,25.0,30100000.0,719.0,81.0,10.0,37289.0,-4.996,700000.0,0.0,2.54e-07,-5.0,0.0,0.0,0.0,0.0,0.01,0.002,0.004,Location1|UDP|UL|2,UDP,UL,2,20
Location1,2026-08-03 17:45:25.772695,0,14.0,1.0,17.0,116000.0,100.0,0.0,0.0,0.0,200.0,-3.834,24.7,-11.4,1.0,25.0,29300000.0,715.0,85.0,10.0,37185.0,-4.99,700000.0,0.0,2.61e-07,-11.0,0.0,0.0,0.0,0.0,0.01,0.002,0.004,Location1|UDP|UL|3,UDP,UL,3,5
Location1,2026-08-03 17:45:26.772655,0,14.0,1.0,17.0,116000.0,100.0,0.0,0.0,0.0,200.0,-3.734,25.5,-10.8,1.0,25.0,32300000.0,756.0,44.0,5.0,37450.0,-4.99,700000.0,0.0,2.2900000000000005e-07,-10.0,0.0,0.0,0.0,0.0,0.01,0.002,0.004,Location1|UDP|UL|3,UDP,UL,3,6
Location1,2026-08-03 17:45:27.772687,0,14.0,1.0,17.0,115000.0,100.0,0.0,0.0,0.0,200.0,-3.634,24.6,-11.6,1.0,24.0,28400000.0,709.0,91.0,11.0,37173.0,-4.997,700000.0,0.0,2.3700000000000002e-07,-9.0,0.0,0.0,0.0,0.0,0.01,0.002,0.004,Location1|UDP|UL|3,UDP,UL,3,7
Location1,2026-08-03 17:45:28.772617,0,14.0,1.0,17.0,116000.0,100.0,0.0,0.0,0.0,200.0,-3.534,25.0,-11.4,1.0,25.0,30600000.0,730.0,70.0,8.0,37297.0,-4.99,700000.0,0.0,2.3000000000000002e-07,-11.0,0.0,0.0,0.0,0.0,0.01,0.002,0.004,Location1|UDP|UL|3,UDP,UL,3,8
Location1,2026-08-03 17:45:29.772681,0,14.0,1.0,18.0,120000.0,100.0,0.0,0.0,0.0,200.0,-3.434,25.2,-10.8,1.0,25.0,31200000.0,741.0,59.0,7.0,37274.0,-4.99,700000.0,0.0,2.3500000000000005e-07,-11.0,0.0,0.0,0.0,0.0,0.01,0.002,0.004,Location1|UDP|UL|3,UDP,UL,3,9
Location1,2026-08-03 17:45:30.772705,0,14.0,1.0,18.0,122000.0,100.0,0.0,0.0,0.0,200.0,-3.334,25.6,-10.5,1.0,25.0,32600000.0,763.0,37.0,4.0,37450.0,-4.963,700000.0,0.0,2.2400000000000002e-07,-11.0,0.0,0.0,0.0,0.0,0.01,0.002,0.004,Location1|UDP|UL|3,UDP,UL,3,10
Location1,2026-08-03 17:45:31.772646,0,14.0,1.0,18.0,119000.0,98.0,0.0,0.0,0.0,198.0,-3.235,25.7,-10.4,1.0,26.0,32700000.000000004,757.0,43.0,5.0,37459.0,-4.976,700000.0,0.0,2.3000000000000002e-07,-11.0,0.0,0.0,0.0,0.0,0.025,0.002,0.004,Location1|UDP|UL|3,UDP,UL,3,11
Location1,2026-08-03 17:45:32.772680,0,14.0,1.0,18.0,122000.0,100.0,0.0,0.0,0.0,200.0,-3.135,25.8,-10.4,1.0,26.0,33300000.0,768.0,32.0,4.0,37550.0,-4.962,700000.0,0.0,2.0700000000000001e-07,-11.0,0.0,0.0,0.0,0.0,0.01,0.002,0.004,Location1|UDP|UL|3,UDP,UL,3,12
Location1,2026-08-03 17:45:33.772618,0,14.0,1.0,18.0,122000.0,100.0,0.0,0.0,0.0,200.0,-3.035,26.1,-10.1,1.0,26.0,34900000.0,792.0,8.0,1.0,37550.0,-4.669,700000.0,0.0,2.1300000000000001e-07,-11.0,0.0,0.0,0.0,0.0,0.01,0.002,0.004,Location1|UDP|UL|3,UDP,UL,3,13
Location1,2026-08-03 17:45:34.772717,0,14.0,1.0,19.0,126000.0,100.0,0.0,0.0,0.0,200.0,-2.935,26.1,-9.9,1.0,26.0,35300000.0,795.0,5.0,0.0,37550.0,-4.536,700000.0,0.0,2.1800000000000002e-07,-10.0,0.0,0.0,0.0,0.0,0.01,0.002,0.004,Location1|UDP|UL|3,UDP,UL,3,14
Location1,2026-08-03 17:45:35.772708,0,14.0,1.0,18.0,118000.0,100.0,0.0,0.0,0.0,211.0,-2.875,24.9,-11.3,1.0,25.0,30100000.0,713.0,87.0,10.0,37287.0,-4.99,700000.0,0.0,2.44e-07,-10.0,0.0,2.0,0.0,0.0,0.013,0.002,0.004,Location1|UDP|UL|3,UDP,UL,3,15
Location1,2026-08-03 17:45:36.772665,0,14.0,1.0,19.0,128000.0,100.0,0.0,0.0,0.0,200.0,-2.775,25.5,-10.3,1.0,25.0,31200000.0,732.0,68.0,8.0,37439.0,-4.99,700000.0,0.0,2.68e-07,-12.0,0.0,0.0,0.0,0.0,0.01,0.002,0.004,Location1|UDP|UL|3,UDP,UL,3,16
Location1,2026-08-03 17:45:37.772740,0,14.0,1.0,19.0,119000.0,100.0,3.0,2.0,0.0,206.0,-2.972,24.8,-11.4,1.0,25.0,29600000.0,713.0,87.0,10.0,37253.0,-4.994,700000.0,0.0,2.75e-07,-12.0,0.0,0.0,0.0,0.0,0.011,0.002,0.004,Location1|UDP|UL|3,UDP,UL,3,17
Location1,2026-08-03 17:45:38.772652,0,14.0,1.0,17.0,27400.0,100.0,15.0,13.0,0.0,230.0,-3.997,25.2,-10.8,1.0,25.0,30600000.0,725.0,75.0,9.0,37389.0,-4.996,700000.0,0.0,2.49e-07,-11.0,0.0,0.0,0.0,0.0,0.01,0.002,0.004,Location1|UDP|UL|3,UDP,UL,3,18
Location1,2026-08-03 17:45:39.772702,0,14.0,1.0,16.0,25800.0,99.0,25.0,20.0,0.0,248.0,-3.997,24.7,-11.4,1.0,25.0,28500000.0,704.0,96.0,12.0,37212.0,-4.99,700000.0,0.0,2.3700000000000002e-07,-10.0,0.0,0.0,0.0,0.0,0.01,0.002,0.004,Location1|UDP|UL|3,UDP,UL,3,19
Location1,2026-08-03 17:45:40.772694,0,14.0,1.0,16.0,25800.0,100.0,22.0,18.0,0.0,244.0,-3.985,25.3,-10.7,1.0,25.0,31600000.0,742.0,58.0,7.0,37382.0,-4.996,700000.0,0.0,2.28e-07,-10.0,0.0,1.0,0.0,0.0,0.01,0.002,0.004,Location1|UDP|UL|3,UDP,UL,3,20
Location2,2026-08-03 17:51:41.773615,0,9.0,1.0,7.0,10100000.0,1132.0,68.0,5.0,732000.0,59037.0,-3.994,23.2,-15.1,1.0,22.0,320000.0,84.0,12.0,12.0,501.0,-4.999,384.0,23.0,3.0000000000000004e-07,-5.0,0.0,0.0,0.0,0.0,0.001,0.027,0.004,Location2|TCP|DL|1,TCP,DL,1,5
Location2,2026-08-03 17:51:42.773561,0,9.0,1.0,7.0,10100000.0,1127.0,73.0,6.0,1020000.0,59046.0,-3.994,24.1,-14.1,1.0,23.0,346000.0,75.0,10.0,11.0,497.0,-4.999,384.0,27.0,2.84e-07,-7.0,0.0,0.0,0.0,0.0,0.001,0.035,0.004,Location2|TCP|DL|1,TCP,DL,1,6
Location2,2026-08-03 17:51:43.773627,0,9.0,1.0,7.0,10100000.0,1137.0,63.0,5.0,1400000.0,59046.0,-3.994,24.8,-12.8,1.0,24.0,349000.0,80.0,6.0,6.0,467.0,-4.973,276.0,38.0,2.900000000000001e-07,-5.0,0.0,0.0,0.0,0.0,0.001,0.025,0.004,Location2|TCP|DL|1,TCP,DL,1,7
Location2,2026-08-03 17:51:44.773686,0,9.0,1.0,7.0,9970000.0,1117.0,83.0,6.0,1860000.0,59046.0,-3.994,16.5,-19.3,1.0,15.0,317000.0,109.0,8.0,6.0,1393.0,-4.996,0.0,22.0,3.090000000000001e-07,-11.0,0.0,0.0,6.0,0.0,0.001,0.027,0.004,Location2|TCP|DL|1,TCP,DL,1,8
Location2,2026-08-03 17:51:45.773632,0,9.0,1.0,7.0,10200000.0,1128.0,72.0,6.0,2400000.0,59037.0,-3.994,14.5,-19.8,1.0,13.0,306000.0,127.0,23.0,15.0,2582.0,-4.995,74.0,18.0,2.92e-07,-10.0,0.0,1.0,2.0,0.0,0.001,0.027,0.004,Location2|TCP|DL|1,TCP,DL,1,9
Location2,2026-08-03 17:51:46.773647,0,9.0,1.0,8.0,11300000.0,1125.0,75.0,6.0,3060000.0,59046.0,-3.994,11.0,-21.7,1.0,8.0,357000.0,146.0,16.0,9.0,3916.0,-4.992,0.0,21.0,2.9300000000000004e-07,-5.0,0.0,1.0,1.0,0.0,0.001,0.079,0.004,Location2|TCP|DL|1,TCP,DL,1,10
Location2,2026-08-03 17:51:47.773583,0,10.0,1.0,9.0,12900000.0,1118.0,82.0,6.0,3850000.0,59046.0,-3.994,20.8,-17.4,1.0,17.0,382000.0,97.0,4.0,3.0,1002.0,-5.0,0.0,18.0,3.380000000000001e-07,-3.0,0.0,0.0,0.0,0.0,0.001,0.027,0.004,Location2|TCP|DL|1,TCP,DL,1,11
Location2,2026-08-03 17:51:48.773631,0,9.0,1.0,8.0,11200000.0,1084.0,116.0,9.0,4280000.0,59046.0,-3.994,9.5,-23.6,1.0,7.0,386000.0,170.0,24.0,12.0,5538.0,-4.99,0.0,21.0,3.18e-07,-12.0,0.0,0.0,1.0,0.0,0.001,0.027,0.004,Location2|TCP|DL|1,TCP,DL,1,12
Location2,2026-08-03 17:51:49.773545,0,9.0,1.0,7.0,9990000.0,1108.0,92.0,7.0,4710000.0,59037.0,-3.994,1.8,-24.2,1.0,5.0,289000.0,164.0,16.0,8.0,5513.0,-4.911,1630.0,12.0,3.06e-07,-15.0,0.0,1.0,0.0,0.0,0.001,0.092,0.004,Location2|TCP|DL|1,TCP,DL,1,13
Location2,2026-08-03 17:51:50.773612,0,9.0,1.0,7.0,10000000.0,1124.0,76.0,6.0,5010000.0,59046.0,-3.994,1.2,-24.3,1.0,4.0,384000.0,256.0,33.0,11.0,9836.0,-4.937,74.0,10.0,3.39e-07,-10.0,0.0,1.0,0.0,0.0,0.001,0.027,0.004,Location2|TCP|DL|1,TCP,DL,1,14
Location2,2026-08-03 17:51:51.773647,0,9.0,1.0,7.0,10000000.0,1119.0,81.0,6.0,5480000.0,59046.0,-3.994,5.3,-23.0,1.0,7.0,295000.0,168.0,22.0,11.0,4455.0,-4.988,276.0,12.0,3.08e-07,-12.0,0.0,0.0,0.0,0.0,0.001,0.029,0.004,Location2|TCP|DL|1,TCP,DL,1,15
Location2,2026-08-03 17:51:52.773595,0,9.0,1.0,7.0,10000000.0,1113.0,87.0,7.0,6050000.0,59046.0,-3.994,5.0,-24.2,1.0,7.0,242000.0,158.0,28.0,15.0,5012.0,-4.971,535.0,17.0,3.0500000000000004e-07,-16.0,0.0,0.0,0.0,0.0,0.001,0.027,0.004,Location2|TCP|DL|1,TCP,DL,1,16
Location2,2026-08-03 17:51:53.773656,0,9.0,1.0,7.0,9960000.0,1098.0,102.0,8.0,6120000.0,59037.0,-3.994,13.7,-20.1,1.0,13.0,212000.0,99.0,17.0,14.0,1774.0,-4.963,0.0,25.0,3.3600000000000004e-07,-16.0,0.0,0.0,0.0,0.0,0.001,0.035,0.004,Location2|TCP|DL|1,TCP,DL,1,17
Location2,2026-08-03 17:51:54.773582,0,9.0,1.0,7.0,10100000.0,1146.0,54.0,4.0,6070000.0,59046.0,-3.532,4.2,-23.6,1.0,5.0,218000.0,131.0,8.0,5.0,4175.0,-4.998,535.0,21.0,3.520000000000001e-07,-17.0,0.0,0.0,0.0,0.0,0.001,0.03,0.004,Location2|TCP|DL|1,TCP,DL,1,18
Location2,2026-08-03 17:51:55.773625,0,9.0,1.0,8.0,12200000.0,1195.0,5.0,0.0,6120000.0,59046.0,-2.583,-1.2,-25.1,1.0,4.0,284000.0,189.0,25.0,11.0,7700.0,-4.986,535.0,17.0,3.260000000000001e-07,-17.0,0.0,1.0,3.0,0.0,0.001,0.095,0.0040199999999999,Location2|TCP|DL|1,TCP,DL,1,19
Location2,2026-08-03 17:51:56.773696,0,10.0,1.0,12.0,16900000.0,1200.0,0.0,0.0,5860000.0,59046.0,-1.533,0.7,-24.9,1.0,5.0,260000.0,184.0,15.0,7.0,5451.0,-4.994,198.0,12.0,2.5000000000000004e-07,-16.0,0.0,0.0,0.0,0.0,0.001,0.027,0.004,Location2|TCP|DL|1,TCP,DL,1,20
Location2,2026-08-03 17:52:10.959492,0,11.0,1.0,17.0,24200000.0,1161.0,4.0,0.0,130000.0,56885.0,-0.2601,19.1,-17.6,1.0,15.0,693000.0,128.0,28.0,17.0,3075.0,-4.996,1040.0,12.0,3.15e-07,-12.0,0.0,0.0,0.0,0.0,0.01,0.097,0.004,Location2|TCP|DL|2,TCP,DL,2,5
Location2,2026-08-03 17:52:11.965727,0,11.0,1.0,18.0,21500000.0,1008.0,9.0,0.0,0.0,48941.0,-0.1691,17.7,-18.4,1.0,13.0,571000.0,144.0,30.0,17.0,3884.0,-4.995,1450.0,15.0,3.13e-07,-8.0,0.0,0.0,0.0,0.0,0.037,0.097,0.00401,Location2|TCP|DL|2,TCP,DL,2,6
Location2,2026-08-03 17:52:12.971371,0,11.0,1.0,18.0,24400000.0,1147.0,7.0,0.0,91900.0,56331.0,0.1439,16.6,-19.9,1.0,11.0,595000.0,143.0,25.0,14.0,3817.0,-4.998,1040.0,12.0,3.070000000000001e-07,-12.0,0.0,0.0,0.0,0.0,0.015,0.029,0.004,Location2|TCP|DL|2,TCP,DL,2,7
Location2,2026-08-03 17:52:13.976340,0,11.0,1.0,18.0,23900000.0,1094.0,12.0,1.0,48000.0,53660.0,0.00793,16.1,-20.2,1.0,11.0,538000.0,160.0,31.0,16.0,4447.0,-4.997,1040.0,10.0,3.03e-07,-16.0,0.0,0.0,0.0,0.0,0.027,0.032,0.004,Location2|TCP|DL|2,TCP,DL,2,8
Location2,2026-08-03 17:52:14.980683,0,11.0,1.0,18.0,26200000.0,1189.0,11.0,0.0,150000.0,59046.0,-0.04107,17.8,-18.9,1.0,12.0,586000.0,155.0,15.0,8.0,3277.0,-4.999,384.0,14.0,3.2400000000000004e-07,-6.0,0.0,0.0,0.0,0.0,0.001,0.027,0.004,Location2|TCP|DL|2,TCP,DL,2,9
Location2,2026-08-03 17:52:15.984580,0,11.0,1.0,18.0,25900000.0,1190.0,10.0,0.0,236000.0,59004.0,0.008926,19.5,-18.1,1.0,16.0,506000.0,118.0,29.0,19.0,2059.0,-4.997,102.0,8.0,3.1700000000000005e-07,-11.0,0.0,0.0,0.0,0.0,0.001,0.03,0.004,Location2|TCP|DL|2,TCP,DL,2,10
Location2,2026-08-03 17:52:16.988035,0,11.0,1.0,13.0,17900000.0,1093.0,100.0,8.0,232000.0,58502.0,-3.994,17.2,-19.0,1.0,13.0,410000.0,127.0,28.0,18.0,2780.0,-4.998,53.0,19.0,3.13e-07,-7.0,0.0,0.0,0.0,0.0,0.006,0.032,0.004,Location2|TCP|DL|2,TCP,DL,2,11
Location2,2026-08-03 17:52:17.991213,0,10.0,1.0,9.0,13000000.0,1125.0,75.0,6.0,279000.0,59037.0,-3.994,23.6,-14.7,1.0,23.0,290000.0,75.0,19.0,20.0,513.0,,0.0,27.0,3.0000000000000004e-07,-6.0,0.0,0.0,0.0,0.0,0.001,0.027,0.004,Location2|TCP|DL|2,TCP,DL,2,12
Location2,2026-08-03 17:52:18.994041,0,10.0,1.0,8.0,11700000.0,1123.0,77.0,6.0,306000.0,59046.0,-3.994,24.9,-12.9,1.0,25.0,301000.0,67.0,10.0,12.0,395.0,-5.0,0.0,49.0,3.0500000000000004e-07,-8.0,0.0,0.0,0.0,0.0,0.001,0.025,0.004,Location2|TCP|DL|2,TCP,DL,2,13
Location2,2026-08-03 17:52:19.996427,0,10.0,1.0,9.0,12600000.0,1124.0,76.0,6.0,314000.0,59046.0,-3.994,21.4,-17.1,1.0,19.0,274000.0,78.0,14.0,15.0,592.0,-4.988,102.0,29.0,3.06e-07,-6.0,0.0,0.0,0.0,0.0,0.001,0.03,0.004,Location2|TCP|DL|2,TCP,DL,2,14
Location2,2026-08-03 17:52:20.998696,0,10.0,1.0,9.0,12600000.0,1123.0,77.0,6.0,289000.0,59046.0,-3.994,20.8,-17.4,1.0,19.0,263000.0,81.0,31.0,27.0,944.0,,0.0,24.0,3.25e-07,-7.0,0.0,0.0,0.0,0.0,0.001,0.095,0.00401,Location2|TCP|DL|2,TCP,DL,2,15
Location2,2026-08-03 17:52:22.000700,0,11.0,1.0,10.0,13600000.0,1124.0,76.0,6.0,371000.0,59037.0,-3.994,23.9,-14.2,1.0,23.0,309000.0,81.0,23.0,22.0,508.0,-4.997,0.0,24.0,3.03e-07,-8.0,0.0,0.0,0.0,0.0,0.001,0.03,0.004,Location2|TCP|DL|2,TCP,DL,2,16
Location2,2026-08-03 17:52:23.002561,0,10.0,1.0,9.0,12500000.0,1125.0,75.0,6.0,487000.0,59046.0,-3.976,25.7,-11.8,1.0,26.0,330000.0,70.0,14.0,16.0,452.0,-5.0,0.0,44.0,3.070000000000001e-07,-6.0,0.0,0.0,0.0,0.0,0.001,0.025,0.004,Location2|TCP|DL|2,TCP,DL,2,17
Location2,2026-08-03 17:52:24.004155,0,9.0,1.0,7.0,10100000.0,1131.0,69.0,5.0,656000.0,59046.0,-3.994,25.3,-12.4,1.0,26.0,279000.0,61.0,10.0,14.0,376.0,-4.997,53.0,50.0,3.06e-07,-5.0,0.0,0.0,0.0,0.0,0.001,0.02,0.004,Location2|TCP|DL|2,TCP,DL,2,18
Location2,2026-08-03 17:52:25.005717,0,9.0,1.0,7.0,10000000.0,1120.0,80.0,6.0,885000.0,59046.0,-3.994,25.4,-12.0,1.0,26.0,273000.0,62.0,9.0,12.0,362.0,,0.0,47.0,2.94e-07,-6.0,0.0,0.0,0.0,0.0,0.001,0.032,0.004,Location2|TCP|DL|2,TCP,DL,2,19
Location2,2026-08-03 17:52:36.012791,0,9.0,1.0,7.0,9990000.0,1115.0,85.0,7.0,688000.0,59046.0,-3.994,5.1,-23.9,1.0,5.0,306000.0,167.0,15.0,8.0,4871.0,-4.963,0.0,14.0,2.99e-07,-4.0,0.0,0.0,3.0,0.0,0.001,0.082,0.004,Location2|TCP|DL|3,TCP,DL,3,5
Location2,2026-08-03 17:52:37.012850,0,9.0,1.0,8.0,11200000.0,1107.0,93.0,7.0,787000.0,59046.0,-3.994,5.3,-25.0,1.0,3.0,328000.0,229.0,16.0,6.0,7373.0,-4.985,0.0,8.0,2.9300000000000004e-07,-16.0,0.0,1.0,0.0,0.0,0.001,0.025,0.004,Location2|TCP|DL|3,TCP,DL,3,6
Location2,2026-08-03 17:52:38.012979,0,10.0,1.0,9.0,13100000.0,1123.0,77.0,6.0,1020000.0,59037.0,-3.994,1.6,-25.7,1.0,2.0,404000.0,309.0,16.0,4.0,11265.0,-4.999,745.0,8.0,2.7e-07,-8.0,0.0,0.0,2.0,0.0,0.001,0.027,0.004,Location2|TCP|DL|3,TCP,DL,3,7
Location2,2026-08-03 17:52:39.013046,0,11.0,1.0,11.0,14300000.0,1123.0,77.0,6.0,1370000.0,59046.0,-3.994,3.9,-25.9,1.0,2.0,424000.0,318.0,16.0,4.0,10209.0,-4.997,535.0,11.0,2.9300000000000004e-07,-5.0,0.0,0.0,2.0,0.0,0.001,0.027,0.004,Location2|TCP|DL|3,TCP,DL,3,8
Location2,2026-08-03 17:52:40.013197,0,11.0,1.0,11.0,14400000.0,1125.0,75.0,6.0,1840000.0,59046.0,-3.994,6.3,-25.4,1.0,4.0,403000.0,207.0,19.0,8.0,7559.0,-4.979,198.0,14.0,3.08e-07,-11.0,0.0,1.0,0.0,0.0,0.001,0.087,0.004,Location2|TCP|DL|3,TCP,DL,3,9
Location2,2026-08-03 17:52:41.013348,0,10.0,1.0,10.0,13300000.0,1121.0,79.0,6.0,2330000.0,59046.0,-3.994,4.9,-25.5,1.0,3.0,387000.0,292.0,21.0,6.0,8960.0,-4.976,384.0,7.0,3.61e-07,-14.0,0.0,0.0,0.0,0.0,0.001,0.027,0.004,Location2|TCP|DL|3,TCP,DL,3,10
Location2,2026-08-03 17:52:42.013587,0,9.0,1.0,8.0,10800000.0,1107.0,93.0,7.0,2630000.0,59037.0,-3.994,6.4,-24.5,1.0,3.0,346000.0,188.0,5.0,2.0,6089.0,-4.954,0.0,16.0,3.65e-07,-12.0,0.0,0.0,0.0,0.0,0.001,0.097,0.004,Location2|TCP|DL|3,TCP,DL,3,11
Location2,2026-08-03 17:52:43.013800,0,10.0,1.0,8.0,11500000.0,1119.0,81.0,6.0,3220000.0,59046.0,-3.994,7.9,-23.7,1.0,6.0,304000.0,167.0,18.0,9.0,5268.0,-4.997,74.0,18.0,3.04e-07,-8.0,0.0,0.0,0.0,0.0,0.001,0.087,0.004,Location2|TCP|DL|3,TCP,DL,3,12
Location2,2026-08-03 17:52:44.014035,0,10.0,1.0,9.0,12600000.0,1123.0,77.0,6.0,3440000.0,59046.0,-3.994,23.2,-15.1,1.0,22.0,308000.0,75.0,14.0,15.0,533.0,,0.0,30.0,2.7e-07,-5.0,0.0,0.0,0.0,0.0,0.001,0.027,0.004,Location2|TCP|DL|3,TCP,DL,3,13
Location2,2026-08-03 17:52:45.014244,0,10.0,1.0,9.0,12600000.0,1125.0,75.0,6.0,4000000.0,59046.0,-3.994,25.2,-12.7,1.0,25.0,287000.0,64.0,13.0,16.0,400.0,,0.0,47.0,2.74e-07,-6.0,0.0,0.0,0.0,0.0,0.001,0.025,0.00401,Location2|TCP|DL|3,TCP,DL,3,14
Location2,2026-08-03 17:52:46.014490,0,10.0,1.0,9.0,12600000.0,1122.0,78.0,6.0,4370000.0,59037.0,-3.994,26.2,-10.8,1.0,26.0,378000.0,74.0,5.0,6.0,428.0,-4.972,0.0,43.0,3.1200000000000004e-07,-6.0,0.0,0.0,0.0,0.0,0.001,0.025,0.004,Location2|TCP|DL|3,TCP,DL,3,15
Location2,2026-08-03 17:52:47.014760,0,10.0,1.0,9.0,12600000.0,1120.0,80.0,6.0,5130000.0,59025.0,-3.994,26.4,-9.9,1.0,26.0,303000.0,58.0,5.0,7.0,357.0,-4.999,53.0,50.0,3.3e-07,-6.0,0.0,0.0,0.0,0.0,0.001,0.02,0.00401,Location2|TCP|DL|3,TCP,DL,3,16
Location2,2026-08-03 17:52:48.015068,0,10.0,1.0,9.0,13100000.0,1128.0,72.0,6.0,5540000.0,59046.0,-3.994,22.6,-14.4,1.0,22.0,322000.0,76.0,20.0,20.0,1092.0,-4.989,384.0,35.0,2.97e-07,-15.0,0.0,0.0,0.0,0.0,0.001,0.097,0.00401,Location2|TCP|DL|3,TCP,DL,3,17
Location2,2026-08-03 17:52:49.015290,0,11.0,1.0,12.0,15700000.0,1116.0,84.0,7.0,6120000.0,59046.0,-3.994,21.7,-15.2,1.0,18.0,448000.0,94.0,10.0,9.0,1396.0,-4.998,276.0,32.0,2.75e-07,-11.0,0.0,0.0,0.0,0.0,0.001,0.03,0.004,Location2|TCP|DL|3,TCP,DL,3,18
Location2,2026-08-03 17:52:50.015597,0,10.0,1.0,9.0,13000000.0,1123.0,77.0,6.0,6160000.0,59037.0,-3.994,16.9,-17.8,1.0,17.0,287000.0,91.0,15.0,14.0,1148.0,-4.973,10.0,31.0,2.9300000000000004e-07,-16.0,0.0,0.0,1.0,0.0,0.001,0.025,0.004,Location2|TCP|DL|3,TCP,DL,3,19
Location2,2026-08-03 17:52:51.015897,0,10.0,1.0,9.0,12900000.0,1125.0,75.0,6.0,6100000.0,59046.0,-3.994,24.0,-14.1,1.0,24.0,309000.0,78.0,22.0,22.0,504.0,,0.0,30.0,3.27e-07,-7.0,0.0,0.0,0.0,0.0,0.001,0.03,0.004,Location2|TCP|DL|3,TCP,DL,3,20
Location2,2026-08-03 17:53:08.021984,0,10.0,1.0,9.0,203000.0,282.0,3.0,1.0,58.0,845.0,-3.592,14.7,-23.1,1.0,8.0,10100000.0,798.0,2.0,0.0,37379.0,-4.14,700000.0,0.0,3.1200000000000004e-07,-12.0,0.0,0.0,0.0,0.0,0.012,0.002,0.004,Location2|TCP|UL|1,TCP,UL,1,5
Location2,2026-08-03 17:53:09.022430,0,10.0,1.0,10.0,407000.0,512.0,4.0,0.0,0.0,1411.0,-3.578,12.9,-22.2,1.0,6.0,8340000.0,789.0,11.0,1.0,37204.0,-4.44,700000.0,0.0,3.18e-07,-12.0,0.0,0.0,0.0,0.0,0.01,0.002,0.004,Location2|TCP|UL|1,TCP,UL,1,6
Location2,2026-08-03 17:53:10.022906,0,9.0,1.0,6.0,152000.0,283.0,6.0,2.0,58.0,894.0,-3.946,7.5,-24.9,1.0,2.0,2610000.0,785.0,15.0,1.0,37325.0,-4.744,700000.0,0.0,3.15e-07,-12.0,0.0,0.0,0.0,0.0,0.012,0.002,0.004,Location2|TCP|UL|1,TCP,UL,1,7
Location2,2026-08-03 17:53:11.023225,0,11.0,1.0,10.0,212000.0,293.0,15.0,4.0,0.0,802.0,-3.977,10.9,-23.6,1.0,5.0,6050000.0,746.0,54.0,6.0,37235.0,-4.941,700000.0,0.0,3.140000000000001e-07,-21.0,0.0,1.0,0.0,0.0,0.017,0.002,0.00401,Location2|TCP|UL|1,TCP,UL,1,8
Location2,2026-08-03 17:53:12.023665,0,10.0,1.0,8.0,255000.0,380.0,3.0,0.0,3.0,1201.0,-3.972,12.1,-22.5,1.0,6.0,6970000.0,756.0,44.0,5.0,37208.0,-4.964,700000.0,0.0,3.03e-07,-15.0,0.0,0.0,0.0,0.0,0.016,0.002,0.00401,Location2|TCP|UL|1,TCP,UL,1,9
Location2,2026-08-03 17:53:13.024004,0,8.0,1.0,6.0,119000.0,241.0,2.0,0.0,0.0,712.0,-3.978,10.1,-24.5,1.0,3.0,4650000.0,800.0,0.0,0.0,37406.0,-4.164,700000.0,0.0,3.1200000000000004e-07,-12.0,0.0,0.0,0.0,0.0,0.019,0.002,0.004,Location2|TCP|UL|1,TCP,UL,1,10
Location2,2026-08-03 17:53:14.024467,0,9.0,1.0,7.0,99000.0,201.0,1.0,0.0,0.0,520.0,-3.912,9.1,-23.1,1.0,3.0,3720000.0,780.0,20.0,2.0,37362.0,-4.896,700000.0,0.0,3.04e-07,-15.0,0.0,0.0,0.0,0.0,0.019,0.002,0.00401,Location2|TCP|UL|1,TCP,UL,1,11
Location2,2026-08-03 17:53:15.024814,0,9.0,1.0,8.0,139000.0,236.0,3.0,1.0,0.0,718.0,-3.864,10.7,-22.3,1.0,4.0,4760000.0,768.0,32.0,4.0,37290.0,-4.996,700000.0,0.0,3.0000000000000004e-07,-13.0,0.0,0.0,0.0,0.0,0.017,0.002,0.004,Location2|TCP|UL|1,TCP,UL,1,12
Location2,2026-08-03 17:53:16.025284,0,11.0,1.0,11.0,242000.0,311.0,3.0,0.0,0.0,1078.0,-3.88,12.9,-20.3,1.0,7.0,6650000.0,705.0,95.0,11.0,37130.0,-4.996,700000.0,0.0,2.87e-07,-12.0,0.0,0.0,0.0,0.0,0.017,0.002,0.00401,Location2|TCP|UL|1,TCP,UL,1,13
Location2,2026-08-03 17:53:17.025732,0,8.0,1.0,6.0,72900.0,157.0,6.0,3.0,58.0,689.0,,9.7,-21.2,1.0,4.0,3650000.0,718.0,82.0,10.0,37297.0,-5.0,700000.0,0.0,2.91e-07,-12.0,0.0,0.0,0.0,0.0,0.022,0.002,0.00403,Location2|TCP|UL|1,TCP,UL,1,14
Location2,2026-08-03 17:53:18.026088,0,9.0,1.0,7.0,111000.0,211.0,1.0,0.0,58.0,620.0,-3.852,10.3,-21.3,1.0,4.0,3930000.0,740.0,60.0,7.0,37302.0,-4.956,700000.0,0.0,2.6900000000000004e-07,-11.0,0.0,0.0,0.0,0.0,0.025,0.002,0.0040199999999999,Location2|TCP|UL|1,TCP,UL,1,15
Location2,2026-08-03 17:53:19.026572,0,10.0,1.0,9.0,153000.0,247.0,1.0,0.0,0.0,630.0,-3.741,10.7,-21.3,1.0,4.0,4650000.0,765.0,35.0,4.0,37335.0,-4.972,700000.0,0.0,2.760000000000001e-07,-12.0,0.0,0.0,0.0,0.0,0.02,0.002,0.0040199999999999,Location2|TCP|UL|1,TCP,UL,1,16
Location2,2026-08-03 17:53:20.026899,0,9.0,1.0,7.0,92000.0,197.0,1.0,0.0,0.0,551.0,-3.676,9.0,-21.8,1.0,2.0,3020000.0,766.0,34.0,4.0,37373.0,-4.956,700000.0,0.0,2.87e-07,-11.0,0.0,0.0,0.0,0.0,0.019,0.002,0.00401,Location2|TCP|UL|1,TCP,UL,1,17
Location2,2026-08-03 17:53:21.027388,0,9.0,1.0,7.0,88400.0,193.0,1.0,0.0,0.0,526.0,-3.614,9.7,-21.7,1.0,2.0,3110000.0,770.0,30.0,3.0,37396.0,-4.988,700000.0,0.0,2.9300000000000004e-07,-11.0,0.0,0.0,0.0,0.0,0.019,0.002,0.00401,Location2|TCP|UL|1,TCP,UL,1,18
Location2,2026-08-03 17:53:22.027871,0,9.0,1.0,7.0,102000.0,214.0,1.0,0.0,0.0,654.0,-3.532,10.2,-21.4,1.0,3.0,3490000.0,772.0,28.0,3.0,37382.0,-4.988,700000.0,0.0,3.01e-07,-11.0,0.0,0.0,0.0,0.0,0.017,0.002,0.00401,Location2|TCP|UL|1,TCP,UL,1,19
Location2,2026-08-03 17:53:23.028211,0,9.0,1.0,8.0,79900.0,165.0,1.0,0.0,0.0,496.0,-3.474,8.3,-21.4,1.0,2.0,2690000.0,752.0,48.0,6.0,37409.0,-4.988,700000.0,0.0,3.13e-07,-11.0,0.0,0.0,0.0,0.0,0.025,0.002,0.00401,Location2|TCP|UL|1,TCP,UL,1,20
Location2,2026-08-03 17:53:24.028681,0,9.0,1.0,6.0,68300.0,154.0,7.0,4.0,0.0,428.0,-4.0,7.4,-21.6,1.0,2.0,2460000.0,749.0,51.0,6.0,37396.0,-4.972,700000.0,0.0,3.18e-07,-11.0,0.0,0.0,0.0,0.0,0.019,0.002,0.00401,Location2|TCP|UL|1,TCP,UL,1,21
Location2,2026-08-03 17:53:25.029034,0,9.0,1.0,6.0,63500.0,150.0,1.0,0.0,0.0,428.0,-3.89,8.2,-21.7,1.0,2.0,2520000.0,763.0,37.0,4.0,37422.0,-4.928,700000.0,0.0,2.94e-07,-11.0,0.0,0.0,0.0,0.0,0.025,0.002,0.00401,Location2|TCP|UL|1,TCP,UL,1,22
Location2,2026-08-03 17:53:26.029527,0,9.0,1.0,6.0,63400.0,154.0,0.0,0.0,0.0,531.0,-3.766,8.9,-22.1,1.0,1.0,2720000.0,795.0,5.0,0.0,37436.0,-4.448,700000.0,0.0,2.97e-07,-11.0,0.0,0.0,0.0,0.0,0.017,0.002,0.004,Location2|TCP|UL|1,TCP,UL,1,23
Location2,2026-08-03 17:53:27.030011,0,9.0,1.0,6.0,61400.0,150.0,0.0,0.0,0.0,474.0,-3.631,6.4,-22.1,1.0,1.0,2350000.0,761.0,39.0,4.0,37415.0,-4.988,700000.0,0.0,3.11e-07,-12.0,0.0,0.0,0.0,0.0,0.025,0.002,0.00401,Location2|TCP|UL|1,TCP,UL,1,24
Location2,2026-08-03 17:53:28.030347,0,9.0,1.0,6.0,50900.0,127.0,0.0,0.0,0.0,378.0,-3.515,5.8,-22.1,1.0,2.0,2290000.0,743.0,57.0,7.0,37401.0,-4.988,700000.0,0.0,2.97e-07,-11.0,0.0,0.0,0.0,0.0,0.019,0.002,0.00401,Location2|TCP|UL|1,TCP,UL,1,25
Location2,2026-08-03 17:53:29.030830,0,9.0,1.0,7.0,64400.00000000001,130.0,0.0,0.0,0.0,387.0,-3.393,6.9,-21.9,1.0,2.0,2420000.0,748.0,52.0,6.0,37428.0,-4.988,700000.0,0.0,2.950000000000001e-07,-11.0,0.0,0.0,0.0,0.0,0.025,0.002,0.00401,Location2|TCP|UL|1,TCP,UL,1,26
Location2,2026-08-03 17:53:30.031182,0,9.0,1.0,7.0,67300.0,138.0,0.0,0.0,0.0,446.0,-3.261,6.5,-21.9,1.0,2.0,2380000.0,739.0,61.0,7.0,37373.0,-4.988,700000.0,0.0,3.03e-07,-11.0,0.0,0.0,0.0,0.0,0.024,0.002,0.00401,Location2|TCP|UL|1,TCP,UL,1,27
Location2,2026-08-03 17:53:31.031709,0,8.0,1.0,7.0,54100.0,117.0,0.0,0.0,0.0,452.0,-3.149,4.7,-22.0,1.0,2.0,2220000.0,696.0,104.0,13.0,37181.0,-4.996,700000.0,0.0,3.13e-07,-12.0,0.0,0.0,0.0,0.0,0.026,0.002,0.00401,Location2|TCP|UL|1,TCP,UL,1,28
Location2,2026-08-03 17:53:32.032051,0,8.0,1.0,7.0,60900.0,126.0,0.0,0.0,0.0,528.0,-3.03,5.0,-22.2,1.0,2.0,2200000.0,696.0,104.0,13.0,37113.0,-4.988,700000.0,0.0,3.190000000000001e-07,-11.0,0.0,0.0,0.0,0.0,0.024,0.002,0.00401,Location2|TCP|UL|1,TCP,UL,1,29
Location2,2026-08-03 17:53:33.032518,0,9.0,1.0,8.0,58200.0,124.0,0.0,0.0,58.0,458.0,-2.914,5.4,-22.1,1.0,2.0,2230000.0,707.0,93.0,11.0,37133.0,-4.994,700000.0,0.0,3.25e-07,-11.0,0.0,0.0,0.0,0.0,0.025,0.002,0.0040199999999999,Location2|TCP|UL|1,TCP,UL,1,30
Location2,2026-08-03 17:53:34.033019,0,8.0,1.0,8.0,55100.0,128.0,0.0,0.0,0.0,374.0,-2.794,4.7,-21.9,1.0,2.0,2250000.0,689.0,111.0,13.0,37226.0,-4.997,700000.0,0.0,3.1e-07,-12.0,0.0,0.0,0.0,0.0,0.034,0.002,0.00401,Location2|TCP|UL|1,TCP,UL,1,31
Location2,2026-08-03 17:53:35.033355,0,8.0,1.0,7.0,57000.0,125.0,0.0,0.0,0.0,387.0,-2.682,3.5,-21.9,1.0,2.0,2190000.0,663.0,137.0,17.0,37100.0,-4.997,700000.0,0.0,3.1e-07,-11.0,0.0,0.0,0.0,0.0,0.034,0.002,0.00401,Location2|TCP|UL|1,TCP,UL,1,32
Location2,2026-08-03 17:53:36.033746,0,8.0,1.0,8.0,103000.0,209.0,0.0,0.0,0.0,623.0,-2.498,9.1,-24.2,1.0,4.0,4620000.0,762.0,38.0,4.0,37340.0,-4.988,700000.0,0.0,3.34e-07,-13.0,0.0,0.0,0.0,0.0,0.017,0.002,0.00401,Location2|TCP|UL|1,TCP,UL,1,33
Location2,2026-08-03 17:53:37.033008,0,8.0,1.0,9.0,110000.0,203.0,0.0,0.0,3.0,558.0,-2.315,11.3,-23.0,1.0,4.0,5580000.0,783.0,17.0,2.0,37356.0,-4.924,700000.0,0.0,3.430000000000001e-07,-12.0,0.0,0.0,0.0,0.0,0.017,0.002,0.00401,Location2|TCP|UL|1,TCP,UL,1,34
Location2,2026-08-03 17:53:38.032496,0,9.0,1.0,9.0,112000.0,200.0,0.0,0.0,0.0,490.0,-2.156,11.7,-24.0,1.0,4.0,5990000.0,798.0,2.0,0.0,37414.0,-4.324,700000.0,0.0,3.15e-07,-13.0,0.0,0.0,0.0,0.0,0.018,0.002,0.004,Location2|TCP|UL|1,TCP,UL,1,35
Location2,2026-08-03 17:53:39.031995,0,7.0,1.0,5.0,85600.0,191.0,19.0,9.0,0.0,705.0,-3.391,9.0,-23.3,1.0,3.0,4770000.0,797.0,3.0,0.0,37399.0,-3.824,700000.0,0.0,3.0000000000000004e-07,-21.0,0.0,0.0,0.0,0.0,0.017,0.002,0.004,Location2|TCP|UL|1,TCP,UL,1,36
Location2,2026-08-03 17:53:40.031403,0,8.0,1.0,6.0,131000.0,263.0,0.0,0.0,58.0,802.0,-3.191,12.6,-22.2,1.0,6.0,8660000.0,800.0,0.0,0.0,37370.0,-3.024,700000.0,0.0,2.62e-07,-17.0,0.0,0.0,0.0,0.0,0.016,0.002,0.004,Location2|TCP|UL|1,TCP,UL,1,37
Location2,2026-08-03 17:53:41.030980,0,8.0,1.0,7.0,103000.0,220.0,0.0,0.0,0.0,642.0,-3.007,10.4,-21.1,1.0,5.0,7480000.0,800.0,0.0,0.0,37405.0,-2.224,700000.0,0.0,2.62e-07,-16.0,0.0,0.0,0.0,0.0,0.017,0.002,0.004,Location2|TCP|UL|1,TCP,UL,1,38
Location2,2026-08-03 17:53:42.030419,0,9.0,1.0,9.0,99900.0,204.0,0.0,0.0,0.0,486.0,-2.834,7.8,-19.9,1.0,4.0,5710000.0,800.0,0.0,0.0,37418.0,-1.424,700000.0,0.0,2.640000000000001e-07,-15.0,0.0,0.0,0.0,0.0,0.017,0.002,0.004,Location2|TCP|UL|1,TCP,UL,1,39
Location2,2026-08-03 17:53:43.030029,0,9.0,1.0,8.0,148000.0,258.0,0.0,0.0,0.0,681.0,-2.625,9.8,-20.7,1.0,7.0,8810000.0,798.0,2.0,0.0,37369.0,-0.8242,700000.0,0.0,2.760000000000001e-07,-16.0,0.0,0.0,0.0,0.0,0.018,0.002,0.004,Location2|TCP|UL|1,TCP,UL,1,40
Location2,2026-08-03 17:54:01.025519,0,10.0,1.0,11.0,542000.0,630.0,6.0,0.0,0.0,1758.0,-2.527,14.4,-19.5,1.0,8.0,9470000.0,776.0,24.0,3.0,37103.0,-4.568,700000.0,0.0,3.140000000000001e-07,-16.0,0.0,0.0,0.0,0.0,0.013,0.002,0.004,Location2|TCP|UL|2,TCP,UL,2,5
Location2,2026-08-03 17:54:02.025370,0,9.0,1.0,10.0,335000.0,425.0,4.0,0.0,0.0,1232.0,-2.585,13.1,-19.9,1.0,7.0,8740000.0,786.0,14.0,1.0,37272.0,-4.493,700000.0,0.0,3.25e-07,-12.0,0.0,0.0,0.0,0.0,0.017,0.002,0.004,Location2|TCP|UL|2,TCP,UL,2,6
Location2,2026-08-03 17:54:03.025333,0,9.0,1.0,10.0,183000.0,293.0,3.0,1.0,0.0,659.0,-2.637,9.1,-23.1,1.0,3.0,4510000.0,799.0,1.0,0.0,37356.0,-3.793,700000.0,0.0,3.13e-07,-12.0,0.0,0.0,0.0,0.0,0.018,0.002,0.004,Location2|TCP|UL|2,TCP,UL,2,7
Location2,2026-08-03 17:54:04.025184,0,9.0,1.0,9.0,219000.0,342.0,1.0,0.0,0.0,802.0,-2.467,9.5,-24.6,1.0,3.0,5050000.0,798.0,2.0,0.0,37341.0,-3.193,700000.0,0.0,3.1700000000000005e-07,-11.0,0.0,0.0,0.0,0.0,0.016,0.002,0.004,Location2|TCP|UL|2,TCP,UL,2,8
Location2,2026-08-03 17:54:05.025172,0,10.0,1.0,11.0,369000.0,461.0,7.0,1.0,58.0,1152.0,-2.786,11.6,-24.6,1.0,6.0,7970000.0,800.0,0.0,0.0,37255.0,-2.393,700000.0,0.0,3.41e-07,-11.0,0.0,0.0,0.0,0.0,0.01,0.002,0.004,Location2|TCP|UL|2,TCP,UL,2,9
Location2,2026-08-03 17:54:06.025072,0,9.0,1.0,9.0,234000.0,327.0,2.0,0.0,0.0,893.0,-2.717,11.4,-23.5,1.0,6.0,7390000.0,774.0,26.0,3.0,37256.0,-4.193,700000.0,0.0,3.400000000000001e-07,-11.0,0.0,0.0,0.0,0.0,0.018,0.002,0.004,Location2|TCP|UL|2,TCP,UL,2,10
Location2,2026-08-03 17:54:07.025102,0,9.0,1.0,9.0,90700.0,168.0,0.0,0.0,0.0,437.0,-2.572,8.6,-24.1,1.0,4.0,3710000.0,727.0,73.0,9.0,37276.0,-4.944,700000.0,0.0,3.1700000000000005e-07,-10.0,0.0,0.0,0.0,0.0,0.029,0.002,0.00403,Location2|TCP|UL|2,TCP,UL,2,11
Location2,2026-08-03 17:54:08.025105,0,9.0,1.0,9.0,89100.0,152.0,0.0,0.0,3.0,384.0,-2.447,6.2,-22.0,1.0,4.0,3190000.0,686.0,114.0,14.0,37149.0,-4.997,700000.0,0.0,3.18e-07,-13.0,0.0,0.0,0.0,0.0,0.024,0.002,0.00401,Location2|TCP|UL|2,TCP,UL,2,12
Location2,2026-08-03 17:54:09.025049,0,11.0,1.0,14.0,170000.0,210.0,1.0,0.0,0.0,545.0,-2.346,9.0,-22.7,1.0,3.0,3240000.0,714.0,86.0,10.0,37158.0,-4.86,700000.0,0.0,3.53e-07,-11.0,0.0,0.0,0.0,0.0,0.019,0.002,0.00401,Location2|TCP|UL|2,TCP,UL,2,13
Location2,2026-08-03 17:54:10.025046,0,11.0,1.0,14.0,147000.0,190.0,0.0,0.0,0.0,433.0,-2.188,4.8,-23.5,1.0,2.0,3030000.0,772.0,28.0,3.0,37393.0,-4.988,700000.0,0.0,3.37e-07,-11.0,0.0,0.0,0.0,0.0,0.017,0.002,0.00401,Location2|TCP|UL|2,TCP,UL,2,14
Location2,2026-08-03 17:54:11.025007,0,11.0,1.0,14.0,179000.0,226.0,0.0,0.0,58.0,495.0,-1.995,7.2,-23.6,1.0,3.0,4240000.0,777.0,23.0,2.0,37329.0,-4.812,700000.0,0.0,3.41e-07,-11.0,0.0,0.0,0.0,0.0,0.019,0.002,0.00401,Location2|TCP|UL|2,TCP,UL,2,15
Location2,2026-08-03 17:54:12.025081,0,11.0,1.0,15.0,208000.0,239.0,0.0,0.0,0.0,517.0,-1.793,12.7,-21.1,1.0,7.0,7500000.0,759.0,41.0,5.0,37290.0,-4.988,700000.0,0.0,3.15e-07,-13.0,0.0,0.0,0.0,0.0,0.017,0.002,0.00401,Location2|TCP|UL|2,TCP,UL,2,16
Location2,2026-08-03 17:54:13.025166,0,11.0,1.0,14.0,212000.0,241.0,0.0,0.0,0.0,576.0,-1.616,15.7,-19.7,1.0,9.0,10100000.0,726.0,74.0,9.0,37092.0,-4.988,700000.0,0.0,2.82e-07,-13.0,0.0,0.0,0.0,0.0,0.015,0.002,0.004,Location2|TCP|UL|2,TCP,UL,2,17
Location2,2026-08-03 17:54:14.025114,0,11.0,1.0,15.0,135000.0,164.0,1.0,0.0,0.0,358.0,-1.577,11.2,-22.5,1.0,4.0,5070000.0,767.0,33.0,4.0,37318.0,-4.423,700000.0,0.0,3.020000000000001e-07,-9.0,0.0,0.0,0.0,0.0,0.017,0.002,0.004,Location2|TCP|UL|2,TCP,UL,2,18
Location2,2026-08-03 17:54:15.025216,0,11.0,1.0,15.0,137000.0,166.0,2.0,1.0,0.0,340.0,-1.645,9.8,-23.5,1.0,3.0,5230000.0,800.0,0.0,0.0,37436.0,-3.623,700000.0,0.0,3.330000000000001e-07,-9.0,0.0,0.0,0.0,0.0,0.017,0.002,0.004,Location2|TCP|UL|2,TCP,UL,2,19
Location2,2026-08-03 17:54:16.025194,0,11.0,1.0,15.0,102000.0,124.0,4.0,3.0,0.0,264.0,-1.942,5.3,-22.6,1.0,1.0,2760000.0,800.0,0.0,0.0,37465.0,-2.823,700000.0,0.0,3.090000000000001e-07,-9.0,0.0,0.0,0.0,0.0,0.019,0.002,0.004,Location2|TCP|UL|2,TCP,UL,2,20
Location2,2026-08-03 17:54:17.025335,0,11.0,1.0,14.0,114000.0,148.0,6.0,3.0,0.0,335.0,-2.409,5.8,-22.9,1.0,2.0,3700000.0,800.0,0.0,0.0,37436.0,-2.023,700000.0,0.0,3.06e-07,-9.0,0.0,0.0,0.0,0.0,0.019,0.002,0.004,Location2|TCP|UL|2,TCP,UL,2,21
Location2,2026-08-03 17:54:18.025454,0,11.0,1.0,13.0,179000.0,229.0,4.0,1.0,0.0,499.0,-2.61,8.5,-24.6,1.0,4.0,5920000.0,796.0,4.0,0.0,37406.0,-1.623,700000.0,0.0,3.06e-07,-9.0,0.0,0.0,0.0,0.0,0.019,0.002,0.004,Location2|TCP|UL|2,TCP,UL,2,22
Location2,2026-08-03 17:54:19.025454,0,11.0,1.0,12.0,187000.0,266.0,8.0,2.0,0.0,666.0,-3.193,11.3,-24.7,1.0,7.0,9320000.0,796.0,4.0,0.0,37344.0,-1.223,700000.0,0.0,3.35e-07,-10.0,0.0,0.0,0.0,0.0,0.011,0.002,0.004,Location2|TCP|UL|2,TCP,UL,2,23
Location2,2026-08-03 17:54:20.025617,0,11.0,1.0,12.0,186000.0,252.0,1.0,0.0,58.0,612.0,-3.08,11.5,-24.9,1.0,8.0,10200000.0,797.0,3.0,0.0,37353.0,-0.7231,700000.0,0.0,3.46e-07,-10.0,0.0,0.0,0.0,0.0,0.011,0.002,0.00401,Location2|TCP|UL|2,TCP,UL,2,24
Location2,2026-08-03 17:54:21.025611,0,11.0,1.0,12.0,192000.0,241.0,0.0,0.0,0.0,506.0,-2.897,10.9,-24.5,1.0,8.0,9970000.0,796.0,4.0,0.0,37393.0,-0.3231,700000.0,0.0,3.0000000000000004e-07,-10.0,0.0,0.0,0.0,0.0,0.011,0.002,0.004,Location2|TCP|UL|2,TCP,UL,2,25
Location2,2026-08-03 17:54:22.025780,0,11.0,1.0,13.0,190000.0,246.0,3.0,1.0,58.0,558.0,-3.02,10.2,-24.2,1.0,7.0,9690000.0,799.0,1.0,0.0,37368.0,0.3769,700000.0,0.0,3.34e-07,-10.0,0.0,0.0,0.0,0.0,0.012,0.002,0.004,Location2|TCP|UL|2,TCP,UL,2,26
Location2,2026-08-03 17:54:23.025801,0,11.0,1.0,12.0,155000.0,241.0,10.0,3.0,58.0,599.0,-3.801,9.9,-23.5,1.0,7.0,9640000.0,789.0,11.0,1.0,37354.0,0.07684,700000.0,0.0,3.39e-07,-10.0,0.0,0.0,0.0,0.0,0.012,0.002,0.00401,Location2|TCP|UL|2,TCP,UL,2,27
Location2,2026-08-03 17:54:24.025978,0,11.0,1.0,11.0,189000.0,276.0,0.0,0.0,0.0,657.0,-3.555,12.0,-23.1,1.0,10.0,12400000.0,789.0,11.0,1.0,37344.0,-0.2232,700000.0,0.0,3.46e-07,-10.0,0.0,0.0,0.0,0.0,0.01,0.002,0.00401,Location2|TCP|UL|2,TCP,UL,2,28
Location2,2026-08-03 17:54:25.026123,0,11.0,1.0,11.0,162000.0,237.0,2.0,0.0,0.0,580.0,-3.535,10.5,-23.3,1.0,8.0,10200000.0,799.0,1.0,0.0,37377.0,0.4768,700000.0,0.0,3.11e-07,-10.0,0.0,0.0,0.0,0.0,0.01,0.002,0.004,Location2|TCP|UL|2,TCP,UL,2,29
Location2,2026-08-03 17:54:26.026175,0,11.0,1.0,12.0,244000.0,315.0,0.0,0.0,46.0,812.0,-3.263,10.7,-23.1,1.0,9.0,11400000.0,795.0,5.0,0.0,37321.0,0.7768,700000.0,0.0,2.97e-07,-10.0,0.0,0.0,0.0,0.0,0.01,0.002,0.004,Location2|TCP|UL|2,TCP,UL,2,30
Location2,2026-08-03 17:54:34.027488,0,11.0,1.0,13.0,238000.0,295.0,0.0,0.0,0.0,614.0,-2.217,6.3,-22.2,1.0,1.0,2650000.0,800.0,0.0,0.0,37369.0,-3.906,700000.0,0.0,3.03e-07,-12.0,0.0,0.0,0.0,0.0,0.013,0.002,0.004,Location2|TCP|UL|3,TCP,UL,3,5
Location2,2026-08-03 17:54:35.027705,0,11.0,1.0,13.0,227000.0,286.0,0.0,0.0,58.0,605.0,-1.991,7.0,-24.8,1.0,2.0,2620000.0,793.0,7.0,0.0,37357.0,-3.806,700000.0,0.0,3.1700000000000005e-07,-11.0,0.0,0.0,0.0,0.0,0.017,0.002,0.004,Location2|TCP|UL|3,TCP,UL,3,6
Location2,2026-08-03 17:54:36.027773,0,10.0,1.0,13.0,368000.0,424.0,0.0,0.0,0.0,923.0,-1.658,9.3,-24.5,1.0,3.0,4950000.0,796.0,4.0,0.0,37276.0,-3.406,700000.0,0.0,3.18e-07,-10.0,0.0,0.0,0.0,0.0,0.012,0.002,0.004,Location2|TCP|UL|3,TCP,UL,3,7
Location2,2026-08-03 17:54:37.028028,0,11.0,1.0,14.0,395000.0,438.0,0.0,0.0,0.0,937.0,-1.306,10.1,-24.8,1.0,4.0,5520000.0,796.0,4.0,0.0,37253.0,-3.006,700000.0,0.0,3.550000000000001e-07,-9.0,0.0,0.0,0.0,0.0,0.014,0.002,0.004,Location2|TCP|UL|3,TCP,UL,3,8
Location2,2026-08-03 17:54:38.028162,0,11.0,1.0,16.0,359000.0,370.0,0.0,0.0,58.0,762.0,-1.002,11.0,-24.3,1.0,5.0,7070000.0,796.0,4.0,0.0,37305.0,-2.606,700000.0,0.0,3.29e-07,-8.0,0.0,0.0,0.0,0.0,0.016,0.002,0.004,Location2|TCP|UL|3,TCP,UL,3,9
Location2,2026-08-03 17:54:39.028435,0,11.0,1.0,17.0,452000.0,416.0,0.0,0.0,0.0,859.0,-0.6587,11.7,-23.7,1.0,6.0,8750000.0,798.0,2.0,0.0,37296.0,-2.006,700000.0,0.0,3.41e-07,-9.0,0.0,0.0,0.0,0.0,0.012,0.002,0.004,Location2|TCP|UL|3,TCP,UL,3,10
Location2,2026-08-03 17:54:40.028540,0,11.0,1.0,17.0,345000.0,356.0,8.0,2.0,0.0,757.0,-1.144,10.8,-23.9,1.0,6.0,8450000.0,798.0,2.0,0.0,37309.0,-1.406,700000.0,0.0,3.46e-07,-9.0,0.0,0.0,0.0,0.0,0.016,0.002,0.004,Location2|TCP|UL|3,TCP,UL,3,11
Location2,2026-08-03 17:54:41.028792,0,12.0,1.0,18.0,454000.0,465.0,5.0,1.0,0.0,1013.0,-1.245,12.3,-25.4,1.0,8.0,10400000.0,790.0,10.0,1.0,37282.0,-1.606,700000.0,0.0,3.41e-07,-8.0,0.0,0.0,0.0,0.0,0.01,0.002,0.00401,Location2|TCP|UL|3,TCP,UL,3,12
Location2,2026-08-03 17:54:42.028986,0,12.0,1.0,18.0,350000.0,344.0,2.0,0.0,0.0,714.0,-1.152,10.5,-24.7,1.0,6.0,8570000.0,800.0,0.0,0.0,37335.0,-0.8063,700000.0,0.0,3.400000000000001e-07,-9.0,0.0,0.0,0.0,0.0,0.011,0.002,0.004,Location2|TCP|UL|3,TCP,UL,3,13
Location2,2026-08-03 17:54:43.029190,0,12.0,1.0,18.0,337000.0,309.0,2.0,0.0,3.0,646.0,-1.093,7.1,-23.6,1.0,4.0,5670000.0,800.0,0.0,0.0,37333.0,-0.006272,700000.0,0.0,3.400000000000001e-07,-9.0,0.0,0.0,0.0,0.0,0.016,0.002,0.004,Location2|TCP|UL|3,TCP,UL,3,14
Location2,2026-08-03 17:54:44.029465,0,12.0,1.0,17.0,329000.0,322.0,10.0,3.0,0.0,698.0,-1.814,6.8,-23.3,1.0,5.0,6460000.0,800.0,0.0,0.0,37331.0,0.7937,700000.0,0.0,3.3e-07,-9.0,0.0,0.0,0.0,0.0,0.018,0.002,0.004,Location2|TCP|UL|3,TCP,UL,3,15
Location2,2026-08-03 17:54:45.029600,0,12.0,1.0,16.0,410000.0,408.0,8.0,1.0,58.0,865.0,-2.266,8.5,-23.6,1.0,7.0,9000000.0,800.0,0.0,0.0,37323.0,1.594,700000.0,0.0,3.140000000000001e-07,-9.0,0.0,0.0,0.0,0.0,0.011,0.002,0.004,Location2|TCP|UL|3,TCP,UL,3,16
Location2,2026-08-03 17:54:46.029865,0,12.0,1.0,16.0,336000.0,340.0,4.0,1.0,58.0,749.0,-2.409,7.6,-23.5,1.0,6.0,8740000.0,798.0,2.0,0.0,37314.0,2.194,700000.0,0.0,3.15e-07,-10.0,0.0,0.0,0.0,0.0,0.012,0.002,0.004,Location2|TCP|UL|3,TCP,UL,3,17
Location2,2026-08-03 17:54:47.030124,0,12.0,1.0,15.0,193000.0,221.0,7.0,3.0,0.0,487.0,-2.919,2.8,-23.0,1.0,3.0,4660000.0,796.0,4.0,0.0,37406.0,2.594,700000.0,0.0,3.25e-07,-10.0,0.0,0.0,0.0,0.0,0.018,0.002,0.004,Location2|TCP|UL|3,TCP,UL,3,18
Location2,2026-08-03 17:54:48.030315,0,12.0,1.0,14.0,73100.0,101.0,5.0,4.0,3.0,217.0,-3.331,-4.8,-22.8,1.0,0.0,1310000.0,800.0,0.0,0.0,37473.0,3.394,700000.0,0.0,3.35e-07,-10.0,0.0,0.0,0.0,0.0,0.019,0.002,0.004,Location2|TCP|UL|3,TCP,UL,3,19
Location2,2026-08-03 17:54:49.030609,0,11.0,1.0,12.0,180000.0,252.0,11.0,4.0,0.0,600.0,-3.989,3.6,-23.2,1.0,5.0,6910000.0,785.0,15.0,1.0,37343.0,2.694,700000.0,0.0,3.58e-07,-11.0,0.0,0.0,0.0,0.0,0.017,0.002,0.00401,Location2|TCP|UL|3,TCP,UL,3,20
Location2,2026-08-03 17:54:50.030747,0,11.0,1.0,11.0,218000.0,297.0,2.0,0.0,0.0,725.0,-3.903,7.9,-24.0,1.0,7.0,8970000.0,779.0,21.0,2.0,37341.0,1.394,700000.0,0.0,3.34e-07,-11.0,0.0,0.0,0.0,0.0,0.017,0.002,0.0040199999999999,Location2|TCP|UL|3,TCP,UL,3,21
Location2,2026-08-03 17:54:51.031061,0,11.0,1.0,11.0,166000.0,265.0,3.0,1.0,0.0,653.0,-3.87,6.9,-24.3,1.0,6.0,7590000.0,799.0,1.0,0.0,37370.0,2.094,700000.0,0.0,3.47e-07,-11.0,0.0,0.0,0.0,0.0,0.016,0.002,0.00401,Location2|TCP|UL|3,TCP,UL,3,22
Location2,2026-08-03 17:54:52.031334,0,11.0,1.0,11.0,158000.0,252.0,5.0,1.0,0.0,626.0,-3.947,6.4,-23.6,1.0,6.0,7990000.0,783.0,17.0,2.0,37355.0,1.194,700000.0,0.0,3.63e-07,-11.0,0.0,0.0,0.0,0.0,0.019,0.002,0.00401,Location2|TCP|UL|3,TCP,UL,3,23
Location2,2026-08-03 17:54:53.031502,0,11.0,1.0,12.0,154000.0,233.0,11.0,4.0,0.0,534.0,-3.996,6.9,-23.6,1.0,5.0,7350000.0,791.0,9.0,1.0,37366.0,1.094,700000.0,0.0,3.27e-07,-11.0,0.0,0.0,0.0,0.0,0.017,0.002,0.004,Location2|TCP|UL|3,TCP,UL,3,24
Location2,2026-08-03 17:54:54.031802,0,11.0,1.0,12.0,149000.0,220.0,5.0,2.0,0.0,520.0,-3.972,6.2,-24.1,1.0,5.0,6600000.0,791.0,9.0,1.0,37382.0,0.9937,700000.0,0.0,3.330000000000001e-07,-11.0,0.0,0.0,0.0,0.0,0.018,0.002,0.004,Location2|TCP|UL|3,TCP,UL,3,25
Location2,2026-08-03 17:54:55.031987,0,11.0,1.0,11.0,159000.0,244.0,5.0,2.0,0.0,589.0,-3.945,7.5,-24.2,1.0,5.0,7560000.0,794.0,6.0,0.0,37363.0,1.194,700000.0,0.0,3.22e-07,-11.0,0.0,0.0,0.0,0.0,0.014,0.002,0.004,Location2|TCP|UL|3,TCP,UL,3,26
Location2,2026-08-03 17:54:56.032278,0,11.0,1.0,11.0,143000.0,221.0,1.0,0.0,0.0,480.0,-3.873,5.4,-23.9,1.0,4.0,6300000.0,792.0,8.0,1.0,37389.0,1.293,700000.0,0.0,3.39e-07,-11.0,0.0,0.0,0.0,0.0,0.019,0.002,0.004,Location2|TCP|UL|3,TCP,UL,3,27
Location2,2026-08-03 17:54:57.032443,0,11.0,1.0,12.0,187000.0,268.0,5.0,1.0,0.0,688.0,-3.984,9.6,-24.4,1.0,7.0,9380000.0,773.0,27.0,3.0,37315.0,-0.6073,700000.0,0.0,3.41e-07,-11.0,0.0,0.0,0.0,0.0,0.016,0.002,0.00401,Location2|TCP|UL|3,TCP,UL,3,28
Location2,2026-08-03 17:54:58.032750,0,12.0,1.0,13.0,160000.0,226.0,16.0,6.0,0.0,538.0,-3.988,8.9,-25.0,1.0,5.0,6830000.0,789.0,11.0,1.0,37359.0,-0.9073,700000.0,0.0,3.450000000000001e-07,-10.0,0.0,0.0,0.0,0.0,0.012,0.002,0.004,Location2|TCP|UL|3,TCP,UL,3,29
Location2,2026-08-03 17:54:59.033050,0,12.0,1.0,13.0,152000.0,214.0,3.0,1.0,0.0,501.0,-3.905,7.4,-24.4,1.0,4.0,5640000.0,765.0,35.0,4.0,37375.0,-3.508,700000.0,0.0,3.47e-07,-10.0,0.0,0.0,0.0,0.0,0.025,0.002,0.00401,Location2|TCP|UL|3,TCP,UL,3,30
Location2,2026-08-03 17:55:00.033244,0,12.0,1.0,13.0,75700.0,120.0,4.0,3.0,0.0,275.0,-3.997,5.2,-24.5,1.0,1.0,2210000.0,783.0,17.0,2.0,37444.0,-4.408,700000.0,0.0,3.49e-07,-9.0,0.0,0.0,0.0,0.0,0.02,0.002,0.004,Location2|TCP|UL|3,TCP,UL,3,31
Location2,2026-08-03 17:55:01.033570,0,12.0,1.0,12.0,44600.0,85.0,2.0,2.0,0.0,176.0,-3.965,-1.4,-24.3,1.0,0.0,1180000.0,799.0,1.0,0.0,37494.0,-3.609,700000.0,0.0,3.29e-07,-10.0,0.0,0.0,0.0,0.0,0.02,0.002,0.004,Location2|TCP|UL|3,TCP,UL,3,32
Location2,2026-08-03 17:55:02.033698,0,11.0,1.0,12.0,49600.0,91.0,3.0,3.0,0.0,195.0,-4.0,-1.0,-23.5,1.0,0.0,1320000.0,798.0,2.0,0.0,37456.0,-2.91,700000.0,0.0,3.34e-07,-13.0,0.0,0.0,0.0,0.0,0.019,0.002,0.004,Location2|TCP|UL|3,TCP,UL,3,33
Location2,2026-08-03 17:55:03.034055,0,11.0,1.0,12.0,105000.0,168.0,7.0,4.0,0.0,426.0,-3.953,7.0,-25.4,1.0,3.0,3700000.0,772.0,28.0,3.0,37372.0,-4.811,700000.0,0.0,3.380000000000001e-07,-14.0,0.0,0.0,0.0,0.0,0.019,0.002,0.004,Location2|TCP|UL|3,TCP,UL,3,34
Location2,2026-08-03 17:55:04.034707,0,11.0,1.0,11.0,91600.0,157.0,12.0,7.0,58.0,363.0,,9.1,-25.8,1.0,2.0,3560000.0,784.0,16.0,2.0,37423.0,-5.0,700000.0,0.0,3.53e-07,-19.0,0.0,0.0,0.0,0.0,0.017,0.002,0.00399,Location2|TCP|UL|3,TCP,UL,3,35
Location2,2026-08-03 17:55:05.034599,0,11.0,1.0,11.0,53600.0,98.0,2.0,2.0,0.0,302.0,-3.985,4.0,-24.4,1.0,0.0,1330000.0,791.0,9.0,1.0,37432.0,-4.303,700000.0,0.0,3.28e-07,-15.0,0.0,1.0,0.0,0.0,0.023,0.002,0.004,Location2|TCP|UL|3,TCP,UL,3,36
Location2,2026-08-03 17:55:06.034909,0,11.0,1.0,11.0,56700.0,97.0,1.0,1.0,0.0,215.0,-3.979,4.6,-24.0,1.0,0.0,1370000.0,798.0,2.0,0.0,37482.0,-3.505,700000.0,0.0,3.42e-07,-15.0,0.0,0.0,0.0,0.0,0.02,0.002,0.004,Location2|TCP|UL|3,TCP,UL,3,37
Location2,2026-08-03 17:55:07.035108,0,11.0,1.0,11.0,134000.0,211.0,5.0,2.0,0.0,449.0,-3.949,9.5,-24.6,1.0,3.0,5040000.0,800.0,0.0,0.0,37403.0,-2.705,700000.0,0.0,3.59e-07,-14.0,0.0,0.0,0.0,0.0,0.017,0.002,0.004,Location2|TCP|UL|3,TCP,UL,3,38
Location2,2026-08-03 17:55:08.035462,0,11.0,1.0,12.0,101000.0,167.0,5.0,2.0,0.0,384.0,-3.997,7.8,-24.6,1.0,3.0,3930000.0,800.0,0.0,0.0,37432.0,-1.905,700000.0,0.0,3.400000000000001e-07,-14.0,0.0,0.0,0.0,0.0,0.017,0.002,0.004,Location2|TCP|UL|3,TCP,UL,3,39
Location2,2026-08-03 17:55:09.035760,0,11.0,1.0,12.0,99700.0,154.0,1.0,0.0,58.0,339.0,-3.929,6.1,-24.1,1.0,2.0,3340000.0,800.0,0.0,0.0,37460.0,-1.105,700000.0,0.0,3.210000000000001e-07,-14.0,0.0,0.0,0.0,0.0,0.019,0.002,0.004,Location2|TCP|UL|3,TCP,UL,3,40
Location2,2026-08-03 17:55:10.035951,0,12.0,1.0,12.0,203000.0,275.0,3.0,1.0,0.0,633.0,-3.856,9.7,-24.8,1.0,6.0,8070000.0,798.0,2.0,0.0,37368.0,-0.5052,700000.0,0.0,3.2e-07,-14.0,0.0,0.0,0.0,0.0,0.013,0.002,0.004,Location2|TCP|UL|3,TCP,UL,3,41
Location2,2026-08-03 17:55:11.036279,0,11.0,1.0,11.0,185000.0,258.0,1.0,0.0,58.0,620.0,-3.731,9.4,-22.5,1.0,7.0,9360000.0,799.0,1.0,0.0,37390.0,0.1948,700000.0,0.0,3.08e-07,-13.0,0.0,0.0,0.0,0.0,0.018,0.002,0.004,Location2|TCP|UL|3,TCP,UL,3,42
Location2,2026-08-03 17:55:24.039916,0,11.0,1.0,14.0,19800000.0,1200.0,0.0,0.0,6100000.0,59046.0,-1.6,22.5,-15.7,1.0,21.0,217000.0,50.0,1.0,1.0,304.0,-4.565,0.0,50.0,2.85e-07,-4.0,0.0,0.0,0.0,0.0,0.001,0.02,0.004,Location2|UDP|DL|1,UDP,DL,1,5
Location2,2026-08-03 17:55:25.040292,0,11.0,1.0,16.0,23400000.0,1200.0,0.0,0.0,6080000.0,59046.0,-0.5501,23.2,-14.8,1.0,22.0,221000.0,50.0,3.0,5.0,298.0,-4.812,0.0,50.0,2.8800000000000004e-07,-3.0,0.0,0.0,0.0,0.0,0.001,0.02,0.004,Location2|UDP|DL|1,UDP,DL,1,6
Location2,2026-08-03 17:55:26.040689,0,12.0,1.0,19.0,27700000.0,1194.0,6.0,0.0,6070000.0,59037.0,-0.1001,22.9,-15.0,1.0,22.0,221000.0,50.0,1.0,1.0,313.0,-4.861,0.0,50.0,2.950000000000001e-07,-6.0,0.0,0.0,0.0,0.0,0.001,0.02,0.004,Location2|UDP|DL|1,UDP,DL,1,7
Location2,2026-08-03 17:55:27.040884,0,12.0,1.0,20.0,28600000.0,1180.0,20.0,1.0,6080000.0,59046.0,-1.045,13.6,-21.2,1.0,7.0,173000.0,50.0,0.0,0.0,1238.0,-4.811,0.0,50.0,3.22e-07,-13.0,0.0,0.0,0.0,0.0,0.001,0.02,0.004,Location2|UDP|DL|1,UDP,DL,1,8
Location2,2026-08-03 17:55:28.041215,0,12.0,1.0,19.0,28100000.0,1200.0,0.0,0.0,6070000.0,59046.0,0.004889,3.9,-24.6,1.0,0.0,83600.0,50.0,0.0,0.0,2477.0,-4.761,0.0,50.0,3.190000000000001e-07,-12.0,0.0,0.0,0.0,0.0,0.001,0.02,0.004,Location2|UDP|DL|1,UDP,DL,1,9
Location2,2026-08-03 17:55:29.041462,0,12.0,1.0,20.0,28200000.0,1183.0,17.0,1.0,6060000.0,58962.0,-0.5451,4.4,-25.4,1.0,0.0,85500.0,51.0,0.0,0.0,2429.0,-4.71,0.0,50.0,3.11e-07,-12.0,0.0,0.0,0.0,0.0,0.001,0.02,0.004,Location2|UDP|DL|1,UDP,DL,1,10
Location2,2026-08-03 17:55:30.041800,0,12.0,1.0,20.0,28100000.0,1184.0,16.0,1.0,6060000.0,58995.0,-1.094,3.2,-24.0,1.0,0.0,78100.0,50.0,0.0,0.0,2500.0,-4.66,0.0,50.0,3.16e-07,-12.0,0.0,0.0,0.0,0.0,0.001,0.02,0.004,Location2|UDP|DL|1,UDP,DL,1,11
Location2,2026-08-03 17:55:31.042043,0,13.0,1.0,20.0,28600000.0,1184.0,16.0,1.0,6070000.0,59046.0,-1.445,0.3,-22.9,1.0,0.0,77200.0,50.0,0.0,0.0,2500.0,-4.61,0.0,50.0,3.450000000000001e-07,-12.0,0.0,0.0,0.0,0.0,0.001,0.02,0.004,Location2|UDP|DL|1,UDP,DL,1,12
Location2,2026-08-03 17:55:32.042356,0,13.0,1.0,20.0,28500000.0,1194.0,6.0,0.0,6060000.0,59046.0,-0.994,4.8,-22.8,1.0,0.0,85800.0,50.0,0.0,0.0,2500.0,-4.56,0.0,50.0,3.25e-07,-12.0,0.0,0.0,0.0,0.0,0.001,0.02,0.004,Location2|UDP|DL|1,UDP,DL,1,13
Location2,2026-08-03 17:55:33.042739,0,13.0,1.0,20.0,28700000.0,1188.0,12.0,1.0,6060000.0,59025.0,-1.144,6.4,-22.5,1.0,1.0,101000.0,50.0,0.0,0.0,2394.0,-4.51,0.0,50.0,3.27e-07,-12.0,0.0,0.0,0.0,0.0,0.001,0.02,0.004,Location2|UDP|DL|1,UDP,DL,1,14
Location2,2026-08-03 17:55:34.042980,0,13.0,1.0,20.0,28300000.0,1184.0,16.0,1.0,6060000.0,59016.0,-1.493,7.0,-21.8,1.0,1.0,113000.0,50.0,0.0,0.0,2302.0,-4.46,0.0,50.0,3.210000000000001e-07,-13.0,0.0,0.0,0.0,0.0,0.001,0.02,0.004,Location2|UDP|DL|1,UDP,DL,1,15
Location2,2026-08-03 17:55:35.043332,0,12.0,1.0,18.0,26400000.0,1197.0,3.0,0.0,6070000.0,59046.0,-0.7429,5.7,-21.6,1.0,0.0,94100.0,50.0,0.0,0.0,2449.0,-4.41,0.0,50.0,3.140000000000001e-07,-13.0,0.0,0.0,0.0,0.0,0.001,0.02,0.004,Location2|UDP|DL|1,UDP,DL,1,16
Location2,2026-08-03 17:55:36.043565,0,12.0,1.0,19.0,27500000.0,1192.0,8.0,0.0,6070000.0,59046.0,-0.4899,5.9,-22.9,1.0,1.0,99700.0,50.0,0.0,0.0,2417.0,-4.36,0.0,50.0,3.06e-07,-14.0,0.0,0.0,0.0,0.0,0.001,0.02,0.004,Location2|UDP|DL|1,UDP,DL,1,17
Location2,2026-08-03 17:55:37.043905,0,13.0,1.0,20.0,28800000.0,1182.0,18.0,1.0,6060000.0,59025.0,,16.0,-21.4,1.0,9.0,201000.0,50.0,0.0,0.0,839.0,-4.31,0.0,50.0,3.23e-07,-9.0,0.0,0.0,0.0,0.0,0.001,0.02,0.004,Location2|UDP|DL|1,UDP,DL,1,18
Location2,2026-08-03 17:55:38.044282,0,13.0,1.0,20.0,28700000.0,1188.0,12.0,1.0,6060000.0,59037.0,,19.1,-18.2,1.0,15.0,209000.0,50.0,0.0,0.0,611.0,-4.26,0.0,50.0,3.330000000000001e-07,-4.0,0.0,0.0,0.0,0.0,0.001,0.02,0.004,Location2|UDP|DL|1,UDP,DL,1,19
Location2,2026-08-03 17:55:39.044492,0,12.0,1.0,19.0,26900000.0,1190.0,10.0,0.0,6070000.0,59025.0,-1.041,22.7,-15.5,1.0,22.0,220000.0,50.0,5.0,9.0,312.0,-4.705,0.0,50.0,3.3600000000000004e-07,-5.0,0.0,0.0,0.0,0.0,0.001,0.02,0.004,Location2|UDP|DL|1,UDP,DL,1,20
Location2,2026-08-03 17:55:50.043779,0,12.0,1.0,19.0,27600000.0,1186.0,14.0,1.0,6060000.0,59037.0,-0.4709,21.8,-16.8,1.0,19.0,219000.0,50.0,0.0,0.0,338.0,-4.705,0.0,50.0,3.1200000000000004e-07,-8.0,0.0,0.0,0.0,0.0,0.001,0.02,0.004,Location2|UDP|DL|2,UDP,DL,2,5
Location2,2026-08-03 17:55:51.043342,0,12.0,1.0,20.0,28300000.0,1191.0,9.0,0.0,6060000.0,59046.0,-0.3199,20.2,-18.5,1.0,15.0,215000.0,50.0,0.0,0.0,443.0,-4.655,0.0,50.0,3.11e-07,-3.0,0.0,0.0,0.0,0.0,0.001,0.02,0.004,Location2|UDP|DL|2,UDP,DL,2,6
Location2,2026-08-03 17:55:52.043059,0,12.0,1.0,19.0,28000000.0,1186.0,14.0,1.0,6070000.0,58962.0,-0.5709,22.3,-16.0,1.0,20.0,219000.0,50.0,0.0,0.0,310.0,-4.605,0.0,50.0,2.98e-07,-5.0,0.0,0.0,0.0,0.0,0.001,0.02,0.004,Location2|UDP|DL|2,UDP,DL,2,7
Location2,2026-08-03 17:55:53.042684,0,12.0,1.0,19.0,28100000.0,1193.0,7.0,0.0,6070000.0,59004.0,-0.0229,21.8,-16.9,1.0,19.0,224000.0,50.0,0.0,0.0,337.0,-4.555,0.0,50.0,2.91e-07,-6.0,0.0,0.0,0.0,0.0,0.001,0.02,0.004,Location2|UDP|DL|2,UDP,DL,2,8
Location2,2026-08-03 17:55:54.042358,0,12.0,1.0,20.0,28300000.0,1185.0,15.0,1.0,6060000.0,59037.0,-0.1759,21.5,-16.9,1.0,19.0,217000.0,50.0,1.0,1.0,372.0,-4.604,0.0,50.0,3.020000000000001e-07,-3.0,0.0,0.0,0.0,0.0,0.001,0.02,0.004,Location2|UDP|DL|2,UDP,DL,2,9
Location2,2026-08-03 17:55:55.042137,0,12.0,1.0,19.0,27900000.0,1184.0,16.0,1.0,6060000.0,59046.0,-0.4279,23.1,-14.9,1.0,22.0,217000.0,50.0,1.0,1.0,282.0,-4.653,0.0,50.0,3.06e-07,-4.0,0.0,0.0,0.0,0.0,0.001,0.02,0.004,Location2|UDP|DL|2,UDP,DL,2,10
Location2,2026-08-03 17:55:56.041753,0,12.0,1.0,20.0,28400000.0,1192.0,8.0,0.0,6060000.0,58962.0,-0.1779,23.2,-14.9,1.0,22.0,220000.0,50.0,1.0,1.0,287.0,-4.702,0.0,50.0,3.1700000000000005e-07,-3.0,0.0,0.0,0.0,0.0,0.001,0.02,0.004,Location2|UDP|DL|2,UDP,DL,2,11
Location2,2026-08-03 17:55:57.041485,0,13.0,1.0,16.0,22500000.0,1152.0,48.0,4.0,6090000.0,59046.0,-3.556,23.3,-14.6,1.0,23.0,213000.0,49.0,2.0,3.0,283.0,,0.0,50.0,2.9300000000000004e-07,-3.0,0.0,0.0,0.0,0.0,0.001,0.02,0.004,Location2|UDP|DL|2,UDP,DL,2,12
Location2,2026-08-03 17:55:58.041174,0,13.0,1.0,16.0,23500000.0,1200.0,0.0,0.0,6090000.0,59037.0,-2.506,23.8,-14.2,1.0,24.0,223000.0,51.0,1.0,1.0,265.0,-4.899,0.0,50.0,2.950000000000001e-07,-3.0,0.0,0.0,0.0,0.0,0.001,0.02,0.004,Location2|UDP|DL|2,UDP,DL,2,13
Location2,2026-08-03 17:55:59.040936,0,13.0,1.0,18.0,26900000.0,1200.0,0.0,0.0,6070000.0,59046.0,-1.456,22.8,-15.5,1.0,21.0,221000.0,50.0,0.0,0.0,304.0,-4.849,0.0,50.0,2.830000000000001e-07,-5.0,0.0,0.0,0.0,0.0,0.001,0.02,0.004,Location2|UDP|DL|2,UDP,DL,2,14
Location2,2026-08-03 17:56:00.040759,0,13.0,1.0,20.0,28400000.0,1192.0,8.0,0.0,6070000.0,59004.0,-1.205,23.2,-15.0,1.0,22.0,219000.0,50.0,0.0,0.0,286.0,-4.799,0.0,50.0,2.85e-07,-4.0,0.0,0.0,0.0,0.0,0.001,0.02,0.004,Location2|UDP|DL|2,UDP,DL,2,15
Location2,2026-08-03 17:56:01.040417,0,13.0,1.0,20.0,28600000.0,1189.0,11.0,0.0,6060000.0,59025.0,-1.056,23.7,-14.3,1.0,24.0,219000.0,50.0,1.0,1.0,265.0,-4.848,0.0,50.0,2.900000000000001e-07,-3.0,0.0,0.0,0.0,0.0,0.001,0.02,0.004,Location2|UDP|DL|2,UDP,DL,2,16
Location2,2026-08-03 17:56:02.040218,0,13.0,1.0,20.0,28500000.0,1188.0,12.0,1.0,6060000.0,59016.0,-1.206,24.1,-13.8,1.0,24.0,221000.0,50.0,1.0,1.0,262.0,-4.897,0.0,50.0,2.900000000000001e-07,-3.0,0.0,0.0,0.0,0.0,0.001,0.02,0.004,Location2|UDP|DL|2,UDP,DL,2,17
Location2,2026-08-03 17:56:03.039908,0,13.0,1.0,20.0,28400000.0,1189.0,11.0,0.0,6060000.0,59004.0,-1.156,23.6,-14.6,1.0,23.0,223000.0,50.0,0.0,0.0,276.0,-4.847,0.0,50.0,2.97e-07,-4.0,0.0,0.0,0.0,0.0,0.001,0.02,0.004,Location2|UDP|DL|2,UDP,DL,2,18
Location2,2026-08-03 17:56:04.039689,0,13.0,1.0,20.0,28400000.0,1189.0,11.0,0.0,6070000.0,59025.0,-1.205,23.2,-15.0,1.0,22.0,217000.0,50.0,3.0,5.0,297.0,-4.979,0.0,50.0,2.8100000000000004e-07,-4.0,0.0,0.0,0.0,0.0,0.001,0.02,0.004,Location2|UDP|DL|2,UDP,DL,2,19
Location2,2026-08-03 17:56:05.039411,0,13.0,1.0,20.0,28600000.0,1189.0,11.0,0.0,6050000.0,59025.0,-1.156,23.4,-14.5,1.0,22.0,221000.0,50.0,0.0,0.0,282.0,-4.929,0.0,50.0,2.92e-07,-4.0,0.0,0.0,0.0,0.0,0.001,0.02,0.004,Location2|UDP|DL|2,UDP,DL,2,20
Location2,2026-08-03 17:56:15.037556,0,12.0,1.0,19.0,27600000.0,1187.0,13.0,1.0,6060000.0,59025.0,-0.2867,25.6,-10.6,1.0,26.0,232000.0,50.0,0.0,0.0,250.0,-4.818,0.0,50.0,2.99e-07,-2.0,0.0,0.0,0.0,0.0,0.001,0.02,0.004,Location2|UDP|DL|3,UDP,DL,3,5
Location2,2026-08-03 17:56:16.037398,0,12.0,1.0,19.0,27200000.0,1188.0,12.0,1.0,6060000.0,59037.0,-0.4337,25.8,-10.5,1.0,26.0,244000.0,50.0,0.0,0.0,260.0,-4.773,0.0,50.0,2.98e-07,-2.0,0.0,0.0,0.0,0.0,0.001,0.02,0.004,Location2|UDP|DL|3,UDP,DL,3,6
Location2,2026-08-03 17:56:17.037309,0,12.0,1.0,20.0,28300000.0,1191.0,9.0,0.0,6070000.0,59004.0,-0.2837,24.7,-12.5,1.0,25.0,225000.0,50.0,0.0,0.0,250.0,-4.723,0.0,50.0,3.28e-07,-3.0,0.0,0.0,0.0,0.0,0.001,0.02,0.004,Location2|UDP|DL|3,UDP,DL,3,7
Location2,2026-08-03 17:56:18.037163,0,12.0,1.0,20.0,28300000.0,1190.0,10.0,0.0,6060000.0,59016.0,-0.2327,24.8,-12.5,1.0,25.0,226000.0,50.0,0.0,0.0,250.0,-4.673,0.0,50.0,3.1200000000000004e-07,-3.0,0.0,0.0,0.0,0.0,0.001,0.02,0.004,Location2|UDP|DL|3,UDP,DL,3,8
Location2,2026-08-03 17:56:19.037028,0,12.0,1.0,19.0,28200000.0,1191.0,9.0,0.0,6060000.0,59025.0,-0.08272,24.9,-12.2,1.0,25.0,227000.0,50.0,1.0,1.0,255.0,-4.722,0.0,50.0,3.04e-07,-3.0,0.0,0.0,0.0,0.0,0.001,0.02,0.004,Location2|UDP|DL|3,UDP,DL,3,9
Location2,2026-08-03 17:56:20.036879,0,12.0,1.0,20.0,28600000.0,1188.0,12.0,1.0,6070000.0,59046.0,-0.2327,25.0,-12.1,1.0,25.0,228000.0,50.0,0.0,0.0,250.0,-4.672,0.0,50.0,3.070000000000001e-07,-3.0,0.0,0.0,0.0,0.0,0.001,0.02,0.004,Location2|UDP|DL|3,UDP,DL,3,10
Location2,2026-08-03 17:56:21.036769,0,12.0,1.0,20.0,28400000.0,1189.0,11.0,0.0,6060000.0,58983.0,-0.2817,25.3,-11.7,1.0,26.0,231000.0,50.0,0.0,0.0,250.0,-4.622,0.0,50.0,3.22e-07,-3.0,0.0,0.0,0.0,0.0,0.001,0.02,0.004,Location2|UDP|DL|3,UDP,DL,3,11
Location2,2026-08-03 17:56:22.036616,0,12.0,1.0,20.0,28300000.0,1188.0,12.0,1.0,6060000.0,59016.0,-0.4317,25.4,-11.5,1.0,26.0,234000.0,50.0,2.0,3.0,268.0,-4.772,0.0,50.0,3.2400000000000004e-07,-3.0,0.0,0.0,0.0,0.0,0.001,0.02,0.004,Location2|UDP|DL|3,UDP,DL,3,12
Location2,2026-08-03 17:56:23.036488,0,12.0,1.0,19.0,28200000.0,1191.0,9.0,0.0,6070000.0,59046.0,-0.1828,25.4,-11.4,1.0,26.0,233000.0,50.0,1.0,1.0,259.0,-4.822,0.0,50.0,3.13e-07,-3.0,0.0,0.0,0.0,0.0,0.001,0.02,0.004,Location2|UDP|DL|3,UDP,DL,3,13
Location2,2026-08-03 17:56:24.036477,0,12.0,1.0,20.0,28300000.0,1188.0,12.0,1.0,6070000.0,59004.0,-0.2338,25.3,-11.5,1.0,25.0,230000.0,50.0,0.0,0.0,250.0,-4.772,0.0,50.0,3.0500000000000004e-07,-3.0,0.0,0.0,0.0,0.0,0.001,0.02,0.004,Location2|UDP|DL|3,UDP,DL,3,14
Location2,2026-08-03 17:56:25.036323,0,12.0,1.0,20.0,28500000.0,1191.0,9.0,0.0,6060000.0,59046.0,-0.08377,25.2,-11.8,1.0,25.0,228000.0,50.0,0.0,0.0,250.0,-4.722,0.0,50.0,3.2400000000000004e-07,-3.0,0.0,0.0,0.0,0.0,0.001,0.02,0.004,Location2|UDP|DL|3,UDP,DL,3,15
Location2,2026-08-03 17:56:26.036215,0,12.0,1.0,20.0,28400000.0,1187.0,13.0,1.0,6060000.0,59037.0,-0.2348,25.3,-11.6,1.0,26.0,230000.0,50.0,0.0,0.0,250.0,-4.672,0.0,50.0,3.2e-07,-3.0,0.0,0.0,0.0,0.0,0.001,0.02,0.004,Location2|UDP|DL|3,UDP,DL,3,16
Location2,2026-08-03 17:56:27.036147,0,12.0,1.0,20.0,28500000.0,1189.0,11.0,0.0,6070000.0,59025.0,-0.1858,25.2,-11.7,1.0,26.0,232000.0,50.0,1.0,1.0,259.0,-4.722,0.0,50.0,3.260000000000001e-07,-3.0,0.0,0.0,0.0,0.0,0.001,0.02,0.004,Location2|UDP|DL|3,UDP,DL,3,17
Location2,2026-08-03 17:56:28.036063,0,12.0,1.0,20.0,28700000.0,1190.0,10.0,0.0,6060000.0,59046.0,-0.1358,25.0,-12.1,1.0,25.0,233000.0,50.0,1.0,1.0,263.0,-4.773,0.0,50.0,3.08e-07,-2.0,0.0,0.0,0.0,0.0,0.001,0.02,0.004,Location2|UDP|DL|3,UDP,DL,3,18
Location2,2026-08-03 17:56:29.036013,0,12.0,1.0,19.0,27800000.0,1185.0,15.0,1.0,6070000.0,59025.0,-0.5828,24.1,-13.4,1.0,25.0,222000.0,50.0,0.0,0.0,253.0,-4.723,0.0,50.0,3.18e-07,-2.0,0.0,0.0,0.0,0.0,0.001,0.02,0.004,Location2|UDP|DL|3,UDP,DL,3,19
Location2,2026-08-03 17:56:30.035894,0,12.0,1.0,20.0,28200000.0,1183.0,17.0,1.0,6060000.0,59016.0,-1.232,24.6,-12.6,1.0,25.0,224000.0,50.0,0.0,0.0,251.0,-4.673,0.0,50.0,3.330000000000001e-07,-2.0,0.0,0.0,0.0,0.0,0.001,0.02,0.004,Location2|UDP|DL|3,UDP,DL,3,20
Location2,2026-08-03 17:56:42.035411,0,11.0,1.0,15.0,99000.0,100.0,0.0,0.0,0.0,200.0,-1.136,13.4,-22.7,1.0,9.0,11300000.0,800.0,0.0,0.0,37450.0,-1.617,700000.0,0.0,3.63e-07,-9.0,0.0,0.0,0.0,0.0,0.01,0.002,0.004,Location2|UDP|UL|1,UDP,UL,1,5
Location2,2026-08-03 17:56:43.035439,0,11.0,1.0,15.0,99700.0,100.0,0.0,0.0,0.0,200.0,-1.086,13.4,-22.7,1.0,9.0,12300000.0,800.0,0.0,0.0,37450.0,-0.8172,700000.0,0.0,3.4800000000000005e-07,-9.0,0.0,0.0,0.0,0.0,0.01,0.002,0.004,Location2|UDP|UL|1,UDP,UL,1,6
Location2,2026-08-03 17:56:44.035336,0,11.0,1.0,15.0,97800.0,100.0,0.0,0.0,0.0,200.0,-1.036,13.1,-22.5,1.0,10.0,13000000.0,800.0,0.0,0.0,37450.0,-0.01718,700000.0,0.0,3.56e-07,-9.0,0.0,0.0,0.0,0.0,0.01,0.002,0.004,Location2|UDP|UL|1,UDP,UL,1,7
Location2,2026-08-03 17:56:45.035388,0,11.0,1.0,15.0,102000.0,100.0,0.0,0.0,0.0,200.0,-0.9857,12.6,-22.4,1.0,11.0,13800000.0,800.0,0.0,0.0,37450.0,0.7828,700000.0,0.0,3.61e-07,-9.0,0.0,0.0,0.0,0.0,0.01,0.002,0.004,Location2|UDP|UL|1,UDP,UL,1,8
Location2,2026-08-03 17:56:46.035426,0,11.0,1.0,16.0,106000.0,100.0,0.0,0.0,0.0,200.0,-0.9357,12.9,-22.4,1.0,13.0,15800000.0,795.0,5.0,0.0,37422.0,1.083,700000.0,0.0,3.27e-07,-9.0,0.0,0.0,0.0,0.0,0.01,0.002,0.0040199999999999,Location2|UDP|UL|1,UDP,UL,1,9
Location2,2026-08-03 17:56:47.035377,0,11.0,1.0,16.0,106000.0,100.0,0.0,0.0,0.0,200.0,-0.8857,13.0,-22.5,1.0,13.0,16000000.0,793.0,7.0,0.0,37415.0,1.183,700000.0,0.0,3.1200000000000004e-07,-9.0,0.0,0.0,0.0,0.0,0.01,0.002,0.0040199999999999,Location2|UDP|UL|1,UDP,UL,1,10
Location2,2026-08-03 17:56:48.035424,0,11.0,1.0,16.0,107000.0,100.0,0.0,0.0,0.0,200.0,-0.8357,13.2,-22.4,1.0,13.0,16200000.0,791.0,9.0,1.0,37408.0,1.083,700000.0,0.0,3.400000000000001e-07,-9.0,0.0,0.0,0.0,0.0,0.01,0.002,0.00401,Location2|UDP|UL|1,UDP,UL,1,11
Location2,2026-08-03 17:56:49.035380,0,11.0,1.0,16.0,106000.0,100.0,0.0,0.0,0.0,200.0,-0.7857,13.2,-22.4,1.0,13.0,16200000.0,790.0,10.0,1.0,37415.0,0.8829,700000.0,0.0,3.6400000000000003e-07,-9.0,0.0,0.0,0.0,0.0,0.01,0.002,0.0040199999999999,Location2|UDP|UL|1,UDP,UL,1,12
Location2,2026-08-03 17:56:50.035406,0,11.0,1.0,16.0,108000.0,99.0,1.0,1.0,0.0,202.0,-0.7077,13.0,-22.4,1.0,13.0,15800000.0,794.0,6.0,0.0,37441.0,1.083,700000.0,0.0,3.39e-07,-9.0,0.0,0.0,0.0,0.0,0.012,0.002,0.00401,Location2|UDP|UL|1,UDP,UL,1,13
Location2,2026-08-03 17:56:51.035524,0,11.0,1.0,16.0,111000.0,100.0,1.0,0.0,0.0,200.0,-0.7077,12.9,-22.5,1.0,13.0,15800000.0,786.0,14.0,1.0,37402.0,0.4829,700000.0,0.0,3.46e-07,-9.0,0.0,0.0,0.0,0.0,0.014,0.002,0.00401,Location2|UDP|UL|1,UDP,UL,1,14
Location2,2026-08-03 17:56:52.035449,0,11.0,1.0,16.0,110000.0,100.0,0.0,0.0,0.0,200.0,-0.6077,14.1,-22.6,1.0,13.0,15700000.0,786.0,14.0,1.0,37410.0,-0.1171,700000.0,0.0,3.56e-07,-9.0,0.0,0.0,0.0,0.0,0.01,0.002,0.004,Location2|UDP|UL|1,UDP,UL,1,15
Location2,2026-08-03 17:56:53.035525,0,11.0,1.0,16.0,103000.0,100.0,6.0,5.0,0.0,212.0,-1.102,14.1,-22.6,1.0,12.0,14900000.0,790.0,10.0,1.0,37431.0,-0.3171,700000.0,0.0,3.6000000000000005e-07,-9.0,0.0,0.0,0.0,0.0,0.01,0.002,0.004,Location2|UDP|UL|1,UDP,UL,1,16
Location2,2026-08-03 17:56:54.035473,0,10.0,1.0,15.0,99300.0,100.0,0.0,0.0,0.0,200.0,-1.002,13.9,-22.7,1.0,12.0,15200000.0,796.0,4.0,0.0,37434.0,0.08289,700000.0,0.0,3.380000000000001e-07,-9.0,0.0,0.0,0.0,0.0,0.01,0.002,0.004,Location2|UDP|UL|1,UDP,UL,1,17
Location2,2026-08-03 17:56:55.035518,0,10.0,1.0,16.0,98500.0,99.0,0.0,0.0,0.0,198.0,-0.9027,12.4,-24.2,1.0,10.0,12900000.0,788.0,12.0,1.0,37437.0,-0.3171,700000.0,0.0,3.46e-07,-11.0,0.0,0.0,0.0,0.0,0.012,0.002,0.00401,Location2|UDP|UL|1,UDP,UL,1,18
Location2,2026-08-03 17:56:56.035517,0,10.0,1.0,15.0,41100.0,72.0,0.0,0.0,0.0,146.0,-0.8367,4.3,-25.4,1.0,3.0,4040000.0,800.0,0.0,0.0,37502.0,0.4829,700000.0,0.0,3.39e-07,-10.0,0.0,0.0,0.0,0.0,0.019,0.002,0.004,Location2|UDP|UL|1,UDP,UL,1,19
Location2,2026-08-03 17:56:57.035597,0,10.0,1.0,15.0,78800.0,91.0,0.0,0.0,3.0,180.0,-0.7507,10.7,-24.6,1.0,7.0,7650000.0,750.0,50.0,6.0,37332.0,-3.717,700000.0,0.0,3.3e-07,-11.0,0.0,0.0,0.0,0.0,0.019,0.002,0.00401,Location2|UDP|UL|1,UDP,UL,1,20
Location2,2026-08-03 17:56:58.035690,0,10.0,1.0,15.0,51300.0,79.0,0.0,0.0,3.0,158.0,-0.6797,10.6,-25.1,1.0,4.0,5310000.0,785.0,15.0,1.0,37422.0,-4.417,700000.0,0.0,3.34e-07,-10.0,0.0,0.0,0.0,0.0,0.024,0.002,0.004,Location2|UDP|UL|1,UDP,UL,1,21
Location2,2026-08-03 17:56:59.035655,0,11.0,1.0,16.0,62200.0,83.0,3.0,3.0,0.0,172.0,-0.9047,11.0,-24.0,1.0,4.0,5900000.0,796.0,4.0,0.0,37491.0,-4.017,700000.0,0.0,3.22e-07,-11.0,0.0,0.0,0.0,0.0,0.022,0.002,0.004,Location2|UDP|UL|1,UDP,UL,1,22
Location2,2026-08-03 17:57:07.036152,0,11.0,1.0,15.0,77800.0,98.0,1.0,1.0,0.0,196.0,-1.339,11.3,-25.1,1.0,6.0,8510000.0,800.0,0.0,0.0,37474.0,-1.725,700000.0,0.0,3.190000000000001e-07,-14.0,0.0,0.0,0.0,0.0,0.011,0.002,0.004,Location2|UDP|UL|2,UDP,UL,2,5
Location2,2026-08-03 17:57:08.036280,0,11.0,1.0,15.0,97600.0,100.0,0.0,0.0,0.0,200.0,-1.289,11.4,-25.1,1.0,7.0,9530000.0,800.0,0.0,0.0,37450.0,-0.9245,700000.0,0.0,3.13e-07,-14.0,0.0,0.0,0.0,0.0,0.01,0.002,0.004,Location2|UDP|UL|2,UDP,UL,2,6
Location2,2026-08-03 17:57:09.036280,0,11.0,1.0,15.0,97100.0,100.0,0.0,0.0,0.0,200.0,-1.239,12.4,-24.7,1.0,9.0,11100000.0,786.0,14.0,1.0,37450.0,-1.524,700000.0,0.0,3.190000000000001e-07,-14.0,0.0,0.0,0.0,0.0,0.01,0.002,0.00401,Location2|UDP|UL|2,UDP,UL,2,7
Location2,2026-08-03 17:57:10.036393,0,11.0,1.0,15.0,99000.0,100.0,0.0,0.0,0.0,200.0,-1.189,12.5,-24.6,1.0,9.0,11300000.0,799.0,1.0,0.0,37450.0,-0.8244,700000.0,0.0,3.28e-07,-14.0,0.0,0.0,0.0,0.0,0.01,0.002,0.00401,Location2|UDP|UL|2,UDP,UL,2,8
Location2,2026-08-03 17:57:11.036401,0,11.0,1.0,15.0,100000.0,100.0,0.0,0.0,0.0,200.0,-1.139,12.3,-24.6,1.0,9.0,11500000.0,794.0,6.0,0.0,37443.0,-0.6244,700000.0,0.0,3.04e-07,-13.0,0.0,0.0,0.0,0.0,0.01,0.002,0.00401,Location2|UDP|UL|2,UDP,UL,2,9
Location2,2026-08-03 17:57:12.036529,0,11.0,1.0,15.0,100000.0,100.0,0.0,0.0,0.0,200.0,-1.089,12.5,-24.5,1.0,9.0,11500000.0,789.0,11.0,1.0,37450.0,-0.9244,700000.0,0.0,3.1e-07,-14.0,0.0,0.0,0.0,0.0,0.01,0.002,0.00401,Location2|UDP|UL|2,UDP,UL,2,10
Location2,2026-08-03 17:57:13.036660,0,11.0,1.0,15.0,98500.0,100.0,0.0,0.0,0.0,200.0,-1.039,12.8,-24.5,1.0,9.0,11700000.0,783.0,17.0,2.0,37429.0,-1.824,700000.0,0.0,3.2e-07,-14.0,0.0,0.0,0.0,0.0,0.01,0.002,0.0040199999999999,Location2|UDP|UL|2,UDP,UL,2,11
Location2,2026-08-03 17:57:14.036638,0,11.0,1.0,15.0,101000.0,100.0,0.0,0.0,0.0,200.0,-0.9887,13.8,-24.2,1.0,9.0,11500000.0,788.0,12.0,1.0,37450.0,-2.224,700000.0,0.0,3.2e-07,-14.0,0.0,0.0,0.0,0.0,0.01,0.002,0.0040199999999999,Location2|UDP|UL|2,UDP,UL,2,12
Location2,2026-08-03 17:57:15.036803,0,11.0,1.0,16.0,103000.0,98.0,0.0,0.0,0.0,196.0,-0.9347,13.8,-23.9,1.0,8.0,10700000.0,784.0,16.0,2.0,37424.0,-3.025,700000.0,0.0,3.06e-07,-14.0,0.0,0.0,0.0,0.0,0.017,0.002,0.00401,Location2|UDP|UL|2,UDP,UL,2,13
Location2,2026-08-03 17:57:16.036831,0,11.0,1.0,17.0,112000.0,100.0,0.0,0.0,0.0,200.0,-0.8347,13.7,-24.0,1.0,8.0,10700000.0,794.0,6.0,0.0,37450.0,-2.825,700000.0,0.0,3.13e-07,-14.0,0.0,0.0,0.0,0.0,0.01,0.002,0.00401,Location2|UDP|UL|2,UDP,UL,2,14
Location2,2026-08-03 17:57:17.036952,0,11.0,1.0,17.0,114000.0,100.0,0.0,0.0,0.0,200.0,-0.7347,13.7,-23.9,1.0,8.0,10500000.0,788.0,12.0,1.0,37450.0,-3.225,700000.0,0.0,3.210000000000001e-07,-14.0,0.0,0.0,0.0,0.0,0.01,0.002,0.00401,Location2|UDP|UL|2,UDP,UL,2,15
Location2,2026-08-03 17:57:18.037113,0,11.0,1.0,16.0,107000.0,100.0,0.0,0.0,0.0,200.0,-0.6847,14.1,-23.7,1.0,8.0,10900000.0,796.0,4.0,0.0,37429.0,-2.825,700000.0,0.0,3.32e-07,-14.0,0.0,0.0,0.0,0.0,0.01,0.002,0.00401,Location2|UDP|UL|2,UDP,UL,2,16
Location2,2026-08-03 17:57:19.037140,0,11.0,1.0,16.0,108000.0,99.0,0.0,0.0,0.0,198.0,-0.6037,14.0,-23.6,1.0,8.0,10900000.0,788.0,12.0,1.0,37412.0,-3.225,700000.0,0.0,3.39e-07,-14.0,0.0,0.0,0.0,0.0,0.017,0.002,0.00401,Location2|UDP|UL|2,UDP,UL,2,17
Location2,2026-08-03 17:57:20.037290,0,11.0,1.0,16.0,106000.0,100.0,0.0,0.0,0.0,200.0,-0.5407,13.8,-23.7,1.0,8.0,10200000.0,789.0,11.0,1.0,37450.0,-3.525,700000.0,0.0,3.46e-07,-14.0,0.0,0.0,0.0,0.0,0.011,0.002,0.00401,Location2|UDP|UL|2,UDP,UL,2,18
Location2,2026-08-03 17:57:21.037333,0,11.0,1.0,17.0,115000.0,99.0,3.0,2.0,0.0,204.0,-0.7447,13.7,-23.4,1.0,7.0,9360000.0,789.0,11.0,1.0,37448.0,-3.825,700000.0,0.0,3.53e-07,-14.0,0.0,0.0,0.0,0.0,0.017,0.002,0.00401,Location2|UDP|UL|2,UDP,UL,2,19
Location2,2026-08-03 17:57:22.037494,0,11.0,1.0,17.0,113000.0,100.0,0.0,0.0,0.0,200.0,-0.6627,13.8,-23.4,1.0,7.0,9570000.0,792.0,8.0,1.0,37450.0,-3.825,700000.0,0.0,3.310000000000001e-07,-14.0,0.0,0.0,0.0,0.0,0.011,0.002,0.00401,Location2|UDP|UL|2,UDP,UL,2,20
Location2,2026-08-03 17:57:23.037511,0,11.0,1.0,16.0,108000.0,99.0,0.0,0.0,0.0,198.0,-0.6017,13.7,-23.5,1.0,7.0,9320000.0,792.0,8.0,1.0,37451.0,-3.825,700000.0,0.0,3.23e-07,-14.0,0.0,0.0,0.0,0.0,0.017,0.002,0.00401,Location2|UDP|UL|2,UDP,UL,2,21
Location2,2026-08-03 17:57:24.037683,0,11.0,1.0,17.0,113000.0,99.0,0.0,0.0,0.0,198.0,-0.5077,13.7,-23.5,1.0,7.0,9410000.0,793.0,7.0,0.0,37451.0,-3.725,700000.0,0.0,3.1200000000000004e-07,-14.0,0.0,0.0,0.0,0.0,0.017,0.002,0.00401,Location2|UDP|UL|2,UDP,UL,2,22
Location2,2026-08-03 17:57:32.038687,0,11.0,1.0,16.0,57000.0,85.0,0.0,0.0,0.0,172.0,-1.325,9.4,-22.2,1.0,4.0,6350000.0,800.0,0.0,0.0,37491.0,-1.405,700000.0,0.0,3.22e-07,-10.0,0.0,0.0,0.0,0.0,0.014,0.002,0.004,Location2|UDP|UL|3,UDP,UL,3,5
Location2,2026-08-03 17:57:33.038715,0,11.0,1.0,16.0,55200.0,88.0,0.0,0.0,0.0,174.0,-1.244,8.9,-22.1,1.0,5.0,6760000.0,800.0,0.0,0.0,37482.0,-0.6052,700000.0,0.0,3.46e-07,-10.0,0.0,0.0,0.0,0.0,0.013,0.002,0.004,Location2|UDP|UL|3,UDP,UL,3,6
Location2,2026-08-03 17:57:34.038902,0,11.0,1.0,16.0,94800.0,97.0,0.0,0.0,0.0,194.0,-1.15,9.6,-22.4,1.0,6.0,8700000.0,800.0,0.0,0.0,37502.0,0.1948,468000.0,0.0,3.59e-07,-10.0,0.0,0.0,0.0,0.0,0.012,0.002,0.004,Location2|UDP|UL|3,UDP,UL,3,7
Location2,2026-08-03 17:57:35.039064,0,11.0,1.0,16.0,51600.0,98.0,0.0,0.0,0.0,198.0,-1.059,9.2,-22.5,1.0,7.0,9200000.0,800.0,0.0,0.0,37464.0,0.9948,700000.0,0.0,3.3e-07,-11.0,0.0,0.0,0.0,0.0,0.011,0.002,0.004,Location2|UDP|UL|3,UDP,UL,3,8
Location2,2026-08-03 17:57:36.039138,0,11.0,1.0,16.0,24800.0,100.0,5.0,4.0,0.0,210.0,-1.454,10.3,-22.7,1.0,9.0,11600000.0,800.0,0.0,0.0,37445.0,1.795,700000.0,0.0,3.32e-07,-10.0,0.0,0.0,0.0,0.0,0.01,0.002,0.004,Location2|UDP|UL|3,UDP,UL,3,9
Location2,2026-08-03 17:57:37.039336,0,11.0,1.0,15.0,57100.0,100.0,1.0,0.0,0.0,200.0,-1.454,10.6,-22.9,1.0,10.0,13100000.0,796.0,4.0,0.0,37418.0,2.195,700000.0,0.0,3.18e-07,-10.0,0.0,0.0,0.0,0.0,0.016,0.002,0.0040199999999999,Location2|UDP|UL|3,UDP,UL,3,10
Location2,2026-08-03 17:57:38.039398,0,11.0,1.0,16.0,104000.0,99.0,0.0,0.0,0.0,198.0,-1.355,11.9,-23.7,1.0,11.0,13000000.0,765.0,35.0,4.0,37309.0,-0.5052,700000.0,0.0,3.23e-07,-11.0,0.0,0.0,0.0,0.0,0.017,0.002,0.00403,Location2|UDP|UL|3,UDP,UL,3,11
Location2,2026-08-03 17:57:39.039572,0,11.0,1.0,16.0,104000.0,100.0,0.0,0.0,0.0,200.0,-1.255,13.0,-24.2,1.0,10.0,12300000.0,789.0,11.0,1.0,37394.0,-0.8052,700000.0,0.0,3.35e-07,-11.0,0.0,0.0,0.0,0.0,0.01,0.002,0.00401,Location2|UDP|UL|3,UDP,UL,3,12
Location2,2026-08-03 17:57:40.039662,0,11.0,1.0,15.0,103000.0,100.0,0.0,0.0,0.0,200.0,-1.155,13.0,-24.1,1.0,10.0,12300000.0,791.0,9.0,1.0,37402.0,-0.9052,700000.0,0.0,3.41e-07,-11.0,0.0,0.0,0.0,0.0,0.01,0.002,0.00401,Location2|UDP|UL|3,UDP,UL,3,13
Location2,2026-08-03 17:57:41.039839,0,11.0,1.0,16.0,104000.0,100.0,0.0,0.0,0.0,200.0,-1.055,13.1,-24.1,1.0,10.0,12300000.0,792.0,8.0,1.0,37426.0,-0.9052,700000.0,0.0,3.500000000000001e-07,-11.0,0.0,0.0,0.0,0.0,0.01,0.002,0.00401,Location2|UDP|UL|3,UDP,UL,3,14
Location2,2026-08-03 17:57:42.040028,0,11.0,1.0,16.0,109000.0,100.0,0.0,0.0,0.0,200.0,-0.9546,13.2,-24.2,1.0,10.0,12200000.0,786.0,14.0,1.0,37426.0,-1.505,700000.0,0.0,3.58e-07,-11.0,0.0,0.0,0.0,0.0,0.01,0.002,0.0040199999999999,Location2|UDP|UL|3,UDP,UL,3,15
Location2,2026-08-03 17:57:43.040107,0,11.0,1.0,17.0,115000.0,100.0,0.0,0.0,0.0,200.0,-0.8546,13.4,-24.2,1.0,9.0,12200000.0,795.0,5.0,0.0,37442.0,-1.205,700000.0,0.0,3.380000000000001e-07,-11.0,0.0,0.0,0.0,0.0,0.01,0.002,0.00401,Location2|UDP|UL|3,UDP,UL,3,16
Location2,2026-08-03 17:57:44.040288,0,11.0,1.0,17.0,113000.0,100.0,0.0,0.0,0.0,200.0,-0.7546,13.4,-24.1,1.0,10.0,12300000.0,792.0,8.0,1.0,37442.0,-1.205,700000.0,0.0,3.39e-07,-11.0,0.0,0.0,0.0,0.0,0.01,0.002,0.00401,Location2|UDP|UL|3,UDP,UL,3,17
Location2,2026-08-03 17:57:45.040385,0,11.0,1.0,17.0,115000.0,100.0,0.0,0.0,0.0,200.0,-0.6546,13.2,-24.1,1.0,10.0,12300000.0,794.0,6.0,0.0,37434.0,-1.005,700000.0,0.0,3.47e-07,-11.0,0.0,0.0,0.0,0.0,0.01,0.002,0.00401,Location2|UDP|UL|3,UDP,UL,3,18
Location2,2026-08-03 17:57:46.040592,0,11.0,1.0,17.0,114000.0,100.0,0.0,0.0,0.0,200.0,-0.5546,13.3,-24.3,1.0,10.0,12200000.0,789.0,11.0,1.0,37402.0,-1.305,700000.0,0.0,3.56e-07,-11.0,0.0,0.0,0.0,0.0,0.01,0.002,0.00401,Location2|UDP|UL|3,UDP,UL,3,19
Location2,2026-08-03 17:57:47.040776,0,11.0,1.0,17.0,117000.0,100.0,3.0,2.0,0.0,206.0,-0.7516,13.3,-24.2,1.0,10.0,12500000.0,797.0,3.0,0.0,37431.0,-0.8051,700000.0,0.0,3.450000000000001e-07,-10.0,0.0,0.0,0.0,0.0,0.01,0.002,0.00401,Location2|UDP|UL|3,UDP,UL,3,20
Location2,2026-08-03 17:57:48.040847,0,11.0,1.0,16.0,110000.0,100.0,0.0,0.0,0.0,200.0,-0.6516,13.3,-24.2,1.0,10.0,12600000.0,792.0,8.0,1.0,37450.0,-0.8051,700000.0,0.0,3.37e-07,-10.0,0.0,0.0,0.0,0.0,0.01,0.002,0.00401,Location2|UDP|UL|3,UDP,UL,3,21
Location3,2026-08-03 18:01:29.029263,0,7.0,1.0,2.0,3520000.0,1137.0,63.0,5.0,483000.0,59046.0,-3.999,4.8,-27.1,1.0,6.0,158000.0,89.0,15.0,14.0,2230.0,-4.949,0.0,27.0,3.22e-07,-15.0,0.0,1.0,0.0,0.0,0.001,0.03,0.004,Location3|TCP|DL|1,TCP,DL,1,5
Location3,2026-08-03 18:01:30.029006,0,7.0,1.0,3.0,4430000.0,1118.0,82.0,6.0,524000.0,59046.0,-3.994,9.0,-26.3,1.0,8.0,163000.0,114.0,28.0,19.0,2537.0,-4.999,384.0,13.0,3.2e-07,-8.0,0.0,0.0,0.0,0.0,0.001,0.03,0.004,Location3|TCP|DL|1,TCP,DL,1,6
Location3,2026-08-03 18:01:31.028941,0,7.0,1.0,3.0,4430000.0,1121.0,79.0,6.0,720000.0,59037.0,-3.994,4.3,-28.3,1.0,5.0,202000.0,139.0,30.0,17.0,4529.0,-4.993,0.0,19.0,3.020000000000001e-07,-22.0,0.0,0.0,0.0,0.0,0.001,0.03,0.004,Location3|TCP|DL|1,TCP,DL,1,7
Location3,2026-08-03 18:01:32.028926,0,7.0,1.0,3.0,4450000.0,1129.0,71.0,5.0,882000.0,59037.0,-3.994,1.3,-30.3,1.0,2.0,186000.0,127.0,19.0,13.0,4912.0,-4.997,74.0,22.0,2.97e-07,-25.0,0.0,0.0,0.0,0.0,0.001,0.097,0.004,Location3|TCP|DL|1,TCP,DL,1,8
Location3,2026-08-03 18:01:33.028686,0,7.0,1.0,3.0,4450000.0,1132.0,68.0,5.0,1130000.0,59046.0,-3.994,8.2,-26.0,1.0,8.0,184000.0,86.0,20.0,18.0,2369.0,,384.0,28.0,3.0500000000000004e-07,-18.0,0.0,0.0,0.0,0.0,0.001,0.07,0.004,Location3|TCP|DL|1,TCP,DL,1,9
Location3,2026-08-03 18:01:34.028642,0,7.0,1.0,3.0,4440000.0,1121.0,79.0,6.0,1390000.0,59046.0,-3.994,8.3,-25.6,1.0,6.0,189000.0,111.0,12.0,9.0,2887.0,-4.992,102.0,28.0,2.98e-07,-22.0,0.0,0.0,0.0,0.0,0.001,0.027,0.004,Location3|TCP|DL|1,TCP,DL,1,10
Location3,2026-08-03 18:01:35.028444,0,7.0,1.0,3.0,4480000.0,1155.0,45.0,3.0,1650000.0,59046.0,-3.523,7.6,-25.9,1.0,8.0,185000.0,95.0,33.0,25.0,3079.0,-4.983,198.0,33.0,2.94e-07,-22.0,0.0,0.0,0.0,0.0,0.001,0.027,0.004,Location3|TCP|DL|1,TCP,DL,1,11
Location3,2026-08-03 18:01:36.028383,0,7.0,1.0,4.0,6750000.0,1197.0,3.0,0.0,2060000.0,59037.0,-2.773,4.1,-28.1,1.0,5.0,241000.0,150.0,35.0,18.0,5319.0,,384.0,13.0,3.0000000000000004e-07,-23.0,0.0,1.0,0.0,0.0,0.001,0.097,0.00401,Location3|TCP|DL|1,TCP,DL,1,12
Location3,2026-08-03 18:01:37.028324,0,7.0,1.0,4.0,6130000.0,1169.0,31.0,2.0,2440000.0,59004.0,-3.81,-2.1,-30.9,1.0,2.0,218000.0,160.0,33.0,17.0,6269.0,,0.0,16.0,2.79e-07,-17.0,0.0,0.0,0.0,0.0,0.001,0.032,0.004,Location3|TCP|DL|1,TCP,DL,1,13
Location3,2026-08-03 18:01:38.028161,0,7.0,1.0,4.0,5430000.0,1186.0,14.0,1.0,2710000.0,59025.0,-3.112,1.4,-28.3,1.0,4.0,173000.0,136.0,23.0,14.0,4171.0,,0.0,12.0,2.9300000000000004e-07,-23.0,0.0,0.0,0.0,0.0,0.001,0.027,0.004,Location3|TCP|DL|1,TCP,DL,1,14
Location3,2026-08-03 18:01:39.028109,0,7.0,1.0,5.0,7990000.0,1199.0,1.0,0.0,3250000.0,59046.0,-2.161,-2.0,-29.6,1.0,2.0,284000.0,223.0,26.0,10.0,7699.0,-4.959,384.0,7.0,2.98e-07,-24.0,0.0,1.0,0.0,0.0,0.001,0.095,0.004,Location3|TCP|DL|1,TCP,DL,1,15
Location3,2026-08-03 18:01:40.027957,0,7.0,1.0,5.0,8039999.999999999,1181.0,19.0,1.0,3760000.0,59016.0,-3.008,-1.6,-29.6,1.0,4.0,275000.0,179.0,40.0,18.0,6820.0,-4.979,384.0,14.0,3.06e-07,-23.0,0.0,1.0,0.0,0.0,0.001,0.025,0.004,Location3|TCP|DL|1,TCP,DL,1,16
Location3,2026-08-03 18:01:41.027871,0,7.0,1.0,5.0,7340000.0,1189.0,11.0,0.0,4210000.0,59028.0,-3.058,-2.5,-30.3,1.0,3.0,249000.0,190.0,34.0,15.0,7018.0,-4.912,276.0,12.0,3.08e-07,-22.0,0.0,2.0,0.0,0.0,0.001,0.097,0.004,Location3|TCP|DL|1,TCP,DL,1,17
Location3,2026-08-03 18:01:42.027739,0,7.0,1.0,5.0,8170000.0,1199.0,1.0,0.0,4710000.0,59037.0,-2.108,-4.5,-30.5,1.0,2.0,272000.0,196.0,32.0,14.0,7841.0,-4.945,0.0,10.0,3.2e-07,-18.0,0.0,1.0,0.0,0.0,0.001,0.099,0.00401,Location3|TCP|DL|1,TCP,DL,1,18
Location3,2026-08-03 18:01:43.027696,0,7.0,1.0,7.0,10200000.0,1198.0,2.0,0.0,5310000.0,59046.0,-1.258,3.5,-28.1,1.0,2.0,314000.0,246.0,15.0,5.0,7786.0,-4.925,198.0,9.0,2.97e-07,-24.0,0.0,0.0,0.0,0.0,0.001,0.027,0.004,Location3|TCP|DL|1,TCP,DL,1,19
Location3,2026-08-03 18:01:44.027646,0,7.0,1.0,9.0,12700000.0,1199.0,1.0,0.0,6070000.0,59037.0,-0.3084,5.1,-27.2,1.0,3.0,338000.0,230.0,8.0,3.0,6634.0,,535.0,7.0,2.86e-07,-7.0,0.0,0.0,0.0,0.0,0.001,0.025,0.004,Location3|TCP|DL|1,TCP,DL,1,20
Location3,2026-08-03 18:02:04.026496,0,8.0,1.0,5.0,7600000.0,1118.0,82.0,6.0,571000.0,59037.0,-3.994,3.2,-28.8,1.0,3.0,266000.0,184.0,19.0,9.0,6270.0,-4.976,276.0,17.0,2.92e-07,-19.0,0.0,0.0,0.0,0.0,0.001,0.027,0.004,Location3|TCP|DL|2,TCP,DL,2,5
Location3,2026-08-03 18:02:05.026487,0,8.0,1.0,5.0,7570000.0,1102.0,98.0,8.0,776000.0,59046.0,-3.994,3.7,-28.2,1.0,3.0,275000.0,181.0,28.0,13.0,6343.0,-4.989,0.0,16.0,3.0000000000000004e-07,-8.0,0.0,2.0,0.0,0.0,0.001,0.027,0.004,Location3|TCP|DL|2,TCP,DL,2,6
Location3,2026-08-03 18:02:06.026522,0,8.0,1.0,6.0,8620000.0,1098.0,102.0,8.0,1090000.0,59046.0,-3.994,3.8,-27.8,1.0,3.0,290000.0,194.0,16.0,7.0,6316.0,-4.995,0.0,17.0,3.1e-07,-22.0,0.0,0.0,0.0,0.0,0.001,0.025,0.004,Location3|TCP|DL|2,TCP,DL,2,7
Location3,2026-08-03 18:02:07.026413,0,8.0,1.0,5.0,7880000.0,1099.0,101.0,8.0,1440000.0,59046.0,-3.994,4.5,-27.3,1.0,5.0,268000.0,171.0,25.0,12.0,5489.0,-4.995,0.0,15.0,3.2e-07,-22.0,0.0,0.0,0.0,0.0,0.001,0.027,0.004,Location3|TCP|DL|2,TCP,DL,2,8
Location3,2026-08-03 18:02:08.026442,0,8.0,1.0,5.0,7570000.0,1105.0,95.0,7.0,1860000.0,59037.0,-3.994,3.9,-28.2,1.0,4.0,258000.0,162.0,26.0,13.0,5192.0,-4.997,0.0,13.0,3.1200000000000004e-07,-22.0,0.0,0.0,0.0,0.0,0.001,0.029,0.004,Location3|TCP|DL|2,TCP,DL,2,9
Location3,2026-08-03 18:02:09.026359,0,8.0,1.0,5.0,7560000.0,1099.0,101.0,8.0,2330000.0,59046.0,-3.994,4.1,-27.8,1.0,4.0,251000.0,163.0,18.0,9.0,5289.0,,0.0,19.0,3.0000000000000004e-07,-22.0,0.0,0.0,0.0,0.0,0.001,0.029,0.004,Location3|TCP|DL|2,TCP,DL,2,10
Location3,2026-08-03 18:02:10.026410,0,8.0,1.0,6.0,8430000.0,1099.0,101.0,8.0,2800000.0,59046.0,-3.994,0.2,-29.4,1.0,2.0,277000.0,191.0,24.0,11.0,7455.0,,0.0,17.0,3.1200000000000004e-07,-22.0,0.0,0.0,0.0,0.0,0.001,0.025,0.004,Location3|TCP|DL|2,TCP,DL,2,11
Location3,2026-08-03 18:02:11.026428,0,8.0,1.0,5.0,7570000.0,1101.0,99.0,8.0,3260000.0,59046.0,-3.994,2.0,-28.6,1.0,3.0,262000.0,171.0,15.0,8.0,6310.0,,0.0,18.0,3.0000000000000004e-07,-5.0,0.0,0.0,0.0,0.0,0.001,0.092,0.004,Location3|TCP|DL|2,TCP,DL,2,12
Location3,2026-08-03 18:02:12.026378,0,8.0,1.0,5.0,7570000.0,1100.0,100.0,8.0,3780000.0,59037.0,-3.994,5.4,-27.3,1.0,4.0,254000.0,172.0,12.0,6.0,5239.0,-4.996,74.0,14.0,2.94e-07,-18.0,0.0,0.0,0.0,0.0,0.001,0.027,0.004,Location3|TCP|DL|2,TCP,DL,2,13
Location3,2026-08-03 18:02:13.026385,0,8.0,1.0,5.0,7560000.0,1098.0,102.0,8.0,4250000.0,59046.0,-3.994,3.6,-28.2,1.0,4.0,252000.0,160.0,20.0,11.0,5529.0,-4.993,0.0,16.0,3.020000000000001e-07,-21.0,0.0,0.0,0.0,0.0,0.001,0.029,0.004,Location3|TCP|DL|2,TCP,DL,2,14
Location3,2026-08-03 18:02:14.026306,0,8.0,1.0,5.0,7570000.0,1100.0,100.0,8.0,4720000.0,59046.0,-3.994,2.8,-28.5,1.0,2.0,243000.0,164.0,6.0,3.0,5720.0,-4.946,74.0,18.0,3.06e-07,-10.0,0.0,0.0,0.0,0.0,0.001,0.097,0.004,Location3|TCP|DL|2,TCP,DL,2,15
Location3,2026-08-03 18:02:15.026350,0,8.0,1.0,5.0,7580000.0,1105.0,95.0,7.0,5180000.0,59046.0,-3.994,5.2,-27.4,1.0,5.0,252000.0,158.0,24.0,13.0,5113.0,,0.0,19.0,3.2e-07,-21.0,0.0,0.0,0.0,0.0,0.001,0.032,0.004,Location3|TCP|DL|2,TCP,DL,2,16
Location3,2026-08-03 18:02:16.026290,0,8.0,1.0,5.0,7620000.0,1121.0,79.0,6.0,5650000.0,59037.0,-3.994,6.4,-26.7,1.0,5.0,247000.0,161.0,16.0,9.0,4511.0,-4.941,0.0,15.0,3.210000000000001e-07,-18.0,0.0,0.0,0.0,0.0,0.001,0.029,0.004,Location3|TCP|DL|2,TCP,DL,2,17
Location3,2026-08-03 18:02:17.026333,0,8.0,1.0,5.0,7580000.0,1112.0,88.0,7.0,6130000.0,59046.0,-3.994,2.9,-28.4,1.0,4.0,241000.0,160.0,28.0,14.0,5860.0,-4.985,0.0,15.0,2.98e-07,-22.0,0.0,1.0,0.0,0.0,0.001,0.03,0.004,Location3|TCP|DL|2,TCP,DL,2,18
Location3,2026-08-03 18:02:18.026394,0,8.0,1.0,5.0,7580000.0,1111.0,89.0,7.0,6160000.0,59046.0,-3.994,1.8,-28.9,1.0,4.0,247000.0,157.0,34.0,17.0,6001.0,-4.989,276.0,14.0,3.0500000000000004e-07,-8.0,0.0,0.0,0.0,0.0,0.001,0.082,0.004,Location3|TCP|DL|2,TCP,DL,2,19
Location3,2026-08-03 18:02:19.026301,0,8.0,1.0,5.0,7600000.0,1121.0,79.0,6.0,6160000.0,59046.0,-3.994,2.4,-29.1,1.0,3.0,232000.0,165.0,20.0,10.0,5376.0,-4.961,74.0,19.0,3.08e-07,-17.0,0.0,0.0,0.0,0.0,0.001,0.027,0.004,Location3|TCP|DL|2,TCP,DL,2,20
Location3,2026-08-03 18:02:43.026809,0,8.0,1.0,5.0,7870000.0,1125.0,75.0,6.0,540000.0,59046.0,-3.994,2.6,-28.8,1.0,2.0,274000.0,203.0,20.0,8.0,6909.0,-4.969,535.0,13.0,3.06e-07,-24.0,0.0,1.0,0.0,0.0,0.001,0.027,0.004,Location3|TCP|DL|3,TCP,DL,3,5
Location3,2026-08-03 18:02:44.026885,0,8.0,1.0,6.0,8740000.0,1105.0,95.0,7.0,662000.0,59037.0,-3.994,1.1,-28.8,1.0,1.0,314000.0,232.0,20.0,7.0,8710.0,-4.965,276.0,17.0,2.92e-07,-22.0,0.0,0.0,0.0,0.0,0.001,0.027,0.004,Location3|TCP|DL|3,TCP,DL,3,6
Location3,2026-08-03 18:02:45.027022,0,9.0,1.0,7.0,9710000.0,1114.0,86.0,7.0,901000.0,59025.0,-3.994,3.9,-27.9,1.0,3.0,322000.0,222.0,22.0,9.0,7240.0,,535.0,12.0,2.94e-07,-23.0,0.0,0.0,1.0,0.0,0.001,0.029,0.004,Location3|TCP|DL|3,TCP,DL,3,7
Location3,2026-08-03 18:02:46.026996,0,9.0,1.0,7.0,9990000.0,1107.0,93.0,7.0,1250000.0,59046.0,-3.994,0.7,-28.8,1.0,1.0,335000.0,241.0,6.0,2.0,9403.0,-4.988,0.0,17.0,3.0500000000000004e-07,-23.0,0.0,0.0,0.0,0.0,0.001,0.03,0.004,Location3|TCP|DL|3,TCP,DL,3,8
Location3,2026-08-03 18:02:47.027048,0,8.0,1.0,6.0,8810000.0,1123.0,77.0,6.0,1640000.0,59046.0,-3.994,0.6,-29.4,1.0,2.0,288000.0,222.0,25.0,10.0,7919.0,,0.0,14.0,3.06e-07,-22.0,0.0,1.0,0.0,0.0,0.001,0.029,0.004,Location3|TCP|DL|3,TCP,DL,3,9
Location3,2026-08-03 18:02:48.027033,0,8.0,1.0,5.0,7610000.0,1120.0,80.0,6.0,1970000.0,59037.0,-3.994,2.0,-28.7,1.0,3.0,239000.0,175.0,22.0,11.0,6148.0,,0.0,10.0,2.94e-07,-20.0,0.0,0.0,0.0,0.0,0.001,0.09,0.004,Location3|TCP|DL|3,TCP,DL,3,10
Location3,2026-08-03 18:02:49.027127,0,8.0,1.0,5.0,7500000.0,1089.0,111.0,9.0,2490000.0,59046.0,-3.994,-3.0,-31.4,1.0,1.0,266000.0,186.0,35.0,15.0,7974.0,,0.0,15.0,2.96e-07,-13.0,0.0,1.0,0.0,0.0,0.001,0.024,0.004,Location3|TCP|DL|3,TCP,DL,3,11
Location3,2026-08-03 18:02:50.027118,0,8.0,1.0,5.0,7550000.0,1107.0,93.0,7.0,2800000.0,59046.0,-3.994,-2.7,-31.6,1.0,1.0,260000.0,196.0,31.0,13.0,9098.0,-4.965,535.0,15.0,3.01e-07,-9.0,0.0,0.0,0.0,0.0,0.001,0.024,0.004,Location3|TCP|DL|3,TCP,DL,3,12
Location3,2026-08-03 18:02:51.027186,0,8.0,1.0,5.0,7610000.0,1122.0,78.0,6.0,2920000.0,59025.0,-3.994,1.7,-29.7,1.0,3.0,276000.0,199.0,34.0,14.0,6599.0,-4.996,0.0,13.0,3.0500000000000004e-07,-17.0,0.0,1.0,0.0,0.0,0.001,0.027,0.004,Location3|TCP|DL|3,TCP,DL,3,13
Location3,2026-08-03 18:02:52.027290,0,8.0,1.0,4.0,6610000.0,1093.0,107.0,8.0,3270000.0,59016.0,-3.994,0.1,-29.9,1.0,3.0,251000.0,161.0,30.0,15.0,6313.0,,0.0,18.0,3.15e-07,-23.0,0.0,0.0,0.0,0.0,0.001,0.025,0.004,Location3|TCP|DL|3,TCP,DL,3,14
Location3,2026-08-03 18:02:53.027284,0,7.0,1.0,3.0,4690000.0,1079.0,121.0,10.0,3520000.0,59037.0,-3.994,0.3,-29.1,1.0,4.0,176000.0,121.0,21.0,14.0,4216.0,-4.99,0.0,21.0,3.070000000000001e-07,-15.0,0.0,1.0,0.0,0.0,0.001,0.097,0.004,Location3|TCP|DL|3,TCP,DL,3,15
Location3,2026-08-03 18:02:54.027402,0,8.0,1.0,5.0,7560000.0,1103.0,97.0,8.0,3650000.0,59046.0,-3.994,-3.4,-31.5,1.0,2.0,295000.0,213.0,39.0,15.0,9309.0,-4.999,0.0,13.0,3.0500000000000004e-07,-19.0,0.0,1.0,0.0,0.0,0.001,0.022,0.004,Location3|TCP|DL|3,TCP,DL,3,16
Location3,2026-08-03 18:02:55.027378,0,8.0,1.0,6.0,8410000.0,1071.0,106.0,9.0,4160000.0,57894.0,-3.994,-0.9,-30.9,1.0,3.0,289000.0,209.0,40.0,16.0,8841.0,,0.0,16.0,3.11e-07,-23.0,0.0,0.0,0.0,0.0,0.02,0.02,0.004,Location3|TCP|DL|3,TCP,DL,3,17
Location3,2026-08-03 18:02:56.027494,0,8.0,1.0,5.0,7570000.0,1108.0,92.0,7.0,4640000.0,59037.0,-3.994,1.3,-30.1,1.0,3.0,250000.0,175.0,21.0,10.0,6353.0,-4.995,0.0,13.0,3.08e-07,-17.0,0.0,0.0,0.0,0.0,0.001,0.027,0.004,Location3|TCP|DL|3,TCP,DL,3,18
Location3,2026-08-03 18:02:57.027545,0,8.0,1.0,4.0,6580000.0,1122.0,78.0,6.0,5030000.0,59046.0,-3.994,5.3,-27.3,1.0,6.0,209000.0,140.0,30.0,17.0,4312.0,,74.0,17.0,2.98e-07,-7.0,0.0,0.0,0.0,0.0,0.001,0.029,0.004,Location3|TCP|DL|3,TCP,DL,3,19
Location3,2026-08-03 18:02:58.027570,0,7.0,1.0,4.0,5440000.0,1118.0,82.0,6.0,5230000.0,59046.0,-3.994,1.6,-29.5,1.0,4.0,208000.0,137.0,19.0,12.0,4734.0,-4.967,53.0,19.0,3.0500000000000004e-07,-17.0,0.0,1.0,0.0,0.0,0.001,0.027,0.004,Location3|TCP|DL|3,TCP,DL,3,20
Location3,2026-08-03 18:03:21.029115,0,9.0,1.0,7.0,106000.0,221.0,0.0,0.0,0.0,659.0,-3.466,5.4,-28.6,1.0,1.0,2050000.0,799.0,1.0,0.0,37390.0,-4.236,700000.0,0.0,2.91e-07,-21.0,0.0,0.0,0.0,0.0,0.017,0.002,0.004,Location3|TCP|UL|1,TCP,UL,1,5
Location3,2026-08-03 18:03:22.029123,0,8.0,1.0,6.0,47300.0,124.0,0.0,0.0,0.0,315.0,-3.368,6.7,-28.4,1.0,1.0,2130000.0,795.0,5.0,0.0,37450.0,-3.936,700000.0,0.0,2.97e-07,-21.0,0.0,0.0,0.0,0.0,0.017,0.002,0.004,Location3|TCP|UL|1,TCP,UL,1,6
Location3,2026-08-03 18:03:23.029254,0,8.0,1.0,7.0,60500.0,145.0,0.0,0.0,0.0,428.0,-3.255,5.9,-28.6,1.0,1.0,2100000.0,786.0,14.0,1.0,37444.0,-4.536,700000.0,0.0,3.08e-07,-21.0,0.0,0.0,0.0,0.0,0.02,0.002,0.004,Location3|TCP|UL|1,TCP,UL,1,7
Location3,2026-08-03 18:03:24.029231,0,7.0,1.0,3.0,29100.0,105.0,0.0,0.0,0.0,360.0,-3.174,4.9,-28.8,1.0,1.0,2060000.0,788.0,12.0,1.0,37460.0,-4.936,700000.0,0.0,3.1700000000000005e-07,-20.0,0.0,0.0,0.0,0.0,0.017,0.002,0.00401,Location3|TCP|UL|1,TCP,UL,1,8
Location3,2026-08-03 18:03:25.029366,0,7.0,1.0,4.0,73300.0,174.0,0.0,0.0,0.0,630.0,-3.031,-4.0,-31.4,1.0,1.0,1430000.0,757.0,43.0,5.0,37261.0,-4.996,700000.0,0.0,3.500000000000001e-07,-20.0,0.0,0.0,0.0,0.0,0.019,0.002,0.004,Location3|TCP|UL|1,TCP,UL,1,9
Location3,2026-08-03 18:03:26.029490,0,8.0,1.0,6.0,98500.0,206.0,0.0,0.0,0.0,629.0,-2.863,1.3,-30.4,1.0,1.0,1640000.0,736.0,64.0,8.0,37119.0,-4.996,700000.0,0.0,3.37e-07,-21.0,0.0,0.0,0.0,0.0,0.02,0.002,0.004,Location3|TCP|UL|1,TCP,UL,1,10
Location3,2026-08-03 18:03:27.029500,0,8.0,1.0,6.0,94600.0,209.0,0.0,0.0,0.0,560.0,-2.705,1.3,-30.5,1.0,1.0,1610000.0,750.0,50.0,6.0,37126.0,-4.98,700000.0,0.0,3.3600000000000004e-07,-20.0,0.0,0.0,0.0,0.0,0.015,0.002,0.004,Location3|TCP|UL|1,TCP,UL,1,11
Location3,2026-08-03 18:03:28.029627,0,7.0,1.0,5.0,86100.0,200.0,0.0,0.0,0.0,570.0,-2.531,0.8,-30.2,1.0,1.0,1610000.0,711.0,89.0,11.0,37023.0,-4.996,700000.0,0.0,3.42e-07,-20.0,0.0,0.0,0.0,0.0,0.013,0.002,0.004,Location3|TCP|UL|1,TCP,UL,1,12
Location3,2026-08-03 18:03:29.029637,0,7.0,1.0,5.0,60000.0,137.0,0.0,0.0,0.0,387.0,-2.408,1.0,-30.1,1.0,1.0,1620000.0,720.0,80.0,10.0,37122.0,-4.996,700000.0,0.0,3.260000000000001e-07,-20.0,0.0,0.0,0.0,0.0,0.026,0.002,0.004,Location3|TCP|UL|1,TCP,UL,1,13
Location3,2026-08-03 18:03:30.029788,0,7.0,1.0,6.0,75000.0,155.0,0.0,0.0,0.0,451.0,-2.266,1.2,-30.1,1.0,1.0,1660000.0,740.0,60.0,7.0,37226.0,-4.964,700000.0,0.0,3.27e-07,-20.0,0.0,0.0,0.0,0.0,0.022,0.002,0.004,Location3|TCP|UL|1,TCP,UL,1,14
Location3,2026-08-03 18:03:31.029862,0,7.0,1.0,6.0,58900.0,132.0,0.0,0.0,0.0,363.0,-2.156,1.7,-30.1,1.0,1.0,1670000.0,748.0,52.0,6.0,37269.0,-4.996,700000.0,0.0,3.34e-07,-20.0,0.0,0.0,0.0,0.0,0.026,0.002,0.004,Location3|TCP|UL|1,TCP,UL,1,15
Location3,2026-08-03 18:03:32.029902,0,7.0,1.0,6.0,78800.0,164.0,0.0,0.0,0.0,487.0,-2.011,1.3,-30.0,1.0,1.0,1640000.0,732.0,68.0,8.0,37200.0,-4.996,700000.0,0.0,3.400000000000001e-07,-20.0,0.0,0.0,0.0,0.0,0.02,0.002,0.004,Location3|TCP|UL|1,TCP,UL,1,16
Location3,2026-08-03 18:03:33.030030,0,7.0,1.0,6.0,80900.0,182.0,0.0,0.0,0.0,432.0,-1.866,1.4,-29.9,1.0,1.0,1660000.0,742.0,58.0,7.0,37236.0,-4.996,700000.0,0.0,3.500000000000001e-07,-20.0,0.0,0.0,0.0,0.0,0.026,0.002,0.004,Location3|TCP|UL|1,TCP,UL,1,17
Location3,2026-08-03 18:03:34.030037,0,7.0,1.0,7.0,75000.0,177.0,0.0,0.0,0.0,421.0,-1.72,1.3,-29.9,1.0,1.0,1670000.0,748.0,52.0,6.0,37268.0,-4.98,700000.0,0.0,3.41e-07,-20.0,0.0,0.0,0.0,0.0,0.024,0.002,0.004,Location3|TCP|UL|1,TCP,UL,1,18
Location3,2026-08-03 18:03:35.030169,0,7.0,1.0,7.0,78100.0,187.0,0.0,0.0,0.0,450.0,-1.56,1.5,-30.0,1.0,1.0,1660000.0,744.0,56.0,7.0,37237.0,-4.988,700000.0,0.0,3.3600000000000004e-07,-20.0,0.0,0.0,0.0,0.0,0.026,0.002,0.004,Location3|TCP|UL|1,TCP,UL,1,19
Location3,2026-08-03 18:03:36.030294,0,7.0,1.0,7.0,82300.0,177.0,0.0,0.0,0.0,402.0,-1.406,1.3,-29.8,1.0,1.0,1670000.0,746.0,54.0,6.0,37274.0,-4.988,700000.0,0.0,3.430000000000001e-07,-20.0,0.0,0.0,0.0,0.0,0.026,0.002,0.004,Location3|TCP|UL|1,TCP,UL,1,20
Location3,2026-08-03 18:03:37.030328,0,7.0,1.0,8.0,61400.0,131.0,0.0,0.0,0.0,321.0,-1.291,1.4,-29.8,1.0,1.0,1670000.0,744.0,56.0,7.0,37341.0,-4.988,700000.0,0.0,3.520000000000001e-07,-20.0,0.0,0.0,0.0,0.0,0.025,0.002,0.004,Location3|TCP|UL|1,TCP,UL,1,21
Location3,2026-08-03 18:03:38.030449,0,7.0,1.0,8.0,72100.0,157.0,0.0,0.0,0.0,353.0,-1.152,1.2,-29.9,1.0,1.0,1670000.0,746.0,54.0,6.0,37289.0,-4.996,700000.0,0.0,3.34e-07,-20.0,0.0,0.0,0.0,0.0,0.024,0.002,0.004,Location3|TCP|UL|1,TCP,UL,1,22
Location3,2026-08-03 18:03:39.030500,0,7.0,1.0,8.0,68400.0,144.0,0.0,0.0,0.0,348.0,-1.022,1.4,-29.9,1.0,1.0,1660000.0,737.0,63.0,7.0,37287.0,-4.996,700000.0,0.0,3.34e-07,-20.0,0.0,0.0,0.0,0.0,0.026,0.002,0.004,Location3|TCP|UL|1,TCP,UL,1,23
Location3,2026-08-03 18:03:40.030589,0,7.0,1.0,9.0,73900.0,151.0,0.0,0.0,0.0,352.0,-0.8771,1.2,-29.8,1.0,1.0,1670000.0,737.0,63.0,7.0,37296.0,-4.988,700000.0,0.0,3.32e-07,-20.0,0.0,0.0,0.0,0.0,0.027,0.002,0.004,Location3|TCP|UL|1,TCP,UL,1,24
Location3,2026-08-03 18:03:41.030614,0,7.0,1.0,10.0,81300.0,148.0,1.0,0.0,0.0,334.0,-0.8431,1.3,-29.7,1.0,1.0,1720000.0,758.0,42.0,5.0,37386.0,-4.996,700000.0,0.0,3.15e-07,-20.0,0.0,0.0,0.0,0.0,0.026,0.002,0.004,Location3|TCP|UL|1,TCP,UL,1,25
Location3,2026-08-03 18:03:42.030762,0,8.0,1.0,10.0,71600.0,141.0,3.0,2.0,0.0,324.0,-1.009,1.5,-29.8,1.0,1.0,1700000.0,756.0,44.0,5.0,37395.0,-4.988,700000.0,0.0,3.23e-07,-20.0,0.0,0.0,0.0,0.0,0.026,0.002,0.004,Location3|TCP|UL|1,TCP,UL,1,26
Location3,2026-08-03 18:03:43.030881,0,8.0,1.0,10.0,76400.0,138.0,1.0,0.0,0.0,307.0,-0.9861,1.4,-30.0,1.0,1.0,1670000.0,745.0,55.0,6.0,37300.0,-4.996,700000.0,0.0,3.310000000000001e-07,-20.0,0.0,0.0,0.0,0.0,0.027,0.002,0.004,Location3|TCP|UL|1,TCP,UL,1,27
Location3,2026-08-03 18:03:44.030941,0,8.0,1.0,10.0,63300.0,123.0,2.0,1.0,0.0,277.0,-1.065,0.9,-29.8,1.0,1.0,1680000.0,739.0,61.0,7.0,37325.0,-4.996,700000.0,0.0,3.380000000000001e-07,-20.0,0.0,0.0,0.0,0.0,0.026,0.002,0.004,Location3|TCP|UL|1,TCP,UL,1,28
Location3,2026-08-03 18:03:45.031012,0,8.0,1.0,10.0,66100.0,127.0,2.0,1.0,0.0,282.0,-1.144,0.9,-29.8,1.0,1.0,1680000.0,734.0,66.0,8.0,37305.0,-4.996,700000.0,0.0,3.47e-07,-20.0,0.0,0.0,0.0,0.0,0.026,0.002,0.00401,Location3|TCP|UL|1,TCP,UL,1,29
Location3,2026-08-03 18:03:46.031052,0,8.0,1.0,10.0,76700.0,137.0,0.0,0.0,0.0,295.0,-1.018,0.8,-29.9,1.0,1.0,1650000.0,728.0,72.0,9.0,37243.0,-4.988,700000.0,0.0,3.3600000000000004e-07,-20.0,0.0,0.0,0.0,0.0,0.025,0.002,0.004,Location3|TCP|UL|1,TCP,UL,1,30
Location3,2026-08-03 18:03:47.031212,0,8.0,1.0,10.0,68600.0,128.0,3.0,2.0,0.0,287.0,-1.19,0.9,-30.2,1.0,1.0,1620000.0,717.0,83.0,10.0,37151.0,-4.996,700000.0,0.0,3.330000000000001e-07,-20.0,0.0,0.0,0.0,0.0,0.026,0.002,0.004,Location3|TCP|UL|1,TCP,UL,1,31
Location3,2026-08-03 18:03:48.031355,0,8.0,1.0,10.0,76300.0,142.0,1.0,0.0,0.0,300.0,-1.158,0.5,-29.9,1.0,1.0,1650000.0,725.0,75.0,9.0,37241.0,-4.996,700000.0,0.0,3.37e-07,-20.0,0.0,0.0,0.0,0.0,0.02,0.002,0.004,Location3|TCP|UL|1,TCP,UL,1,32
Location3,2026-08-03 18:03:49.031359,0,8.0,1.0,10.0,63600.0,122.0,0.0,0.0,0.0,257.0,-1.041,0.4,-29.9,1.0,1.0,1650000.0,724.0,76.0,9.0,37237.0,-4.996,700000.0,0.0,3.310000000000001e-07,-20.0,0.0,0.0,0.0,0.0,0.026,0.002,0.004,Location3|TCP|UL|1,TCP,UL,1,33
Location3,2026-08-03 18:03:50.031519,0,8.0,1.0,10.0,72400.0,123.0,0.0,0.0,0.0,265.0,-0.9291,-0.0,-30.0,1.0,1.0,1620000.0,711.0,89.0,11.0,37154.0,-4.996,700000.0,0.0,3.22e-07,-20.0,0.0,0.0,0.0,0.0,0.02,0.002,0.004,Location3|TCP|UL|1,TCP,UL,1,34
Location3,2026-08-03 18:03:51.031511,0,8.0,1.0,10.0,70300.0,126.0,2.0,1.0,0.0,273.0,-1.01,0.2,-30.0,1.0,1.0,1610000.0,706.0,94.0,11.0,37099.0,-4.996,700000.0,0.0,3.310000000000001e-07,-20.0,0.0,0.0,0.0,0.0,0.019,0.002,0.004,Location3|TCP|UL|1,TCP,UL,1,35
Location3,2026-08-03 18:03:52.031681,0,8.0,1.0,10.0,67300.0,121.0,2.0,1.0,0.0,259.0,-1.097,-0.0,-30.0,1.0,1.0,1610000.0,705.0,95.0,11.0,37095.0,-4.996,700000.0,0.0,3.310000000000001e-07,-20.0,0.0,0.0,0.0,0.0,0.026,0.002,0.004,Location3|TCP|UL|1,TCP,UL,1,36
Location3,2026-08-03 18:03:53.031797,0,8.0,1.0,9.0,59900.0,120.0,1.0,0.0,0.0,289.0,-1.084,0.1,-30.4,1.0,1.0,1590000.0,701.0,99.0,12.0,37055.0,-4.996,700000.0,0.0,3.16e-07,-20.0,0.0,0.0,0.0,0.0,0.026,0.002,0.004,Location3|TCP|UL|1,TCP,UL,1,37
Location3,2026-08-03 18:03:54.031820,0,8.0,1.0,10.0,72600.0,131.0,0.0,0.0,0.0,287.0,-0.9631,0.1,-30.4,1.0,1.0,1600000.0,703.0,97.0,12.0,37072.0,-4.996,700000.0,0.0,3.2400000000000004e-07,-20.0,0.0,0.0,0.0,0.0,0.026,0.002,0.004,Location3|TCP|UL|1,TCP,UL,1,38
Location3,2026-08-03 18:03:55.031989,0,8.0,1.0,10.0,75700.0,132.0,2.0,1.0,0.0,309.0,-1.037,-0.0,-30.1,1.0,1.0,1600000.0,705.0,95.0,11.0,37080.0,-4.996,700000.0,0.0,3.310000000000001e-07,-20.0,0.0,0.0,0.0,0.0,0.025,0.002,0.004,Location3|TCP|UL|1,TCP,UL,1,39
Location3,2026-08-03 18:03:56.031974,0,8.0,1.0,10.0,73900.0,131.0,1.0,0.0,58.0,311.0,-1.011,-0.0,-30.1,1.0,1.0,1610000.0,706.0,94.0,11.0,37087.0,-4.996,700000.0,0.0,3.380000000000001e-07,-20.0,0.0,0.0,0.0,0.0,0.026,0.002,0.004,Location3|TCP|UL|1,TCP,UL,1,40
Location3,2026-08-03 18:03:57.032117,0,8.0,1.0,10.0,73800.0,135.0,2.0,1.0,0.0,303.0,-1.081,-0.1,-30.4,1.0,1.0,1600000.0,702.0,98.0,12.0,37044.0,-4.996,700000.0,0.0,3.32e-07,-20.0,0.0,0.0,0.0,0.0,0.026,0.002,0.004,Location3|TCP|UL|1,TCP,UL,1,41
Location3,2026-08-03 18:03:58.032160,0,8.0,1.0,10.0,70900.0,127.0,1.0,0.0,0.0,317.0,-1.064,-0.4,-30.6,1.0,1.0,1600000.0,704.0,96.0,12.0,37079.0,-4.996,700000.0,0.0,3.22e-07,-20.0,0.0,0.0,0.0,0.0,0.026,0.002,0.004,Location3|TCP|UL|1,TCP,UL,1,42
Location3,2026-08-03 18:03:59.032287,0,8.0,1.0,10.0,75400.0,135.0,7.0,4.0,0.0,340.0,-1.633,-3.7,-30.5,1.0,1.0,1600000.0,705.0,95.0,11.0,37071.0,-4.996,700000.0,0.0,3.260000000000001e-07,-20.0,0.0,0.0,0.0,0.0,0.021,0.002,0.004,Location3|TCP|UL|1,TCP,UL,1,43
Location3,2026-08-03 18:04:00.032442,0,9.0,1.0,9.0,74700.0,144.0,7.0,4.0,0.0,381.0,-2.188,-0.4,-29.9,1.0,1.0,1600000.0,704.0,96.0,12.0,37060.0,-4.996,700000.0,0.0,3.37e-07,-20.0,0.0,0.0,0.0,0.0,0.02,0.002,0.004,Location3|TCP|UL|1,TCP,UL,1,44
Location3,2026-08-03 18:04:01.032455,0,9.0,1.0,8.0,61000.0,129.0,15.0,10.0,0.0,410.0,-3.556,0.3,-30.3,1.0,1.0,1600000.0,708.0,92.0,11.0,37046.0,-4.996,700000.0,0.0,3.380000000000001e-07,-20.0,0.0,0.0,0.0,0.0,0.026,0.002,0.004,Location3|TCP|UL|1,TCP,UL,1,45
Location3,2026-08-03 18:04:02.032541,0,9.0,1.0,6.0,50200.0,127.0,5.0,3.0,0.0,443.0,-3.932,0.6,-30.1,1.0,1.0,1610000.0,713.0,87.0,10.0,37114.0,-4.996,700000.0,0.0,3.260000000000001e-07,-20.0,0.0,0.0,0.0,0.0,0.026,0.002,0.004,Location3|TCP|UL|1,TCP,UL,1,46
Location3,2026-08-03 18:04:03.032627,0,9.0,1.0,7.0,51900.0,125.0,6.0,4.0,0.0,434.0,-3.998,0.2,-29.8,1.0,1.0,1630000.0,717.0,83.0,10.0,37179.0,-4.996,700000.0,0.0,3.330000000000001e-07,-20.0,0.0,0.0,0.0,0.0,0.026,0.002,0.004,Location3|TCP|UL|1,TCP,UL,1,47
Location3,2026-08-03 18:04:04.032759,0,9.0,1.0,6.0,48100.0,123.0,4.0,3.0,0.0,380.0,-3.985,-0.1,-29.8,1.0,1.0,1630000.0,712.0,88.0,11.0,37130.0,-4.996,700000.0,0.0,3.32e-07,-20.0,0.0,0.0,0.0,0.0,0.026,0.002,0.004,Location3|TCP|UL|1,TCP,UL,1,48
Location3,2026-08-03 18:04:05.032916,0,9.0,1.0,6.0,51800.0,127.0,5.0,3.0,0.0,385.0,-3.966,0.0,-30.2,1.0,1.0,1600000.0,704.0,96.0,12.0,37064.0,-4.996,700000.0,0.0,3.210000000000001e-07,-20.0,0.0,0.0,0.0,0.0,0.026,0.002,0.004,Location3|TCP|UL|1,TCP,UL,1,49
Location3,2026-08-03 18:04:06.032967,0,9.0,1.0,6.0,47500.0,118.0,7.0,5.0,0.0,296.0,-3.978,0.2,-30.0,1.0,1.0,1620000.0,710.0,90.0,11.0,37127.0,-4.988,700000.0,0.0,3.27e-07,-20.0,0.0,0.0,0.0,0.0,0.026,0.002,0.004,Location3|TCP|UL|1,TCP,UL,1,50
Location3,2026-08-03 18:04:07.033091,0,9.0,1.0,6.0,51000.0,125.0,11.0,8.0,0.0,331.0,-3.976,-0.4,-29.9,1.0,1.0,1610000.0,706.0,94.0,11.0,37091.0,-4.996,700000.0,0.0,3.3600000000000004e-07,-20.0,0.0,0.0,0.0,0.0,0.026,0.002,0.004,Location3|TCP|UL|1,TCP,UL,1,51
Location3,2026-08-03 18:04:08.033101,0,9.0,1.0,6.0,53700.0,131.0,6.0,4.0,0.0,315.0,-3.994,-0.2,-29.9,1.0,1.0,1610000.0,705.0,95.0,11.0,37066.0,-4.996,700000.0,0.0,3.44e-07,-20.0,0.0,0.0,0.0,0.0,0.026,0.002,0.004,Location3|TCP|UL|1,TCP,UL,1,52
Location3,2026-08-03 18:04:09.033263,0,9.0,1.0,6.0,48000.0,123.0,6.0,4.0,0.0,293.0,-3.976,0.2,-30.3,1.0,1.0,1600000.0,702.0,98.0,12.0,37063.0,-4.996,700000.0,0.0,3.49e-07,-20.0,0.0,0.0,0.0,0.0,0.029,0.002,0.004,Location3|TCP|UL|1,TCP,UL,1,53
Location3,2026-08-03 18:04:10.033398,0,8.0,1.0,6.0,48400.0,124.0,11.0,8.0,0.0,336.0,-3.994,0.0,-30.0,1.0,1.0,1610000.0,708.0,92.0,11.0,37100.0,-4.988,700000.0,0.0,3.28e-07,-20.0,0.0,0.0,0.0,0.0,0.026,0.002,0.004,Location3|TCP|UL|1,TCP,UL,1,54
Location3,2026-08-03 18:04:11.033440,0,8.0,1.0,6.0,51600.0,124.0,3.0,2.0,0.0,338.0,-3.986,-0.3,-29.9,1.0,1.0,1630000.0,714.0,86.0,10.0,37158.0,-4.988,700000.0,0.0,3.34e-07,-20.0,0.0,0.0,0.0,0.0,0.026,0.002,0.004,Location3|TCP|UL|1,TCP,UL,1,55
Location3,2026-08-03 18:04:12.033586,0,9.0,1.0,6.0,47300.0,116.0,7.0,5.0,0.0,295.0,-3.985,-0.8,-29.9,1.0,1.0,1630000.0,712.0,88.0,11.0,37147.0,-4.996,700000.0,0.0,3.42e-07,-20.0,0.0,0.0,0.0,0.0,0.026,0.002,0.004,Location3|TCP|UL|1,TCP,UL,1,56
Location3,2026-08-03 18:04:13.033611,0,9.0,1.0,6.0,48100.0,121.0,7.0,5.0,0.0,308.0,-3.955,-3.1,-30.3,1.0,1.0,1580000.0,719.0,81.0,10.0,37135.0,-4.996,700000.0,0.0,3.27e-07,-19.0,0.0,0.0,0.0,0.0,0.02,0.002,0.004,Location3|TCP|UL|1,TCP,UL,1,57
Location3,2026-08-03 18:04:14.033777,0,9.0,1.0,6.0,49400.0,122.0,9.0,6.0,0.0,355.0,-3.998,-3.8,-30.9,1.0,1.0,1500000.0,763.0,37.0,4.0,37291.0,-4.612,700000.0,0.0,3.260000000000001e-07,-20.0,0.0,0.0,0.0,0.0,0.02,0.002,0.004,Location3|TCP|UL|1,TCP,UL,1,58
Location3,2026-08-03 18:04:15.033806,0,8.0,1.0,5.0,44700.0,123.0,11.0,8.0,0.0,373.0,-3.972,-3.0,-31.5,1.0,0.0,1330000.0,792.0,8.0,1.0,37422.0,-4.612,700000.0,0.0,3.430000000000001e-07,-20.0,0.0,0.0,0.0,0.0,0.026,0.002,0.004,Location3|TCP|UL|1,TCP,UL,1,59
Location3,2026-08-03 18:04:16.033915,0,9.0,1.0,6.0,56200.0,134.0,11.0,7.0,0.0,363.0,-3.987,-6.2,-30.4,1.0,1.0,1620000.0,722.0,78.0,9.0,37187.0,-4.996,700000.0,0.0,3.090000000000001e-07,-20.0,0.0,0.0,0.0,0.0,0.026,0.002,0.004,Location3|TCP|UL|1,TCP,UL,1,60
Location3,2026-08-03 18:04:17.033827,0,9.0,1.0,6.0,56600.0,138.0,6.0,4.0,3.0,374.0,-3.978,-5.2,-30.1,1.0,1.0,1680000.0,726.0,74.0,9.0,37241.0,-4.996,700000.0,0.0,3.1e-07,-20.0,0.0,0.0,0.0,0.0,0.02,0.002,0.004,Location3|TCP|UL|1,TCP,UL,1,61
Location3,2026-08-03 18:04:18.033608,0,9.0,1.0,6.0,51100.0,119.0,4.0,3.0,0.0,360.0,-3.985,-4.3,-30.1,1.0,1.0,1650000.0,720.0,80.0,10.0,37213.0,-4.996,700000.0,0.0,3.190000000000001e-07,-20.0,0.0,0.0,0.0,0.0,0.025,0.002,0.00401,Location3|TCP|UL|1,TCP,UL,1,62
Location3,2026-08-03 18:04:19.033509,0,9.0,1.0,7.0,54400.0,128.0,2.0,1.0,0.0,371.0,-3.973,-4.3,-30.1,1.0,1.0,1680000.0,728.0,72.0,9.0,37268.0,-4.988,700000.0,0.0,3.25e-07,-20.0,0.0,0.0,0.0,0.0,0.026,0.002,0.004,Location3|TCP|UL|1,TCP,UL,1,63
Location3,2026-08-03 18:04:20.033288,0,9.0,1.0,7.0,53400.0,125.0,4.0,3.0,0.0,439.0,-3.99,-4.2,-30.2,1.0,1.0,1640000.0,716.0,84.0,10.0,37191.0,-4.996,700000.0,0.0,3.310000000000001e-07,-19.0,0.0,0.0,0.0,0.0,0.026,0.002,0.004,Location3|TCP|UL|1,TCP,UL,1,64
Location3,2026-08-03 18:04:21.033186,0,9.0,1.0,7.0,44700.0,117.0,6.0,4.0,0.0,393.0,-3.987,-3.9,-30.4,1.0,1.0,1600000.0,702.0,98.0,12.0,37058.0,-4.996,700000.0,0.0,3.2e-07,-19.0,0.0,0.0,0.0,0.0,0.02,0.002,0.004,Location3|TCP|UL|1,TCP,UL,1,65
Location3,2026-08-03 18:04:33.031584,0,8.0,1.0,4.0,92400.0,235.0,8.0,3.0,0.0,694.0,-4.0,5.9,-30.7,1.0,1.0,1950000.0,798.0,2.0,0.0,37362.0,-2.24,700000.0,0.0,2.97e-07,-22.0,0.0,0.0,0.0,0.0,0.017,0.002,0.004,Location3|TCP|UL|2,TCP,UL,2,5
Location3,2026-08-03 18:04:34.031542,0,8.0,1.0,5.0,69300.0,182.0,6.0,3.0,0.0,481.0,-3.986,5.5,-31.0,1.0,1.0,1980000.0,796.0,4.0,0.0,37409.0,-1.84,700000.0,0.0,3.0000000000000004e-07,-23.0,0.0,0.0,0.0,0.0,0.017,0.002,0.004,Location3|TCP|UL|2,TCP,UL,2,6
Location3,2026-08-03 18:04:35.031341,0,8.0,1.0,4.0,62500.0,171.0,6.0,3.0,58.0,637.0,-3.953,5.3,-31.0,1.0,1.0,2050000.0,790.0,10.0,1.0,37423.0,-2.04,700000.0,0.0,2.82e-07,-23.0,0.0,0.0,0.0,0.0,0.017,0.002,0.004,Location3|TCP|UL|2,TCP,UL,2,7
Location3,2026-08-03 18:04:36.031217,0,7.0,1.0,3.0,77600.0,235.0,2.0,0.0,3.0,924.0,-3.984,5.6,-30.8,1.0,1.0,2160000.0,794.0,6.0,0.0,37379.0,-1.84,700000.0,0.0,2.89e-07,-23.0,0.0,0.0,0.0,0.0,0.017,0.002,0.004,Location3|TCP|UL|2,TCP,UL,2,8
Location3,2026-08-03 18:04:37.031070,0,6.0,1.0,1.0,71800.0,252.0,0.0,0.0,0.0,2132.0,-3.804,5.2,-30.8,1.0,1.0,2180000.0,790.0,10.0,1.0,37382.0,-1.941,700000.0,0.0,2.98e-07,-23.0,0.0,0.0,0.0,0.0,0.017,0.002,0.004,Location3|TCP|UL|2,TCP,UL,2,9
Location3,2026-08-03 18:04:38.031007,0,6.0,1.0,1.0,89600.0,320.0,1.0,0.0,3.0,2718.0,-3.683,4.7,-31.1,1.0,1.0,2030000.0,798.0,2.0,0.0,37337.0,-1.341,700000.0,0.0,3.070000000000001e-07,-23.0,0.0,0.0,0.0,0.0,0.016,0.002,0.004,Location3|TCP|UL|2,TCP,UL,2,10
Location3,2026-08-03 18:04:39.030931,0,6.0,1.0,1.0,82600.0,287.0,1.0,0.0,0.0,2466.0,-3.575,4.8,-31.2,1.0,1.0,2170000.0,791.0,9.0,1.0,37344.0,-1.342,700000.0,0.0,3.140000000000001e-07,-23.0,0.0,0.0,0.0,0.0,0.016,0.002,0.004,Location3|TCP|UL|2,TCP,UL,2,11
Location3,2026-08-03 18:04:40.030786,0,6.0,1.0,1.0,88600.0,300.0,1.0,0.0,0.0,2431.0,-3.462,5.1,-30.9,1.0,1.0,2330000.0,794.0,6.0,0.0,37356.0,-1.142,700000.0,0.0,3.070000000000001e-07,-23.0,0.0,0.0,0.0,0.0,0.016,0.002,0.00401,Location3|TCP|UL|2,TCP,UL,2,12
Location3,2026-08-03 18:04:41.030697,0,6.0,1.0,1.0,69900.0,258.0,3.0,1.0,0.0,1931.0,-3.58,3.3,-32.0,1.0,1.0,1790000.0,800.0,0.0,0.0,37382.0,-0.3421,700000.0,0.0,2.96e-07,-23.0,0.0,0.0,0.0,0.0,0.017,0.002,0.004,Location3|TCP|UL|2,TCP,UL,2,13
Location3,2026-08-03 18:04:42.030527,0,6.0,1.0,1.0,73100.0,253.0,1.0,0.0,0.0,2146.0,-3.499,2.9,-32.2,1.0,1.0,1900000.0,797.0,3.0,0.0,37380.0,0.2569,700000.0,0.0,2.830000000000001e-07,-23.0,0.0,0.0,0.0,0.0,0.017,0.002,0.004,Location3|TCP|UL|2,TCP,UL,2,14
Location3,2026-08-03 18:04:43.030402,0,6.0,1.0,1.0,72300.0,251.0,4.0,1.0,0.0,1962.0,-3.719,2.3,-32.5,1.0,1.0,1840000.0,792.0,8.0,1.0,37344.0,0.2569,700000.0,0.0,2.84e-07,-22.0,0.0,0.0,0.0,0.0,0.017,0.002,0.004,Location3|TCP|UL|2,TCP,UL,2,15
Location3,2026-08-03 18:04:44.030411,0,6.0,1.0,1.0,53900.0,190.0,0.0,0.0,0.0,1518.0,-3.578,0.5,-32.9,1.0,0.0,1470000.0,789.0,11.0,1.0,37401.0,0.1549,700000.0,0.0,2.950000000000001e-07,-22.0,0.0,0.0,0.0,0.0,0.018,0.002,0.004,Location3|TCP|UL|2,TCP,UL,2,16
Location3,2026-08-03 18:04:45.030238,0,6.0,1.0,1.0,60700.0,217.0,0.0,0.0,0.0,1453.0,-3.423,0.6,-32.9,1.0,0.0,1450000.0,794.0,6.0,0.0,37384.0,0.3549,700000.0,0.0,3.020000000000001e-07,-22.0,0.0,0.0,0.0,0.0,0.018,0.002,0.004,Location3|TCP|UL|2,TCP,UL,2,17
Location3,2026-08-03 18:04:46.030145,0,6.0,1.0,2.0,46300.0,161.0,1.0,0.0,58.0,926.0,-3.411,0.6,-33.0,1.0,0.0,1450000.0,790.0,10.0,1.0,37426.0,0.3529,700000.0,0.0,3.13e-07,-22.0,0.0,0.0,0.0,0.0,0.019,0.002,0.004,Location3|TCP|UL|2,TCP,UL,2,18
Location3,2026-08-03 18:04:47.030009,0,6.0,1.0,1.0,50000.0,175.0,2.0,1.0,0.0,1131.0,-3.475,0.9,-32.3,1.0,1.0,1480000.0,770.0,30.0,3.0,37341.0,-1.748,700000.0,0.0,3.140000000000001e-07,-22.0,0.0,0.0,0.0,0.0,0.02,0.002,0.004,Location3|TCP|UL|2,TCP,UL,2,19
Location3,2026-08-03 18:04:48.029962,0,6.0,1.0,2.0,64700.0,200.0,1.0,0.0,0.0,1250.0,-3.427,2.4,-32.0,1.0,1.0,1700000.0,783.0,17.0,2.0,37350.0,-2.648,700000.0,0.0,2.99e-07,-22.0,0.0,0.0,0.0,0.0,0.019,0.002,0.004,Location3|TCP|UL|2,TCP,UL,2,20
Location3,2026-08-03 18:04:49.029791,0,6.0,1.0,1.0,61000.0,233.0,3.0,1.0,0.0,2017.0,-3.557,2.3,-31.8,1.0,1.0,1740000.0,797.0,3.0,0.0,37390.0,-2.148,700000.0,0.0,3.090000000000001e-07,-22.0,0.0,0.0,0.0,0.0,0.017,0.002,0.004,Location3|TCP|UL|2,TCP,UL,2,21
Location3,2026-08-03 18:04:50.029762,0,7.0,1.0,2.0,60300.0,174.0,0.0,0.0,0.0,948.0,-3.414,1.2,-32.1,1.0,0.0,1410000.0,785.0,15.0,1.0,37389.0,-2.848,700000.0,0.0,3.18e-07,-22.0,0.0,0.0,0.0,0.0,0.019,0.002,0.004,Location3|TCP|UL|2,TCP,UL,2,22
Location3,2026-08-03 18:04:51.029709,0,7.0,1.0,4.0,53100.0,143.0,0.0,0.0,58.0,435.0,-3.306,1.5,-32.7,1.0,0.0,1230000.0,800.0,0.0,0.0,37447.0,-2.048,700000.0,0.0,2.900000000000001e-07,-22.0,0.0,0.0,0.0,0.0,0.019,0.002,0.004,Location3|TCP|UL|2,TCP,UL,2,23
Location3,2026-08-03 18:04:52.029525,0,7.0,1.0,4.0,53600.0,140.0,0.0,0.0,0.0,445.0,-3.199,1.3,-32.7,1.0,0.0,1300000.0,800.0,0.0,0.0,37457.0,-1.248,700000.0,0.0,2.96e-07,-22.0,0.0,0.0,0.0,0.0,0.019,0.002,0.004,Location3|TCP|UL|2,TCP,UL,2,24
Location3,2026-08-03 18:04:53.029483,0,7.0,1.0,4.0,56300.0,143.0,0.0,0.0,3.0,543.0,-3.082,1.1,-32.6,1.0,0.0,1510000.0,791.0,9.0,1.0,37439.0,-1.348,700000.0,0.0,3.04e-07,-22.0,0.0,0.0,0.0,0.0,0.019,0.002,0.004,Location3|TCP|UL|2,TCP,UL,2,25
Location3,2026-08-03 18:04:54.029337,0,7.0,1.0,4.0,57900.0,144.0,0.0,0.0,0.0,474.0,-2.972,0.4,-32.8,1.0,0.0,1470000.0,792.0,8.0,1.0,37424.0,-1.348,700000.0,0.0,3.140000000000001e-07,-21.0,0.0,0.0,0.0,0.0,0.02,0.002,0.004,Location3|TCP|UL|2,TCP,UL,2,26
Location3,2026-08-03 18:04:55.029317,0,7.0,1.0,4.0,53200.0,145.0,7.0,4.0,0.0,502.0,-3.56,0.3,-32.8,1.0,0.0,1490000.0,788.0,12.0,1.0,37372.0,-1.748,700000.0,0.0,3.23e-07,-21.0,0.0,0.0,0.0,0.0,0.024,0.002,0.004,Location3|TCP|UL|2,TCP,UL,2,27
Location3,2026-08-03 18:04:56.029242,0,7.0,1.0,3.0,63400.0,190.0,6.0,3.0,0.0,844.0,-3.968,2.8,-31.7,1.0,1.0,1690000.0,783.0,17.0,2.0,37331.0,-2.648,700000.0,0.0,3.23e-07,-22.0,0.0,0.0,0.0,0.0,0.02,0.002,0.004,Location3|TCP|UL|2,TCP,UL,2,28
Location3,2026-08-03 18:04:57.029085,0,7.0,1.0,3.0,64200.0,207.0,4.0,1.0,61.0,844.0,-3.995,3.6,-31.4,1.0,1.0,1750000.0,798.0,2.0,0.0,37405.0,-2.048,700000.0,0.0,2.99e-07,-23.0,0.0,0.0,0.0,0.0,0.017,0.002,0.004,Location3|TCP|UL|2,TCP,UL,2,29
Location3,2026-08-03 18:04:58.029038,0,7.0,1.0,3.0,45100.0,151.0,0.0,0.0,0.0,608.0,-3.876,3.7,-31.4,1.0,1.0,1760000.0,797.0,3.0,0.0,37444.0,-1.548,700000.0,0.0,3.090000000000001e-07,-23.0,0.0,0.0,0.0,0.0,0.017,0.002,0.004,Location3|TCP|UL|2,TCP,UL,2,30
Location3,2026-08-03 18:04:59.028917,0,7.0,1.0,3.0,54100.0,171.0,3.0,1.0,0.0,612.0,-3.985,3.8,-31.5,1.0,1.0,1760000.0,793.0,7.0,0.0,37432.0,-1.448,700000.0,0.0,2.97e-07,-23.0,0.0,0.0,0.0,0.0,0.019,0.002,0.004,Location3|TCP|UL|2,TCP,UL,2,31
Location3,2026-08-03 18:05:00.028872,0,6.0,1.0,1.0,42000.0,148.0,0.0,0.0,0.0,1151.0,-3.86,-2.7,-31.7,1.0,1.0,1530000.0,759.0,41.0,5.0,37298.0,-4.748,700000.0,0.0,3.1200000000000004e-07,-20.0,0.0,0.0,0.0,0.0,0.025,0.002,0.004,Location3|TCP|UL|2,TCP,UL,2,32
Location3,2026-08-03 18:05:01.028830,0,7.0,1.0,3.0,54800.0,142.0,3.0,2.0,58.0,687.0,-3.947,-4.1,-29.5,1.0,1.0,1850000.0,745.0,55.0,6.0,37376.0,-4.988,700000.0,0.0,3.22e-07,-21.0,0.0,0.0,0.0,0.0,0.02,0.002,0.00401,Location3|TCP|UL|2,TCP,UL,2,33
Location3,2026-08-03 18:05:02.028680,0,7.0,1.0,4.0,60900.0,165.0,7.0,4.0,0.0,725.0,-4.0,2.9,-29.1,1.0,1.0,1980000.0,765.0,35.0,4.0,37413.0,-4.972,700000.0,0.0,3.35e-07,-21.0,0.0,0.0,0.0,0.0,0.019,0.002,0.0040199999999999,Location3|TCP|UL|2,TCP,UL,2,34
Location3,2026-08-03 18:05:03.028657,0,7.0,1.0,3.0,46100.0,146.0,4.0,2.0,0.0,666.0,-3.973,-1.0,-31.1,1.0,0.0,1520000.0,773.0,27.0,3.0,37352.0,-4.74,700000.0,0.0,3.430000000000001e-07,-21.0,0.0,0.0,0.0,0.0,0.023,0.002,0.004,Location3|TCP|UL|2,TCP,UL,2,35
Location3,2026-08-03 18:05:04.028502,0,8.0,1.0,4.0,47800.0,139.0,6.0,4.0,0.0,445.0,-3.928,0.8,-32.1,1.0,0.0,1220000.0,800.0,0.0,0.0,37462.0,-3.94,700000.0,0.0,3.34e-07,-20.0,0.0,0.0,0.0,0.0,0.019,0.002,0.004,Location3|TCP|UL|2,TCP,UL,2,36
Location3,2026-08-03 18:05:05.028460,0,7.0,1.0,4.0,46300.0,133.0,0.0,0.0,0.0,402.0,-3.813,0.8,-32.4,1.0,0.0,1240000.0,800.0,0.0,0.0,37478.0,-3.14,700000.0,0.0,3.42e-07,-21.0,0.0,0.0,0.0,0.0,0.019,0.002,0.004,Location3|TCP|UL|2,TCP,UL,2,37
Location3,2026-08-03 18:05:06.028314,0,7.0,1.0,4.0,57300.0,160.0,0.0,0.0,0.0,515.0,-3.691,1.8,-32.0,1.0,0.0,1460000.0,797.0,3.0,0.0,37433.0,-2.64,700000.0,0.0,3.53e-07,-21.0,0.0,0.0,0.0,0.0,0.019,0.002,0.004,Location3|TCP|UL|2,TCP,UL,2,38
Location3,2026-08-03 18:05:07.028296,0,8.0,1.0,4.0,58800.0,165.0,0.0,0.0,0.0,533.0,-3.57,2.5,-31.8,1.0,0.0,1660000.0,797.0,3.0,0.0,37418.0,-2.14,700000.0,0.0,3.330000000000001e-07,-21.0,0.0,0.0,0.0,0.0,0.019,0.002,0.004,Location3|TCP|UL|2,TCP,UL,2,39
Location3,2026-08-03 18:05:08.028285,0,7.0,1.0,3.0,57900.0,164.0,0.0,0.0,0.0,658.0,-3.449,2.5,-31.7,1.0,1.0,1740000.0,793.0,7.0,0.0,37410.0,-2.04,700000.0,0.0,3.3600000000000004e-07,-21.0,0.0,0.0,0.0,0.0,0.017,0.002,0.004,Location3|TCP|UL|2,TCP,UL,2,40
Location3,2026-08-03 18:05:09.028128,0,7.0,1.0,4.0,57200.0,145.0,0.0,0.0,0.0,545.0,-3.335,2.5,-31.6,1.0,1.0,1730000.0,785.0,15.0,1.0,37360.0,-2.74,700000.0,0.0,3.430000000000001e-07,-21.0,0.0,0.0,0.0,0.0,0.02,0.002,0.004,Location3|TCP|UL|2,TCP,UL,2,41
Location3,2026-08-03 18:05:10.028111,0,7.0,1.0,4.0,50600.0,141.0,0.0,0.0,0.0,499.0,-3.228,2.2,-31.1,1.0,1.0,1670000.0,772.0,28.0,3.0,37323.0,-4.74,700000.0,0.0,3.520000000000001e-07,-21.0,0.0,0.0,0.0,0.0,0.019,0.002,0.004,Location3|TCP|UL|2,TCP,UL,2,42
Location3,2026-08-03 18:05:11.027987,0,6.0,1.0,2.0,48300.0,160.0,0.0,0.0,0.0,907.0,-3.108,2.0,-31.1,1.0,0.0,1520000.0,793.0,7.0,0.0,37416.0,-4.64,700000.0,0.0,3.520000000000001e-07,-21.0,0.0,0.0,0.0,0.0,0.024,0.002,0.004,Location3|TCP|UL|2,TCP,UL,2,43
Location3,2026-08-03 18:05:12.027992,0,7.0,1.0,4.0,55500.0,145.0,0.0,0.0,0.0,610.0,-3.0,2.6,-31.3,1.0,0.0,1520000.0,799.0,1.0,0.0,37434.0,-3.941,700000.0,0.0,3.3600000000000004e-07,-21.0,0.0,0.0,0.0,0.0,0.019,0.002,0.004,Location3|TCP|UL|2,TCP,UL,2,44
Location3,2026-08-03 18:05:13.027948,0,7.0,1.0,5.0,51500.0,138.0,0.0,0.0,0.0,471.0,-2.887,2.3,-31.3,1.0,0.0,1620000.0,789.0,11.0,1.0,37413.0,-4.241,700000.0,0.0,3.42e-07,-20.0,0.0,0.0,0.0,0.0,0.019,0.002,0.004,Location3|TCP|UL|2,TCP,UL,2,45
Location3,2026-08-03 18:05:14.027805,0,7.0,1.0,4.0,47100.0,129.0,2.0,1.0,0.0,430.0,-2.981,2.2,-31.2,1.0,0.0,1570000.0,790.0,10.0,1.0,37432.0,-4.441,700000.0,0.0,3.3600000000000004e-07,-20.0,0.0,0.0,0.0,0.0,0.017,0.002,0.004,Location3|TCP|UL|2,TCP,UL,2,46
Location3,2026-08-03 18:05:15.027805,0,6.0,1.0,2.0,44100.0,148.0,1.0,0.0,0.0,714.0,-2.967,2.0,-31.3,1.0,0.0,1560000.0,792.0,8.0,1.0,37429.0,-4.441,700000.0,0.0,3.28e-07,-20.0,0.0,0.0,0.0,0.0,0.019,0.002,0.004,Location3|TCP|UL|2,TCP,UL,2,47
Location3,2026-08-03 18:05:16.027661,0,6.0,1.0,3.0,53700.0,155.0,2.0,1.0,0.0,557.0,-3.051,2.0,-31.2,1.0,0.0,1520000.0,793.0,7.0,0.0,37411.0,-4.341,700000.0,0.0,3.34e-07,-20.0,0.0,0.0,0.0,0.0,0.024,0.002,0.004,Location3|TCP|UL|2,TCP,UL,2,48
Location3,2026-08-03 18:05:17.027646,0,7.0,1.0,3.0,48700.0,139.0,9.0,6.0,0.0,474.0,-3.833,1.9,-31.2,1.0,0.0,1520000.0,790.0,10.0,1.0,37402.0,-4.541,700000.0,0.0,3.400000000000001e-07,-20.0,0.0,0.0,0.0,0.0,0.018,0.002,0.004,Location3|TCP|UL|2,TCP,UL,2,49
Location3,2026-08-03 18:05:18.027635,0,7.0,1.0,4.0,48000.0,143.0,4.0,2.0,0.0,491.0,-3.986,1.6,-31.2,1.0,0.0,1500000.0,791.0,9.0,1.0,37435.0,-4.542,700000.0,0.0,3.500000000000001e-07,-20.0,0.0,0.0,0.0,0.0,0.023,0.002,0.004,Location3|TCP|UL|2,TCP,UL,2,50
Location3,2026-08-03 18:05:19.027497,0,7.0,1.0,3.0,40700.0,135.0,7.0,4.0,0.0,470.0,-3.993,2.0,-31.3,1.0,0.0,1510000.0,795.0,5.0,0.0,37420.0,-4.242,700000.0,0.0,3.53e-07,-21.0,0.0,0.0,0.0,0.0,0.019,0.002,0.004,Location3|TCP|UL|2,TCP,UL,2,51
Location3,2026-08-03 18:05:20.027499,0,7.0,1.0,3.0,46300.0,148.0,0.0,0.0,0.0,652.0,-3.878,1.7,-31.2,1.0,0.0,1540000.0,788.0,12.0,1.0,37398.0,-4.642,700000.0,0.0,3.34e-07,-20.0,0.0,0.0,0.0,0.0,0.018,0.002,0.004,Location3|TCP|UL|2,TCP,UL,2,52
Location3,2026-08-03 18:05:21.027370,0,7.0,1.0,3.0,46600.0,157.0,3.0,1.0,0.0,705.0,-3.985,1.5,-31.2,1.0,0.0,1540000.0,791.0,9.0,1.0,37413.0,-4.742,700000.0,0.0,3.39e-07,-20.0,0.0,0.0,0.0,0.0,0.018,0.002,0.004,Location3|TCP|UL|2,TCP,UL,2,53
Location3,2026-08-03 18:05:22.027390,0,6.0,1.0,1.0,44900.0,174.0,2.0,1.0,0.0,1171.0,-3.903,1.6,-31.2,1.0,0.0,1470000.0,797.0,3.0,0.0,37428.0,-4.242,700000.0,0.0,3.500000000000001e-07,-21.0,0.0,0.0,0.0,0.0,0.025,0.002,0.004,Location3|TCP|UL|2,TCP,UL,2,54
Location3,2026-08-03 18:05:23.027265,0,6.0,1.0,1.0,42600.0,179.0,2.0,1.0,0.0,1377.0,-3.928,1.8,-31.3,1.0,0.0,1570000.0,789.0,11.0,1.0,37391.0,-4.443,700000.0,0.0,3.61e-07,-21.0,0.0,0.0,0.0,0.0,0.02,0.002,0.004,Location3|TCP|UL|2,TCP,UL,2,55
Location3,2026-08-03 18:05:24.027251,0,6.0,1.0,1.0,40100.0,168.0,0.0,0.0,0.0,1119.0,-3.802,1.2,-31.2,1.0,0.0,1510000.0,790.0,10.0,1.0,37410.0,-4.544,700000.0,0.0,3.39e-07,-20.0,0.0,0.0,0.0,0.0,0.019,0.002,0.004,Location3|TCP|UL|2,TCP,UL,2,56
Location3,2026-08-03 18:05:25.027230,0,6.0,1.0,1.0,35600.0,166.0,0.0,0.0,0.0,1070.0,-3.675,1.1,-31.3,1.0,0.0,1470000.0,793.0,7.0,0.0,37416.0,-4.444,700000.0,0.0,3.400000000000001e-07,-21.0,0.0,0.0,0.0,0.0,0.018,0.002,0.004,Location3|TCP|UL|2,TCP,UL,2,57
Location3,2026-08-03 18:05:26.027100,0,6.0,1.0,1.0,38800.0,169.0,0.0,0.0,3.0,1268.0,-3.546,1.1,-31.2,1.0,0.0,1510000.0,791.0,9.0,1.0,37382.0,-4.544,700000.0,0.0,3.500000000000001e-07,-21.0,0.0,0.0,0.0,0.0,0.018,0.002,0.004,Location3|TCP|UL|2,TCP,UL,2,58
Location3,2026-08-03 18:05:27.027107,0,6.0,1.0,1.0,39400.0,169.0,1.0,0.0,0.0,1256.0,-3.52,1.4,-31.2,1.0,0.0,1510000.0,795.0,5.0,0.0,37443.0,-4.145,700000.0,0.0,3.6000000000000005e-07,-21.0,0.0,0.0,0.0,0.0,0.025,0.002,0.004,Location3|TCP|UL|2,TCP,UL,2,59
Location3,2026-08-03 18:05:28.027021,0,6.0,1.0,1.0,41400.0,165.0,1.0,0.0,0.0,1336.0,-3.487,1.0,-31.1,1.0,0.0,1540000.0,784.0,16.0,2.0,37354.0,-4.945,700000.0,0.0,3.37e-07,-21.0,0.0,0.0,0.0,0.0,0.018,0.002,0.004,Location3|TCP|UL|2,TCP,UL,2,60
Location3,2026-08-03 18:05:29.026983,0,6.0,1.0,2.0,47600.0,174.0,1.0,0.0,58.0,1172.0,-3.455,1.0,-31.0,1.0,0.0,1520000.0,789.0,11.0,1.0,37387.0,-4.881,700000.0,0.0,3.400000000000001e-07,-21.0,0.0,0.0,0.0,0.0,0.019,0.002,0.004,Location3|TCP|UL|2,TCP,UL,2,61
Location3,2026-08-03 18:05:30.026996,0,8.0,1.0,5.0,51100.0,120.0,0.0,0.0,0.0,460.0,-3.351,1.5,-31.0,1.0,0.0,1530000.0,786.0,14.0,1.0,37397.0,-4.996,700000.0,0.0,3.22e-07,-20.0,0.0,0.0,0.0,0.0,0.019,0.002,0.004,Location3|TCP|UL|2,TCP,UL,2,62
Location3,2026-08-03 18:05:31.026885,0,8.0,1.0,6.0,47200.0,116.0,0.0,0.0,0.0,353.0,-3.255,1.6,-31.1,1.0,0.0,1490000.0,798.0,2.0,0.0,37454.0,-4.38,700000.0,0.0,3.28e-07,-21.0,0.0,0.0,0.0,0.0,0.019,0.002,0.004,Location3|TCP|UL|2,TCP,UL,2,63
Location3,2026-08-03 18:05:32.026882,0,8.0,1.0,6.0,44600.0,111.0,0.0,0.0,0.0,345.0,-3.161,1.5,-31.1,1.0,0.0,1510000.0,786.0,14.0,1.0,37397.0,-4.98,700000.0,0.0,3.35e-07,-20.0,0.0,0.0,0.0,0.0,0.019,0.002,0.004,Location3|TCP|UL|2,TCP,UL,2,64
Location3,2026-08-03 18:05:33.026762,0,8.0,1.0,6.0,52600.0,121.0,0.0,0.0,0.0,312.0,-3.06,1.3,-31.0,1.0,0.0,1520000.0,791.0,9.0,1.0,37433.0,-4.972,700000.0,0.0,3.42e-07,-20.0,0.0,0.0,0.0,0.0,0.019,0.002,0.004,Location3|TCP|UL|2,TCP,UL,2,65
Location3,2026-08-03 18:05:34.026768,0,8.0,1.0,6.0,53100.0,129.0,0.0,0.0,0.0,314.0,-2.957,1.3,-31.0,1.0,0.0,1520000.0,793.0,7.0,0.0,37425.0,-4.872,700000.0,0.0,3.500000000000001e-07,-20.0,0.0,0.0,0.0,0.0,0.025,0.002,0.004,Location3|TCP|UL|2,TCP,UL,2,66
Location3,2026-08-03 18:05:35.026780,0,8.0,1.0,7.0,41900.0,120.0,0.0,0.0,0.0,275.0,-2.859,1.2,-31.0,1.0,0.0,1510000.0,791.0,9.0,1.0,37410.0,-4.936,700000.0,0.0,3.550000000000001e-07,-20.0,0.0,0.0,0.0,0.0,0.019,0.002,0.004,Location3|TCP|UL|2,TCP,UL,2,67
Location3,2026-08-03 18:05:36.026671,0,8.0,1.0,7.0,40000.0,115.0,0.0,0.0,0.0,249.0,-2.762,1.2,-31.1,1.0,0.0,1480000.0,793.0,7.0,0.0,37442.0,-4.724,700000.0,0.0,3.35e-07,-20.0,0.0,0.0,0.0,0.0,0.02,0.002,0.004,Location3|TCP|UL|2,TCP,UL,2,68
Location3,2026-08-03 18:05:37.026676,0,8.0,1.0,7.0,46600.0,117.0,0.0,0.0,0.0,265.0,-2.664,1.4,-31.2,1.0,0.0,1470000.0,793.0,7.0,0.0,37446.0,-4.624,700000.0,0.0,3.46e-07,-21.0,0.0,0.0,0.0,0.0,0.019,0.002,0.004,Location3|TCP|UL|2,TCP,UL,2,69
Location3,2026-08-03 18:05:38.026567,0,8.0,1.0,6.0,47100.0,125.0,0.0,0.0,0.0,369.0,-2.566,0.7,-30.9,1.0,1.0,1550000.0,761.0,39.0,4.0,37300.0,-4.996,700000.0,0.0,3.520000000000001e-07,-21.0,0.0,0.0,0.0,0.0,0.019,0.002,0.004,Location3|TCP|UL|2,TCP,UL,2,70
Location3,2026-08-03 18:05:39.026583,0,8.0,1.0,7.0,49300.0,123.0,0.0,0.0,0.0,353.0,-2.462,0.8,-30.8,1.0,1.0,1570000.0,755.0,45.0,5.0,37256.0,-4.996,700000.0,0.0,3.58e-07,-20.0,0.0,0.0,0.0,0.0,0.02,0.002,0.004,Location3|TCP|UL|2,TCP,UL,2,71
Location3,2026-08-03 18:05:49.026282,0,8.0,1.0,9.0,96100.0,178.0,0.0,0.0,0.0,359.0,-1.375,-0.9,-30.7,1.0,1.0,1580000.0,723.0,77.0,9.0,37096.0,-4.996,700000.0,0.0,3.140000000000001e-07,-20.0,0.0,0.0,0.0,0.0,0.02,0.002,0.004,Location3|TCP|UL|3,TCP,UL,3,5
Location3,2026-08-03 18:05:50.026188,0,8.0,1.0,9.0,33500.0,77.0,0.0,0.0,0.0,155.0,-1.307,0.7,-30.5,1.0,1.0,1600000.0,703.0,97.0,12.0,37111.0,-4.996,700000.0,0.0,2.900000000000001e-07,-20.0,0.0,0.0,0.0,0.0,0.026,0.002,0.004,Location3|TCP|UL|3,TCP,UL,3,6
Location3,2026-08-03 18:05:51.026183,0,8.0,1.0,9.0,62900.0,122.0,1.0,0.0,0.0,259.0,-1.291,0.3,-30.5,1.0,1.0,1600000.0,703.0,97.0,12.0,37074.0,-4.996,700000.0,0.0,2.97e-07,-20.0,0.0,0.0,0.0,0.0,0.02,0.002,0.004,Location3|TCP|UL|3,TCP,UL,3,7
Location3,2026-08-03 18:05:52.026214,0,7.0,1.0,9.0,32600.0,78.0,0.0,0.0,0.0,161.0,-1.218,-1.7,-30.6,1.0,1.0,1590000.0,699.0,101.0,12.0,37120.0,-4.996,700000.0,0.0,3.0500000000000004e-07,-20.0,0.0,0.0,0.0,0.0,0.026,0.002,0.004,Location3|TCP|UL|3,TCP,UL,3,8
Location3,2026-08-03 18:05:53.026160,0,8.0,1.0,9.0,91700.0,171.0,1.0,0.0,0.0,353.0,-1.063,-3.4,-30.5,1.0,1.0,1570000.0,693.0,107.0,13.0,37056.0,-4.996,700000.0,0.0,3.15e-07,-20.0,0.0,0.0,0.0,0.0,0.021,0.002,0.004,Location3|TCP|UL|3,TCP,UL,3,9
Location3,2026-08-03 18:05:54.026136,0,7.0,1.0,9.0,105000.0,190.0,1.0,0.0,3.0,421.0,-0.9841,-0.4,-30.3,1.0,1.0,1590000.0,700.0,100.0,12.0,36998.0,-4.996,700000.0,0.0,3.22e-07,-20.0,0.0,0.0,0.0,0.0,0.01,0.002,0.004,Location3|TCP|UL|3,TCP,UL,3,10
Location3,2026-08-03 18:05:55.026065,0,8.0,1.0,10.0,107000.0,190.0,2.0,1.0,0.0,384.0,-1.006,-0.6,-30.3,1.0,1.0,1590000.0,700.0,100.0,12.0,36997.0,-4.996,700000.0,0.0,2.99e-07,-20.0,0.0,0.0,0.0,0.0,0.01,0.002,0.004,Location3|TCP|UL|3,TCP,UL,3,11
Location3,2026-08-03 18:05:56.026121,0,8.0,1.0,10.0,107000.0,182.0,2.0,1.0,0.0,377.0,-1.031,-3.4,-30.4,1.0,1.0,1570000.0,690.0,110.0,13.0,37033.0,-4.996,700000.0,0.0,3.06e-07,-20.0,0.0,0.0,0.0,0.0,0.02,0.002,0.004,Location3|TCP|UL|3,TCP,UL,3,12
Location3,2026-08-03 18:05:57.026012,0,8.0,1.0,10.0,90000.0,162.0,1.0,0.0,0.0,335.0,-0.9751,-2.6,-30.3,1.0,1.0,1580000.0,693.0,107.0,13.0,37018.0,-4.996,700000.0,0.0,3.140000000000001e-07,-20.0,0.0,0.0,0.0,0.0,0.026,0.002,0.004,Location3|TCP|UL|3,TCP,UL,3,13
Location3,2026-08-03 18:05:58.026005,0,8.0,1.0,11.0,63200.0,117.0,2.0,1.0,0.0,248.0,-1.064,-0.6,-30.1,1.0,1.0,1590000.0,702.0,98.0,12.0,37080.0,-4.988,700000.0,0.0,3.210000000000001e-07,-20.0,0.0,0.0,0.0,0.0,0.026,0.002,0.004,Location3|TCP|UL|3,TCP,UL,3,14
Location3,2026-08-03 18:05:59.026038,0,8.0,1.0,9.0,93900.0,176.0,3.0,1.0,0.0,390.0,-1.209,1.3,-28.5,1.0,1.0,1930000.0,768.0,32.0,4.0,37406.0,-4.988,700000.0,0.0,3.1700000000000005e-07,-22.0,0.0,0.0,0.0,0.0,0.032,0.002,0.00401,Location3|TCP|UL|3,TCP,UL,3,15
Location3,2026-08-03 18:06:00.025970,0,7.0,1.0,9.0,96900.0,187.0,1.0,0.0,0.0,393.0,-1.141,-1.1,-28.8,1.0,1.0,1920000.0,753.0,47.0,5.0,37357.0,-4.956,700000.0,0.0,3.0500000000000004e-07,-22.0,0.0,0.0,0.0,0.0,0.02,0.002,0.00401,Location3|TCP|UL|3,TCP,UL,3,16
Location3,2026-08-03 18:06:01.025996,0,7.0,1.0,7.0,74800.0,155.0,15.0,8.0,0.0,477.0,-2.214,3.9,-29.6,1.0,1.0,1770000.0,785.0,15.0,1.0,37394.0,-4.567,700000.0,0.0,2.98e-07,-25.0,0.0,0.0,0.0,0.0,0.019,0.002,0.004,Location3|TCP|UL|3,TCP,UL,3,17
Location3,2026-08-03 18:06:02.025897,0,7.0,1.0,6.0,92400.0,187.0,4.0,2.0,0.0,542.0,-2.476,5.1,-29.8,1.0,1.0,1760000.0,800.0,0.0,0.0,37414.0,-3.767,700000.0,0.0,2.8100000000000004e-07,-24.0,0.0,0.0,0.0,0.0,0.017,0.002,0.004,Location3|TCP|UL|3,TCP,UL,3,18
Location3,2026-08-03 18:06:03.025921,0,7.0,1.0,5.0,93100.0,230.0,6.0,2.0,0.0,661.0,-2.922,6.2,-29.5,1.0,1.0,1930000.0,800.0,0.0,0.0,37368.0,-2.967,700000.0,0.0,2.86e-07,-25.0,0.0,0.0,0.0,0.0,0.017,0.002,0.004,Location3|TCP|UL|3,TCP,UL,3,19
Location3,2026-08-03 18:06:04.025950,0,7.0,1.0,5.0,83000.0,187.0,3.0,1.0,0.0,724.0,-3.082,6.5,-28.8,1.0,1.0,2210000.0,788.0,12.0,1.0,37415.0,-3.367,700000.0,0.0,2.98e-07,-24.0,0.0,0.0,0.0,0.0,0.017,0.002,0.004,Location3|TCP|UL|3,TCP,UL,3,20
Location3,2026-08-03 18:06:05.025899,0,7.0,1.0,4.0,74600.0,171.0,4.0,2.0,0.0,611.0,,-1.0,-28.7,1.0,1.0,1920000.0,745.0,55.0,6.0,37335.0,-4.996,700000.0,0.0,3.2e-07,-25.0,0.0,0.0,0.0,0.0,0.025,0.002,0.004,Location3|TCP|UL|3,TCP,UL,3,21
Location3,2026-08-03 18:06:06.025923,0,7.0,1.0,4.0,71200.0,167.0,7.0,4.0,0.0,582.0,-3.866,1.7,-28.8,1.0,1.0,1860000.0,741.0,59.0,7.0,37307.0,-4.988,700000.0,0.0,3.22e-07,-25.0,0.0,0.0,0.0,0.0,0.026,0.002,0.00401,Location3|TCP|UL|3,TCP,UL,3,22
Location3,2026-08-03 18:06:07.025851,0,7.0,1.0,3.0,82200.0,222.0,3.0,1.0,0.0,895.0,-3.977,4.3,-28.3,1.0,1.0,2030000.0,781.0,19.0,2.0,37373.0,-4.66,700000.0,0.0,3.260000000000001e-07,-25.0,0.0,0.0,0.0,0.0,0.017,0.002,0.004,Location3|TCP|UL|3,TCP,UL,3,23
Location3,2026-08-03 18:06:08.025861,0,7.0,1.0,2.0,50500.0,161.0,3.0,1.0,0.0,993.0,-3.978,-1.5,-29.0,1.0,1.0,1830000.0,740.0,60.0,7.0,37299.0,-4.994,700000.0,0.0,3.11e-07,-25.0,0.0,0.0,0.0,0.0,0.024,0.002,0.004,Location3|TCP|UL|3,TCP,UL,3,24
Location3,2026-08-03 18:06:09.025884,0,8.0,1.0,4.0,63000.0,157.0,2.0,1.0,0.0,587.0,-3.961,0.6,-28.6,1.0,1.0,1930000.0,753.0,47.0,5.0,37410.0,-4.988,700000.0,0.0,3.25e-07,-25.0,0.0,0.0,0.0,0.0,0.024,0.002,0.004,Location3|TCP|UL|3,TCP,UL,3,25
Location3,2026-08-03 18:06:10.025820,0,8.0,1.0,4.0,64800.0,156.0,1.0,0.0,0.0,578.0,-3.92,-3.6,-28.8,1.0,1.0,1780000.0,737.0,63.0,7.0,37266.0,-4.972,700000.0,0.0,3.3e-07,-25.0,0.0,0.0,0.0,0.0,0.026,0.002,0.00401,Location3|TCP|UL|3,TCP,UL,3,26
Location3,2026-08-03 18:06:11.025860,0,8.0,1.0,5.0,68500.0,168.0,1.0,0.0,58.0,491.0,-3.89,3.0,-28.5,1.0,1.0,1950000.0,781.0,19.0,2.0,37416.0,-4.86,700000.0,0.0,3.29e-07,-26.0,0.0,0.0,0.0,0.0,0.026,0.002,0.00401,Location3|TCP|UL|3,TCP,UL,3,27
Location3,2026-08-03 18:06:12.025780,0,8.0,1.0,5.0,78800.0,180.0,0.0,0.0,0.0,497.0,-3.737,3.2,-28.4,1.0,1.0,1970000.0,761.0,39.0,4.0,37400.0,-4.988,700000.0,0.0,3.2400000000000004e-07,-25.0,0.0,0.0,0.0,0.0,0.025,0.002,0.00401,Location3|TCP|UL|3,TCP,UL,3,28
Location3,2026-08-03 18:06:13.025838,0,8.0,1.0,4.0,70000.0,174.0,0.0,0.0,3.0,532.0,-3.601,5.4,-28.1,1.0,1.0,2060000.0,782.0,18.0,2.0,37419.0,-4.86,700000.0,0.0,3.1200000000000004e-07,-25.0,0.0,0.0,0.0,0.0,0.019,0.002,0.004,Location3|TCP|UL|3,TCP,UL,3,29
Location3,2026-08-03 18:06:14.025743,0,7.0,1.0,3.0,62400.0,187.0,1.0,0.0,0.0,750.0,-3.56,6.0,-28.7,1.0,1.0,1980000.0,800.0,0.0,0.0,37427.0,-4.06,700000.0,0.0,3.16e-07,-26.0,0.0,0.0,0.0,0.0,0.017,0.002,0.004,Location3|TCP|UL|3,TCP,UL,3,30
Location3,2026-08-03 18:06:15.025781,0,8.0,1.0,4.0,56600.0,142.0,10.0,6.0,0.0,538.0,-3.936,1.7,-29.6,1.0,1.0,1830000.0,718.0,82.0,10.0,37204.0,-4.988,700000.0,0.0,3.140000000000001e-07,-26.0,0.0,3.0,0.0,0.0,0.027,0.002,0.00398,Location3|TCP|UL|3,TCP,UL,3,31
Location3,2026-08-03 18:06:16.025835,0,8.0,1.0,5.0,58500.0,141.0,0.0,0.0,0.0,488.0,-3.804,2.2,-28.0,1.0,1.0,1980000.0,756.0,44.0,5.0,37419.0,-4.988,700000.0,0.0,3.2400000000000004e-07,-26.0,0.0,0.0,0.0,0.0,0.025,0.002,0.00401,Location3|TCP|UL|3,TCP,UL,3,32
Location3,2026-08-03 18:06:17.025754,0,8.0,1.0,5.0,62600.0,147.0,0.0,0.0,0.0,510.0,-3.67,3.1,-27.9,1.0,1.0,2000000.0,752.0,48.0,6.0,37430.0,-4.988,700000.0,0.0,3.29e-07,-27.0,0.0,0.0,0.0,0.0,0.025,0.002,0.00401,Location3|TCP|UL|3,TCP,UL,3,33
Location3,2026-08-03 18:06:18.025798,0,7.0,1.0,3.0,59300.0,159.0,0.0,0.0,0.0,717.0,-3.529,3.1,-28.1,1.0,1.0,1980000.0,760.0,40.0,5.0,37422.0,-4.972,700000.0,0.0,3.1e-07,-27.0,0.0,0.0,0.0,0.0,0.026,0.002,0.00401,Location3|TCP|UL|3,TCP,UL,3,34
Location3,2026-08-03 18:06:19.025732,0,7.0,1.0,4.0,64200.0,173.0,0.0,0.0,0.0,679.0,-3.403,3.4,-28.4,1.0,1.0,1940000.0,792.0,8.0,1.0,37425.0,-4.884,700000.0,0.0,3.1700000000000005e-07,-27.0,0.0,0.0,0.0,0.0,0.017,0.002,0.00401,Location3|TCP|UL|3,TCP,UL,3,35
Location3,2026-08-03 18:06:20.025759,0,7.0,1.0,4.0,66000.0,166.0,0.0,0.0,0.0,575.0,-3.275,3.5,-28.4,1.0,1.0,1960000.0,787.0,13.0,1.0,37427.0,-4.94,700000.0,0.0,3.25e-07,-27.0,0.0,0.0,0.0,0.0,0.022,0.002,0.00401,Location3|TCP|UL|3,TCP,UL,3,36
Location3,2026-08-03 18:06:21.025816,0,6.0,1.0,3.0,71200.0,194.0,0.0,0.0,0.0,992.0,-3.125,3.6,-28.3,1.0,1.0,1960000.0,779.0,21.0,2.0,37405.0,-4.972,700000.0,0.0,3.1200000000000004e-07,-26.0,0.0,0.0,0.0,0.0,0.018,0.002,0.00401,Location3|TCP|UL|3,TCP,UL,3,37
Location3,2026-08-03 18:06:22.025760,0,7.0,1.0,4.0,70000.0,173.0,0.0,0.0,3.0,597.0,-2.982,4.3,-28.2,1.0,1.0,1990000.0,774.0,26.0,3.0,37428.0,-4.972,700000.0,0.0,3.1e-07,-26.0,0.0,0.0,0.0,0.0,0.022,0.002,0.00401,Location3|TCP|UL|3,TCP,UL,3,38
Location3,2026-08-03 18:06:23.025813,0,7.0,1.0,5.0,74500.0,182.0,0.0,0.0,0.0,540.0,-2.84,4.4,-28.0,1.0,1.0,2060000.0,788.0,12.0,1.0,37420.0,-4.884,700000.0,0.0,2.86e-07,-26.0,0.0,0.0,0.0,0.0,0.025,0.002,0.00401,Location3|TCP|UL|3,TCP,UL,3,39
Location3,2026-08-03 18:06:24.025730,0,7.0,1.0,5.0,68600.0,172.0,0.0,0.0,0.0,487.0,-2.701,4.2,-28.1,1.0,1.0,2040000.0,779.0,21.0,2.0,37406.0,-4.94,700000.0,0.0,2.9300000000000004e-07,-26.0,0.0,0.0,0.0,0.0,0.025,0.002,0.00401,Location3|TCP|UL|3,TCP,UL,3,40
Location3,2026-08-03 18:06:25.025771,0,7.0,1.0,5.0,66100.0,171.0,0.0,0.0,0.0,516.0,-2.57,5.7,-28.0,1.0,1.0,2060000.0,791.0,9.0,1.0,37427.0,-4.88,700000.0,0.0,3.0000000000000004e-07,-26.0,0.0,0.0,0.0,0.0,0.018,0.002,0.004,Location3|TCP|UL|3,TCP,UL,3,41
Location3,2026-08-03 18:06:26.025834,0,7.0,1.0,5.0,81700.0,186.0,0.0,0.0,0.0,520.0,-2.447,6.9,-27.8,1.0,1.0,2140000.0,798.0,2.0,0.0,37413.0,-4.28,700000.0,0.0,3.04e-07,-26.0,0.0,0.0,0.0,0.0,0.017,0.002,0.004,Location3|TCP|UL|3,TCP,UL,3,42
Location3,2026-08-03 18:06:27.025755,0,8.0,1.0,8.0,72900.0,149.0,0.0,0.0,0.0,348.0,-2.337,7.1,-27.8,1.0,1.0,2220000.0,794.0,6.0,0.0,37431.0,-4.08,700000.0,0.0,3.13e-07,-25.0,0.0,0.0,0.0,0.0,0.017,0.002,0.004,Location3|TCP|UL|3,TCP,UL,3,43
Location3,2026-08-03 18:06:28.025789,0,8.0,1.0,8.0,72900.0,155.0,0.0,0.0,0.0,394.0,-2.208,7.0,-27.8,1.0,1.0,2230000.0,792.0,8.0,1.0,37435.0,-4.08,700000.0,0.0,3.210000000000001e-07,-25.0,0.0,0.0,0.0,0.0,0.017,0.002,0.00401,Location3|TCP|UL|3,TCP,UL,3,44
Location3,2026-08-03 18:06:29.025771,0,8.0,1.0,7.0,72100.0,154.0,1.0,0.0,0.0,445.0,-2.18,6.9,-27.8,1.0,1.0,2190000.0,790.0,10.0,1.0,37421.0,-4.28,700000.0,0.0,3.1200000000000004e-07,-25.0,0.0,0.0,0.0,0.0,0.017,0.002,0.004,Location3|TCP|UL|3,TCP,UL,3,45
Location3,2026-08-03 18:06:30.025800,0,8.0,1.0,7.0,65800.0,142.0,4.0,2.0,0.0,438.0,-2.459,6.6,-27.9,1.0,1.0,2170000.0,791.0,9.0,1.0,37440.0,-4.281,700000.0,0.0,3.04e-07,-26.0,0.0,0.0,0.0,0.0,0.017,0.002,0.004,Location3|TCP|UL|3,TCP,UL,3,46
Location3,2026-08-03 18:06:31.025720,0,8.0,1.0,7.0,73800.0,155.0,1.0,0.0,0.0,505.0,-2.436,6.8,-28.0,1.0,1.0,2170000.0,793.0,7.0,0.0,37432.0,-3.884,700000.0,0.0,3.08e-07,-25.0,0.0,0.0,0.0,0.0,0.018,0.002,0.004,Location3|TCP|UL|3,TCP,UL,3,47
Location3,2026-08-03 18:06:32.025791,0,8.0,1.0,6.0,71000.0,165.0,7.0,4.0,0.0,599.0,-2.997,7.3,-28.0,1.0,1.0,2250000.0,794.0,6.0,0.0,37411.0,-3.684,700000.0,0.0,3.16e-07,-26.0,0.0,0.0,0.0,0.0,0.017,0.002,0.004,Location3|TCP|UL|3,TCP,UL,3,48
Location3,2026-08-03 18:06:33.025806,0,8.0,1.0,5.0,69500.0,160.0,8.0,4.0,0.0,708.0,-3.655,7.1,-28.1,1.0,1.0,2250000.0,792.0,8.0,1.0,37416.0,-3.684,700000.0,0.0,3.22e-07,-25.0,0.0,0.0,0.0,0.0,0.017,0.002,0.004,Location3|TCP|UL|3,TCP,UL,3,49
Location3,2026-08-03 18:06:34.025771,0,8.0,1.0,4.0,64700.0,176.0,5.0,2.0,0.0,842.0,-3.942,6.9,-28.2,1.0,1.0,2240000.0,795.0,5.0,0.0,37420.0,-3.385,700000.0,0.0,3.1e-07,-26.0,0.0,0.0,0.0,0.0,0.017,0.002,0.004,Location3|TCP|UL|3,TCP,UL,3,50
Location3,2026-08-03 18:06:35.025850,0,7.0,1.0,3.0,58200.0,175.0,5.0,2.0,0.0,864.0,-3.983,7.1,-28.1,1.0,1.0,2270000.0,789.0,11.0,1.0,37428.0,-3.685,700000.0,0.0,3.0500000000000004e-07,-26.0,0.0,0.0,0.0,0.0,0.017,0.002,0.004,Location3|TCP|UL|3,TCP,UL,3,51
Location3,2026-08-03 18:06:36.025766,0,7.0,1.0,3.0,50600.0,154.0,6.0,3.0,0.0,804.0,-3.992,7.1,-28.0,1.0,1.0,2250000.0,791.0,9.0,1.0,37414.0,-3.785,700000.0,0.0,3.1200000000000004e-07,-26.0,0.0,0.0,0.0,0.0,0.017,0.002,0.004,Location3|TCP|UL|3,TCP,UL,3,52
Location3,2026-08-03 18:06:37.025819,0,7.0,1.0,3.0,51300.0,160.0,6.0,3.0,0.0,744.0,-3.996,5.9,-28.3,1.0,1.0,2140000.0,779.0,21.0,2.0,37387.0,-4.996,700000.0,0.0,3.190000000000001e-07,-27.0,0.0,0.0,0.0,0.0,0.02,0.002,0.00401,Location3|TCP|UL|3,TCP,UL,3,53
Location3,2026-08-03 18:06:38.025874,0,6.0,1.0,1.0,41500.0,161.0,0.0,0.0,0.0,1327.0,-3.867,2.3,-29.3,1.0,1.0,1760000.0,760.0,40.0,5.0,37303.0,-4.672,700000.0,0.0,3.27e-07,-26.0,0.0,0.0,0.0,0.0,0.026,0.002,0.004,Location3|TCP|UL|3,TCP,UL,3,54
Location3,2026-08-03 18:06:39.025820,0,6.0,1.0,1.0,35800.0,149.0,2.0,1.0,0.0,1022.0,-3.944,3.8,-29.3,1.0,1.0,1720000.0,791.0,9.0,1.0,37424.0,-4.528,700000.0,0.0,3.1700000000000005e-07,-26.0,0.0,0.0,0.0,0.0,0.017,0.002,0.004,Location3|TCP|UL|3,TCP,UL,3,55
Location3,2026-08-03 18:06:40.025864,0,7.0,1.0,2.0,44800.0,157.0,2.0,1.0,0.0,785.0,-3.943,4.6,-29.2,1.0,1.0,1790000.0,796.0,4.0,0.0,37429.0,-4.029,700000.0,0.0,3.1e-07,-25.0,0.0,0.0,0.0,0.0,0.019,0.002,0.004,Location3|TCP|UL|3,TCP,UL,3,56
Location3,2026-08-03 18:06:41.025816,0,7.0,1.0,3.0,51000.0,149.0,5.0,3.0,0.0,814.0,,3.5,-27.8,1.0,1.0,2240000.0,742.0,58.0,7.0,37353.0,-4.99,700000.0,0.0,3.260000000000001e-07,-20.0,0.0,0.0,0.0,0.0,0.02,0.002,0.00401,Location3|TCP|UL|3,TCP,UL,3,57
Location3,2026-08-03 18:06:55.026106,0,7.0,1.0,3.0,5190000.0,1073.0,127.0,10.0,6170000.0,58995.0,-3.994,-14.2,-28.9,1.0,0.0,61800.0,40.0,2.0,4.0,2100.0,-4.549,0.0,40.0,3.520000000000001e-07,-24.0,0.0,0.0,5.0,0.0,0.001,0.045,0.004,Location3|UDP|DL|1,UDP,DL,1,5
Location3,2026-08-03 18:06:56.026044,0,7.0,1.0,2.0,3710000.0,1137.0,63.0,5.0,6180000.0,59037.0,-3.934,-7.2,-28.1,1.0,0.0,77200.0,50.0,0.0,0.0,2500.0,-4.499,0.0,50.0,2.590000000000001e-07,-24.0,0.0,0.0,4.0,0.0,0.001,0.02,0.004,Location3|UDP|DL|1,UDP,DL,1,6
Location3,2026-08-03 18:06:57.026111,0,8.0,1.0,4.0,6710000.0,1121.0,79.0,6.0,6170000.0,59046.0,-3.994,-7.4,-27.9,1.0,0.0,74100.0,48.0,0.0,0.0,2400.0,-4.451,0.0,48.0,2.26e-07,-24.0,0.0,0.0,0.0,0.0,0.001,0.04,0.004,Location3|UDP|DL|1,UDP,DL,1,7
Location3,2026-08-03 18:06:58.026099,0,7.0,1.0,3.0,4400000.0,1109.0,91.0,7.0,6170000.0,59046.0,-3.994,-9.7,-27.9,1.0,0.0,72600.0,47.0,0.0,0.0,2350.0,-4.404,0.0,47.0,2.22e-07,-24.0,0.0,0.0,6.0,0.0,0.001,0.04,0.004,Location3|UDP|DL|1,UDP,DL,1,8
Location3,2026-08-03 18:06:59.026080,0,6.0,1.0,1.0,2320000.0,1141.0,59.0,4.0,6180000.0,59046.0,-3.682,-17.1,-28.3,1.0,0.0,72600.0,47.0,0.0,0.0,2350.0,-4.357,0.0,47.0,3.42e-07,-23.0,0.0,0.0,25.0,0.0,0.001,0.04,0.004,Location3|UDP|DL|1,UDP,DL,1,9
Location3,2026-08-03 18:07:00.026201,0,6.0,1.0,1.0,2070000.0,1189.0,11.0,0.0,6180000.0,59037.0,-3.534,-14.5,-28.1,1.0,0.0,77200.0,50.0,0.0,0.0,2500.0,-4.307,0.0,50.0,3.53e-07,-23.0,0.0,0.0,2.0,0.0,0.001,0.02,0.004,Location3|UDP|DL|1,UDP,DL,1,10
Location3,2026-08-03 18:07:01.026120,0,8.0,1.0,4.0,6480000.0,1105.0,95.0,7.0,6170000.0,58983.0,-3.994,-11.3,-27.4,1.0,0.0,75700.0,49.0,2.0,3.0,2550.0,-4.258,0.0,49.0,3.87e-07,-22.0,0.0,0.0,8.0,0.0,0.001,0.025,0.004,Location3|UDP|DL|1,UDP,DL,1,11
Location3,2026-08-03 18:07:02.026233,0,7.0,1.0,3.0,4370000.0,1114.0,86.0,7.0,6170000.0,59046.0,-3.994,-13.9,-27.3,1.0,0.0,77200.0,50.0,0.0,0.0,2500.0,-4.208,0.0,50.0,4.25e-07,-22.0,0.0,0.0,14.0,0.0,0.001,0.02,0.004,Location3|UDP|DL|1,UDP,DL,1,12
Location3,2026-08-03 18:07:03.026151,0,8.0,1.0,5.0,6870000.0,1058.0,142.0,11.0,6160000.0,58944.0,-3.994,-16.5,-27.4,1.0,0.0,75700.0,49.0,4.0,7.0,2650.0,-4.159,0.0,49.0,3.8100000000000004e-07,-23.0,0.0,0.0,47.0,0.0,0.001,0.02,0.004,Location3|UDP|DL|1,UDP,DL,1,13
Location3,2026-08-03 18:07:04.026204,0,6.0,1.0,1.0,2270000.0,1184.0,16.0,1.0,6170000.0,59037.0,-3.279,-12.7,-28.3,1.0,0.0,77200.0,50.0,0.0,0.0,2500.0,-4.109,0.0,50.0,3.22e-07,-24.0,0.0,0.0,11.0,0.0,0.001,0.02,0.004,Location3|UDP|DL|1,UDP,DL,1,14
Location3,2026-08-03 18:07:05.026172,0,7.0,1.0,2.0,3920000.0,1168.0,32.0,2.0,6180000.0,59046.0,-3.724,-12.8,-29.5,1.0,0.0,77200.0,50.0,0.0,0.0,2500.0,-4.059,0.0,50.0,3.520000000000001e-07,-25.0,0.0,0.0,0.0,0.0,0.001,0.02,0.004,Location3|UDP|DL|1,UDP,DL,1,15
Location3,2026-08-03 18:07:06.026299,0,6.0,1.0,1.0,2050000.0,1190.0,10.0,0.0,6180000.0,59046.0,-3.674,-10.2,-29.4,1.0,0.0,77200.0,50.0,0.0,0.0,2500.0,-4.009,0.0,50.0,3.01e-07,-26.0,0.0,0.0,0.0,0.0,0.001,0.02,0.004,Location3|UDP|DL|1,UDP,DL,1,16
Location3,2026-08-03 18:07:07.026316,0,6.0,1.0,1.0,1920000.0,1186.0,14.0,1.0,6180000.0,59046.0,-3.976,-9.2,-29.6,1.0,0.0,77200.0,50.0,0.0,0.0,2500.0,-3.959,0.0,50.0,3.06e-07,-27.0,0.0,0.0,0.0,0.0,0.001,0.02,0.004,Location3|UDP|DL|1,UDP,DL,1,17
Location3,2026-08-03 18:07:08.026347,0,6.0,1.0,1.0,1930000.0,1183.0,17.0,1.0,6180000.0,59007.0,-3.97,-8.0,-29.5,1.0,0.0,77200.0,50.0,0.0,0.0,2500.0,-3.909,0.0,50.0,3.140000000000001e-07,-26.0,0.0,0.0,0.0,0.0,0.001,0.02,0.004,Location3|UDP|DL|1,UDP,DL,1,18
Location3,2026-08-03 18:07:09.026404,0,7.0,1.0,3.0,4800000.0,1091.0,109.0,9.0,6170000.0,58983.0,-3.994,-10.0,-29.5,1.0,0.0,74100.0,48.0,2.0,4.0,2500.0,-3.861,0.0,48.0,3.2400000000000004e-07,-26.0,0.0,0.0,2.0,0.0,0.001,0.04,0.004,Location3|UDP|DL|1,UDP,DL,1,19
Location3,2026-08-03 18:07:10.026306,0,6.0,1.0,1.0,2170000.0,1182.0,18.0,1.0,6180000.0,59046.0,-3.95,-17.0,-29.5,1.0,0.0,77200.0,50.0,0.0,0.0,2500.0,-3.811,0.0,50.0,3.15e-07,-26.0,0.0,0.0,0.0,0.0,0.001,0.02,0.004,Location3|UDP|DL|1,UDP,DL,1,20
Location3,2026-08-03 18:07:11.026463,0,6.0,1.0,1.0,1930000.0,1190.0,10.0,0.0,6180000.0,59046.0,-3.672,-10.0,-29.4,1.0,0.0,77200.0,50.0,0.0,0.0,2500.0,-3.761,0.0,50.0,2.9300000000000004e-07,-26.0,0.0,0.0,0.0,0.0,0.001,0.02,0.004,Location3|UDP|DL|1,UDP,DL,1,21
Location3,2026-08-03 18:07:12.026517,0,7.0,1.0,2.0,3740000.0,1145.0,55.0,4.0,5790000.0,58986.0,-3.994,-6.8,-29.5,1.0,0.0,75700.0,49.0,0.0,0.0,2450.0,-3.712,0.0,49.0,3.0000000000000004e-07,-26.0,0.0,0.0,4.0,0.0,0.001,0.04,0.004,Location3|UDP|DL|1,UDP,DL,1,22
Location3,2026-08-03 18:07:13.026423,0,7.0,1.0,3.0,4520000.0,1132.0,68.0,5.0,5240000.0,59046.0,-3.976,-6.4,-29.6,1.0,0.0,77200.0,50.0,0.0,0.0,2500.0,-3.662,0.0,50.0,3.13e-07,-27.0,0.0,0.0,0.0,0.0,0.001,0.02,0.004,Location3|UDP|DL|1,UDP,DL,1,23
Location3,2026-08-03 18:07:14.026533,0,6.0,1.0,1.0,1930000.0,1189.0,11.0,0.0,5000000.0,59046.0,-3.62,-6.6,-29.8,1.0,0.0,77200.0,50.0,0.0,0.0,2500.0,-3.612,0.0,50.0,3.2400000000000004e-07,-23.0,0.0,0.0,0.0,0.0,0.001,0.02,0.004,Location3|UDP|DL|1,UDP,DL,1,24
Location3,2026-08-03 18:07:15.026497,0,6.0,1.0,1.0,2360000.0,1186.0,14.0,1.0,4720000.0,59046.0,-3.574,-7.7,-28.6,1.0,0.0,77200.0,50.0,1.0,1.0,2550.0,-3.562,0.0,50.0,2.9300000000000004e-07,-23.0,0.0,0.0,4.0,0.0,0.001,0.02,0.004,Location3|UDP|DL|1,UDP,DL,1,25
Location3,2026-08-03 18:07:16.026561,0,6.0,1.0,1.0,2090000.0,1184.0,16.0,1.0,4470000.0,59037.0,-3.976,-3.6,-27.9,1.0,0.0,80000.0,50.0,0.0,0.0,2500.0,-3.512,0.0,50.0,3.15e-07,-24.0,0.0,0.0,0.0,0.0,0.001,0.02,0.004,Location3|UDP|DL|1,UDP,DL,1,26
Location3,2026-08-03 18:07:17.026679,0,7.0,1.0,2.0,3290000.0,1104.0,96.0,8.0,4060000.0,58941.0,-3.997,0.6,-25.6,1.0,0.0,72000.0,46.0,1.0,2.0,2350.0,-3.466,0.0,46.0,3.15e-07,-24.0,0.0,0.0,4.0,0.0,0.001,0.04,0.004,Location3|UDP|DL|1,UDP,DL,1,27
Location3,2026-08-03 18:07:18.026614,0,8.0,1.0,5.0,7590000.0,1121.0,79.0,6.0,3120000.0,59025.0,-3.994,0.6,-25.6,1.0,0.0,75700.0,49.0,0.0,0.0,2450.0,-3.417,0.0,49.0,3.27e-07,-24.0,0.0,0.0,0.0,0.0,0.001,0.04,0.004,Location3|UDP|DL|1,UDP,DL,1,28
Location3,2026-08-03 18:07:19.026710,0,7.0,1.0,3.0,4470000.0,1146.0,54.0,4.0,2570000.0,59046.0,-3.682,2.2,-25.3,1.0,0.0,80600.0,50.0,0.0,0.0,2500.0,-3.367,0.0,50.0,3.03e-07,-24.0,0.0,0.0,0.0,0.0,0.001,0.02,0.004,Location3|UDP|DL|1,UDP,DL,1,29
Location3,2026-08-03 18:07:20.026646,0,7.0,1.0,4.0,6430000.0,1200.0,0.0,0.0,1780000.0,59037.0,-2.632,1.8,-24.9,1.0,0.0,77200.0,50.0,0.0,0.0,2500.0,-3.317,0.0,50.0,3.16e-07,-24.0,0.0,0.0,0.0,0.0,0.001,0.02,0.004,Location3|UDP|DL|1,UDP,DL,1,30
Location3,2026-08-03 18:07:21.026739,0,7.0,1.0,6.0,9340000.0,1200.0,0.0,0.0,619000.0,59046.0,-1.582,1.3,-25.1,1.0,0.0,77200.0,50.0,0.0,0.0,2500.0,-3.267,0.0,50.0,3.1700000000000005e-07,-24.0,0.0,0.0,0.0,0.0,0.001,0.02,0.004,Location3|UDP|DL|1,UDP,DL,1,31
Location3,2026-08-03 18:07:22.026690,0,7.0,1.0,8.0,5070000.0,540.0,0.0,0.0,0.0,25975.0,-1.11,3.8,-25.3,1.0,1.0,72500.0,29.0,0.0,0.0,1383.0,-3.238,0.0,24.0,3.03e-07,-22.0,0.0,0.0,0.0,0.0,0.022,0.024,0.004,Location3|UDP|DL|1,UDP,DL,1,32
Location3,2026-08-03 18:07:23.026760,0,7.0,1.0,0.0,0.0,0.0,0.0,0.0,0.0,0.0,-1.11,,,1.0,0.0,0.0,0.0,0.0,0.0,0.0,-3.238,0.0,0.0,3.18e-07,-22.0,0.0,0.0,0.0,0.0,0.0,0.0,,Location3|UDP|DL|1,UDP,DL,1,33
Location3,2026-08-03 18:07:24.026843,0,7.0,1.0,0.0,0.0,0.0,0.0,0.0,0.0,0.0,-1.11,,,1.0,0.0,0.0,0.0,0.0,0.0,0.0,-3.238,0.0,0.0,3.140000000000001e-07,-22.0,0.0,0.0,0.0,0.0,0.0,0.0,,Location3|UDP|DL|1,UDP,DL,1,34
Location3,2026-08-03 18:07:25.026831,0,7.0,1.0,0.0,0.0,0.0,0.0,0.0,0.0,0.0,-1.11,12.3,-24.9,1.0,4.0,4220.0,1.0,0.0,0.0,27.0,-3.237,0.0,1.0,3.330000000000001e-07,-22.0,0.0,0.0,0.0,0.0,0.0,0.0,0.004,Location3|UDP|DL|1,UDP,DL,1,35
Location3,2026-08-03 18:07:26.026895,0,7.0,1.0,0.0,0.0,0.0,0.0,0.0,0.0,0.0,-1.11,,,1.0,0.0,0.0,0.0,0.0,0.0,0.0,-3.237,0.0,0.0,3.44e-07,-22.0,0.0,0.0,0.0,0.0,0.0,0.0,,Location3|UDP|DL|1,UDP,DL,1,36
Location3,2026-08-03 18:07:27.026869,0,7.0,1.0,0.0,0.0,0.0,0.0,0.0,0.0,0.0,-1.11,,,1.0,0.0,0.0,0.0,0.0,0.0,0.0,-3.237,0.0,0.0,3.35e-07,-22.0,0.0,0.0,0.0,0.0,0.0,0.0,,Location3|UDP|DL|1,UDP,DL,1,37
Location3,2026-08-03 18:07:28.026917,0,7.0,1.0,0.0,0.0,0.0,0.0,0.0,0.0,0.0,-1.11,,,1.0,0.0,0.0,0.0,0.0,0.0,0.0,-3.237,0.0,0.0,3.2400000000000004e-07,-22.0,0.0,0.0,0.0,0.0,0.0,0.0,,Location3|UDP|DL|1,UDP,DL,1,38
Location3,2026-08-03 18:07:29.027028,0,7.0,1.0,0.0,0.0,0.0,0.0,0.0,0.0,0.0,-1.11,13.8,-24.4,1.0,6.0,4220.0,1.0,0.0,0.0,19.0,-3.236,0.0,1.0,3.32e-07,-20.0,0.0,0.0,0.0,0.0,0.0,0.0,0.004,Location3|UDP|DL|1,UDP,DL,1,39
Location3,2026-08-03 18:07:30.026976,0,7.0,1.0,10.0,,1.0,0.0,0.0,0.0,2.0,-1.109,13.7,-24.4,1.0,8.0,4220.0,1.0,0.0,0.0,15.0,-3.235,0.0,1.0,3.330000000000001e-07,-19.0,0.0,0.0,0.0,0.0,0.0,0.0,0.004,Location3|UDP|DL|1,UDP,DL,1,40
Location3,2026-08-03 18:07:31.027070,0,7.0,1.0,0.0,0.0,0.0,0.0,0.0,0.0,0.0,-1.109,,,1.0,0.0,0.0,0.0,0.0,0.0,0.0,-3.235,0.0,0.0,3.430000000000001e-07,-19.0,0.0,0.0,0.0,0.0,0.0,0.0,,Location3|UDP|DL|1,UDP,DL,1,41
Location3,2026-08-03 18:07:32.027040,0,7.0,1.0,8.0,2080.0,4.0,0.0,0.0,0.0,9.0,-1.107,13.3,-24.6,1.0,7.0,12700.0,3.0,0.0,0.0,49.0,-3.232,0.0,3.0,3.22e-07,-20.0,0.0,0.0,0.0,0.0,0.02,0.08,0.004,Location3|UDP|DL|1,UDP,DL,1,42
Location3,2026-08-03 18:07:33.027133,0,6.0,1.0,6.0,,1.0,0.0,0.0,0.0,2.0,-1.104,14.9,-23.5,1.0,7.0,4220.0,1.0,0.0,0.0,17.0,-3.231,0.0,1.0,3.310000000000001e-07,-22.0,0.0,0.0,0.0,0.0,0.0,0.0,0.004,Location3|UDP|DL|1,UDP,DL,1,43
Location3,2026-08-03 18:07:34.027198,0,6.0,1.0,0.0,0.0,0.0,0.0,0.0,0.0,0.0,-1.104,,,1.0,0.0,0.0,0.0,0.0,0.0,0.0,-3.231,0.0,0.0,3.450000000000001e-07,-22.0,0.0,0.0,0.0,0.0,0.0,0.0,,Location3|UDP|DL|1,UDP,DL,1,44
Location3,2026-08-03 18:07:35.027179,0,6.0,1.0,0.0,0.0,0.0,0.0,0.0,0.0,0.0,-1.104,,,1.0,0.0,0.0,0.0,0.0,0.0,0.0,-3.231,0.0,0.0,3.6000000000000005e-07,-22.0,0.0,0.0,0.0,0.0,0.0,0.0,,Location3|UDP|DL|1,UDP,DL,1,45
Location3,2026-08-03 18:07:43.027540,0,8.0,1.0,13.0,17600000.0,1187.0,13.0,1.0,6110000.0,58815.0,-0.1861,-5.5,-28.1,1.0,0.0,77200.0,50.0,0.0,0.0,2500.0,-3.023,0.0,50.0,3.44e-07,-27.0,0.0,0.0,0.0,0.0,0.001,0.02,0.004,Location3|UDP|DL|2,UDP,DL,2,5
Location3,2026-08-03 18:07:44.027498,0,8.0,1.0,12.0,16200000.0,1187.0,13.0,1.0,6120000.0,58806.0,-0.4361,-4.3,-27.9,1.0,0.0,77200.0,50.0,0.0,0.0,2500.0,-2.973,0.0,50.0,3.37e-07,-27.0,0.0,0.0,0.0,0.0,0.001,0.02,0.004,Location3|UDP|DL|2,UDP,DL,2,6
Location3,2026-08-03 18:07:45.027623,0,8.0,1.0,12.0,16100000.000000002,1194.0,6.0,0.0,6120000.0,58962.0,0.01387,-4.5,-27.9,1.0,0.0,77200.0,50.0,0.0,0.0,2500.0,-2.923,0.0,50.0,3.310000000000001e-07,-26.0,0.0,0.0,0.0,0.0,0.001,0.02,0.004,Location3|UDP|DL|2,UDP,DL,2,7
Location3,2026-08-03 18:07:46.027685,0,8.0,1.0,13.0,17300000.0,1188.0,12.0,1.0,6120000.0,58836.0,-0.1361,-3.1,-27.3,1.0,0.0,77200.0,50.0,0.0,0.0,2500.0,-2.873,0.0,50.0,3.29e-07,-27.0,0.0,0.0,0.0,0.0,0.001,0.02,0.004,Location3|UDP|DL|2,UDP,DL,2,8
Location3,2026-08-03 18:07:47.027667,0,8.0,1.0,12.0,16800000.0,1192.0,8.0,0.0,6110000.0,58962.0,0.1139,-3.9,-27.9,1.0,0.0,77200.0,50.0,0.0,0.0,2500.0,-2.823,0.0,50.0,3.46e-07,-26.0,0.0,0.0,0.0,0.0,0.001,0.02,0.004,Location3|UDP|DL|2,UDP,DL,2,9
Location3,2026-08-03 18:07:48.027704,0,9.0,1.0,13.0,18200000.0,1166.0,34.0,2.0,6120000.0,58776.0,-2.032,-4.8,-28.2,1.0,0.0,77200.0,50.0,0.0,0.0,2500.0,-2.773,0.0,50.0,3.13e-07,-25.0,0.0,0.0,2.0,0.0,0.001,0.02,0.004,Location3|UDP|DL|2,UDP,DL,2,10
Location3,2026-08-03 18:07:49.027712,0,9.0,1.0,8.0,11600000.0,1108.0,92.0,7.0,6150000.0,59046.0,-3.994,-7.3,-28.9,1.0,0.0,77200.0,50.0,0.0,0.0,2500.0,-2.723,0.0,50.0,2.66e-07,-24.0,0.0,0.0,0.0,0.0,0.001,0.02,0.004,Location3|UDP|DL|2,UDP,DL,2,11
Location3,2026-08-03 18:07:50.027806,0,9.0,1.0,7.0,9980000.0,1104.0,96.0,8.0,6150000.0,59046.0,-3.994,-6.0,-29.2,1.0,0.0,74100.0,48.0,0.0,0.0,2400.0,-2.675,0.0,48.0,2.92e-07,-25.0,0.0,0.0,0.0,0.0,0.001,0.04,0.004,Location3|UDP|DL|2,UDP,DL,2,12
Location3,2026-08-03 18:07:51.027910,0,9.0,1.0,7.0,9970000.0,1100.0,100.0,8.0,6150000.0,59046.0,-3.994,-5.4,-28.5,1.0,0.0,67900.0,44.0,0.0,0.0,2200.0,-2.631,0.0,44.0,2.9300000000000004e-07,-25.0,0.0,0.0,0.0,0.0,0.001,0.04,0.004,Location3|UDP|DL|2,UDP,DL,2,13
Location3,2026-08-03 18:07:52.027826,0,9.0,1.0,7.0,10000000.0,1122.0,78.0,6.0,6140000.0,59037.0,-3.994,-5.4,-28.1,1.0,0.0,75700.0,49.0,0.0,0.0,2450.0,-2.582,0.0,49.0,2.79e-07,-24.0,0.0,0.0,0.0,0.0,0.001,0.04,0.004,Location3|UDP|DL|2,UDP,DL,2,14
Location3,2026-08-03 18:07:53.027983,0,9.0,1.0,7.0,10000000.0,1123.0,77.0,6.0,6150000.0,59046.0,-3.994,-5.9,-28.0,1.0,0.0,77200.0,50.0,0.0,0.0,2500.0,-2.532,0.0,50.0,2.6e-07,-24.0,0.0,0.0,0.0,0.0,0.001,0.02,0.004,Location3|UDP|DL|2,UDP,DL,2,15
Location3,2026-08-03 18:07:54.027953,0,9.0,1.0,7.0,9970000.0,1098.0,102.0,8.0,6150000.0,59046.0,-3.994,-4.5,-28.0,1.0,0.0,64800.0,42.0,0.0,0.0,2100.0,-2.49,0.0,42.0,2.830000000000001e-07,-24.0,0.0,0.0,0.0,0.0,0.001,0.04,0.004,Location3|UDP|DL|2,UDP,DL,2,16
Location3,2026-08-03 18:07:55.028004,0,9.0,1.0,7.0,9970000.0,1099.0,101.0,8.0,6150000.0,59046.0,-3.994,-1.9,-27.9,1.0,0.0,54000.0,35.0,0.0,0.0,1750.0,-2.455,0.0,35.0,3.01e-07,-24.0,0.0,0.0,0.0,0.0,0.001,0.04,0.004,Location3|UDP|DL|2,UDP,DL,2,17
Location3,2026-08-03 18:07:56.028022,0,9.0,1.0,7.0,10000000.0,1116.0,84.0,7.0,6150000.0,59037.0,-3.994,-3.4,-27.8,1.0,0.0,71000.0,46.0,0.0,0.0,2300.0,-2.409,0.0,46.0,2.96e-07,-24.0,0.0,0.0,0.0,0.0,0.001,0.04,0.004,Location3|UDP|DL|2,UDP,DL,2,18
Location3,2026-08-03 18:07:57.028123,0,9.0,1.0,7.0,9980000.0,1102.0,98.0,8.0,6140000.0,59046.0,-3.994,-5.0,-27.7,1.0,0.0,64800.0,42.0,0.0,0.0,2100.0,-2.367,0.0,42.0,2.710000000000001e-07,-24.0,0.0,0.0,0.0,0.0,0.001,0.04,0.004,Location3|UDP|DL|2,UDP,DL,2,19
Location3,2026-08-03 18:07:58.028196,0,9.0,1.0,7.0,10000000.0,1119.0,81.0,6.0,6150000.0,59046.0,-3.994,-4.1,-27.8,1.0,0.0,74100.0,48.0,0.0,0.0,2400.0,-2.319,0.0,48.0,2.82e-07,-24.0,0.0,0.0,0.0,0.0,0.001,0.04,0.004,Location3|UDP|DL|2,UDP,DL,2,20
Location3,2026-08-03 18:08:19.029194,0,6.0,1.0,1.0,1880000.0,1163.0,37.0,3.0,6180000.0,59046.0,-3.976,-16.0,-28.7,1.0,0.0,75700.0,49.0,0.0,0.0,2450.0,-1.876,0.0,49.0,2.77e-07,-23.0,0.0,0.0,15.0,0.0,0.001,0.04,0.004,Location3|UDP|DL|3,UDP,DL,3,5
Location3,2026-08-03 18:08:20.029279,0,5.0,1.0,1.0,1760000.0,1104.0,46.0,4.0,6180000.0,56172.0,-3.586,-16.9,-29.0,1.0,0.0,75700.0,49.0,0.0,0.0,2451.0,-1.827,0.0,49.0,2.66e-07,-23.0,0.0,0.0,37.0,0.0,0.001,0.02,0.004,Location3|UDP|DL|3,UDP,DL,3,6
Location3,2026-08-03 18:08:21.029257,0,7.0,1.0,3.0,4550000.0,987.0,71.0,6.0,6170000.0,52464.0,-3.994,-12.8,-29.7,1.0,0.0,67900.0,44.0,0.0,0.0,2200.0,-1.783,0.0,44.0,3.0000000000000004e-07,-24.0,0.0,0.0,0.0,0.0,0.001,0.02,0.004,Location3|UDP|DL|3,UDP,DL,3,7
Location3,2026-08-03 18:08:22.029391,0,6.0,1.0,1.0,1970000.0,1174.0,26.0,2.0,6180000.0,59046.0,-3.976,-12.3,-29.5,1.0,0.0,77200.0,50.0,0.0,0.0,2500.0,-1.733,0.0,50.0,2.400000000000001e-07,-24.0,0.0,0.0,0.0,0.0,0.001,0.02,0.004,Location3|UDP|DL|3,UDP,DL,3,8
Location3,2026-08-03 18:08:23.029338,0,6.0,1.0,1.0,2020000.0,1192.0,8.0,0.0,6180000.0,59046.0,-3.536,-16.9,-29.9,1.0,0.0,77200.0,50.0,0.0,0.0,2500.0,-1.683,0.0,50.0,3.020000000000001e-07,-24.0,0.0,0.0,0.0,0.0,0.001,0.02,0.004,Location3|UDP|DL|3,UDP,DL,3,9
Location3,2026-08-03 18:08:24.029413,0,6.0,1.0,1.0,2160000.0,1189.0,11.0,0.0,6180000.0,59037.0,-3.586,-12.5,-29.7,1.0,0.0,77200.0,50.0,0.0,0.0,2500.0,-1.633,0.0,50.0,2.8100000000000004e-07,-24.0,0.0,0.0,0.0,0.0,0.001,0.02,0.004,Location3|UDP|DL|3,UDP,DL,3,10
Location3,2026-08-03 18:08:25.029579,0,6.0,1.0,1.0,1920000.0,1185.0,15.0,1.0,6180000.0,59046.0,-3.598,-10.3,-29.3,1.0,0.0,77200.0,50.0,0.0,0.0,2500.0,-1.583,0.0,50.0,2.5700000000000004e-07,-24.0,0.0,0.0,0.0,0.0,0.001,0.02,0.004,Location3|UDP|DL|3,UDP,DL,3,11
Location3,2026-08-03 18:08:26.029554,0,6.0,1.0,2.0,3580000.0,1200.0,0.0,0.0,6170000.0,59046.0,-2.548,-10.5,-29.2,1.0,0.0,77200.0,50.0,0.0,0.0,2500.0,-1.533,0.0,50.0,2.87e-07,-24.0,0.0,0.0,0.0,0.0,0.001,0.02,0.004,Location3|UDP|DL|3,UDP,DL,3,12
Location3,2026-08-03 18:08:27.029644,0,6.0,1.0,4.0,6850000.0,1200.0,0.0,0.0,6160000.0,59046.0,-1.498,-14.4,-29.7,1.0,0.0,77200.0,50.0,0.0,0.0,2500.0,-1.483,0.0,50.0,3.01e-07,-24.0,0.0,0.0,0.0,0.0,0.001,0.02,0.004,Location3|UDP|DL|3,UDP,DL,3,13
Location3,2026-08-03 18:08:28.029591,0,6.0,1.0,6.0,9710000.0,1200.0,0.0,0.0,6140000.0,59037.0,-0.4481,-12.1,-29.4,1.0,0.0,77200.0,50.0,0.0,0.0,2500.0,-1.433,0.0,50.0,2.75e-07,-24.0,0.0,0.0,0.0,0.0,0.001,0.02,0.004,Location3|UDP|DL|3,UDP,DL,3,14
Location3,2026-08-03 18:08:29.029743,0,7.0,1.0,10.0,13900000.0,1200.0,0.0,0.0,6100000.0,59046.0,0.6019,-10.2,-29.2,1.0,0.0,77200.0,50.0,0.0,0.0,2500.0,-1.383,0.0,50.0,2.85e-07,-24.0,0.0,0.0,0.0,0.0,0.001,0.02,0.004,Location3|UDP|DL|3,UDP,DL,3,15
Location3,2026-08-03 18:08:30.029690,0,8.0,1.0,12.0,16399999.999999998,1162.0,38.0,3.0,6140000.0,58962.0,-2.148,-9.5,-29.1,1.0,0.0,74100.0,48.0,0.0,0.0,2400.0,-1.335,0.0,48.0,2.49e-07,-24.0,0.0,0.0,0.0,0.0,0.001,0.04,0.004,Location3|UDP|DL|3,UDP,DL,3,16
Location3,2026-08-03 18:08:31.029863,0,8.0,1.0,7.0,9920000.0,1177.0,23.0,1.0,6150000.0,59046.0,-3.398,-11.5,-29.4,1.0,0.0,77200.0,50.0,0.0,0.0,2500.0,-1.285,0.0,50.0,2.61e-07,-24.0,0.0,0.0,0.0,0.0,0.001,0.02,0.004,Location3|UDP|DL|3,UDP,DL,3,17
Location3,2026-08-03 18:08:32.029921,0,8.0,1.0,5.0,7730000.0,1156.0,44.0,3.0,6160000.0,59037.0,-3.994,-14.4,-29.7,1.0,0.0,77200.0,50.0,0.0,0.0,2500.0,-1.235,0.0,50.0,2.950000000000001e-07,-24.0,0.0,0.0,0.0,0.0,0.001,0.02,0.004,Location3|UDP|DL|3,UDP,DL,3,18
Location3,2026-08-03 18:08:33.029914,0,8.0,1.0,5.0,7740000.0,1176.0,24.0,2.0,6160000.0,59046.0,-3.721,-11.3,-29.2,1.0,0.0,77200.0,50.0,0.0,0.0,2500.0,-1.185,0.0,50.0,2.8800000000000004e-07,-24.0,0.0,0.0,0.0,0.0,0.001,0.02,0.004,Location3|UDP|DL|3,UDP,DL,3,19
Location3,2026-08-03 18:08:34.030034,0,8.0,1.0,6.0,9130000.0,1200.0,0.0,0.0,6140000.0,59046.0,-2.671,-9.5,-29.1,1.0,0.0,77200.0,50.0,0.0,0.0,2500.0,-1.135,0.0,50.0,2.58e-07,-24.0,0.0,0.0,0.0,0.0,0.001,0.02,0.004,Location3|UDP|DL|3,UDP,DL,3,20
Location3,2026-08-03 18:08:54.031248,0,6.0,1.0,9.0,19200.0,53.0,0.0,0.0,0.0,104.0,-0.4321,-1.7,-30.2,1.0,1.0,1610000.0,700.0,100.0,12.0,37114.0,-4.996,700000.0,0.0,3.27e-07,-24.0,0.0,0.0,0.0,0.0,0.026,0.002,0.004,Location3|UDP|UL|1,UDP,UL,1,5
Location3,2026-08-03 18:08:55.031205,0,6.0,1.0,9.0,17800.0,52.0,0.0,0.0,3.0,104.0,-0.3841,-1.8,-29.9,1.0,1.0,1620000.0,706.0,94.0,11.0,37164.0,-4.996,700000.0,0.0,3.18e-07,-24.0,0.0,0.0,0.0,0.0,0.026,0.002,0.004,Location3|UDP|UL|1,UDP,UL,1,6
Location3,2026-08-03 18:08:56.031343,0,7.0,1.0,9.0,20900.0,54.0,0.0,0.0,0.0,108.0,-0.3351,-1.7,-29.9,1.0,1.0,1660000.0,716.0,84.0,10.0,37246.0,-4.996,700000.0,0.0,3.13e-07,-24.0,0.0,0.0,0.0,0.0,0.026,0.002,0.004,Location3|UDP|UL|1,UDP,UL,1,7
Location3,2026-08-03 18:08:57.031311,0,6.0,1.0,9.0,15700.0,53.0,1.0,1.0,3.0,108.0,-0.3831,-1.3,-30.4,1.0,1.0,1590000.0,714.0,86.0,10.0,37175.0,-4.972,700000.0,0.0,3.190000000000001e-07,-24.0,0.0,0.0,0.0,0.0,0.026,0.002,0.004,Location3|UDP|UL|1,UDP,UL,1,8
Location3,2026-08-03 18:08:58.031418,0,6.0,1.0,8.0,21000.0,55.0,0.0,0.0,0.0,113.0,-0.3331,0.7,-30.8,1.0,0.0,1430000.0,765.0,35.0,4.0,37367.0,-4.996,700000.0,0.0,3.23e-07,-24.0,0.0,0.0,0.0,0.0,0.026,0.002,0.004,Location3|UDP|UL|1,UDP,UL,1,9
Location3,2026-08-03 18:08:59.031526,0,6.0,1.0,9.0,20800.0,54.0,0.0,0.0,0.0,106.0,-0.2851,-0.7,-29.7,1.0,1.0,1650000.0,715.0,85.0,10.0,37237.0,-4.988,700000.0,0.0,3.1e-07,-24.0,0.0,0.0,0.0,0.0,0.026,0.002,0.004,Location3|UDP|UL|1,UDP,UL,1,10
Location3,2026-08-03 18:09:00.031527,0,7.0,1.0,9.0,20900.0,56.0,0.0,0.0,0.0,112.0,-0.2341,1.2,-29.5,1.0,1.0,1740000.0,747.0,53.0,6.0,37488.0,-4.988,700000.0,0.0,3.090000000000001e-07,-23.0,0.0,0.0,0.0,0.0,0.026,0.002,0.00401,Location3|UDP|UL|1,UDP,UL,1,11
Location3,2026-08-03 18:09:01.031639,0,6.0,1.0,9.0,22100.0,56.0,0.0,0.0,0.0,114.0,-0.1801,1.6,-29.5,1.0,1.0,1750000.0,751.0,49.0,6.0,37501.0,-4.988,700000.0,0.0,3.1700000000000005e-07,-24.0,0.0,0.0,0.0,0.0,0.026,0.002,0.004,Location3|UDP|UL|1,UDP,UL,1,12
Location3,2026-08-03 18:09:02.031612,0,7.0,1.0,9.0,19200.0,56.0,0.0,0.0,0.0,110.0,-0.1281,1.7,-29.6,1.0,1.0,1690000.0,744.0,56.0,7.0,37461.0,-4.988,700000.0,0.0,3.25e-07,-24.0,0.0,0.0,0.0,0.0,0.026,0.002,0.004,Location3|UDP|UL|1,UDP,UL,1,13
Location3,2026-08-03 18:09:03.031734,0,7.0,1.0,9.0,17000.0,56.0,0.0,0.0,0.0,112.0,-0.07412,1.6,-29.6,1.0,1.0,1700000.0,747.0,53.0,6.0,37482.0,-4.996,700000.0,0.0,3.330000000000001e-07,-23.0,0.0,0.0,0.0,0.0,0.026,0.002,0.004,Location3|UDP|UL|1,UDP,UL,1,14
Location3,2026-08-03 18:09:04.031735,0,7.0,1.0,9.0,18300.0,53.0,0.0,0.0,0.0,108.0,-0.02112,1.3,-29.8,1.0,1.0,1630000.0,717.0,83.0,10.0,37241.0,-4.996,700000.0,0.0,3.0500000000000004e-07,-24.0,0.0,0.0,0.0,0.0,0.029,0.002,0.004,Location3|UDP|UL|1,UDP,UL,1,15
Location3,2026-08-03 18:09:05.031854,0,7.0,1.0,9.0,20600.0,55.0,1.0,1.0,0.0,112.0,-0.06912,-2.6,-30.3,1.0,1.0,1610000.0,737.0,63.0,7.0,37276.0,-4.996,700000.0,0.0,3.190000000000001e-07,-24.0,0.0,0.0,0.0,0.0,0.026,0.002,0.004,Location3|UDP|UL|1,UDP,UL,1,16
Location3,2026-08-03 18:09:06.031971,0,7.0,1.0,9.0,19200.0,53.0,1.0,1.0,0.0,106.0,-0.1191,-0.3,-30.5,1.0,1.0,1600000.0,703.0,97.0,12.0,37129.0,-4.988,700000.0,0.0,3.210000000000001e-07,-24.0,0.0,0.0,0.0,0.0,0.026,0.002,0.004,Location3|UDP|UL|1,UDP,UL,1,17
Location3,2026-08-03 18:09:07.031934,0,6.0,1.0,9.0,17700.0,52.0,1.0,1.0,0.0,108.0,-0.1681,-0.1,-30.5,1.0,1.0,1600000.0,705.0,95.0,11.0,37126.0,-4.996,700000.0,0.0,3.15e-07,-24.0,0.0,0.0,0.0,0.0,0.026,0.002,0.004,Location3|UDP|UL|1,UDP,UL,1,18
Location3,2026-08-03 18:09:08.032071,0,7.0,1.0,9.0,18700.0,54.0,0.0,0.0,0.0,106.0,-0.1211,0.0,-30.6,1.0,1.0,1590000.0,727.0,73.0,9.0,37243.0,-4.996,700000.0,0.0,2.99e-07,-24.0,0.0,0.0,0.0,0.0,0.026,0.002,0.004,Location3|UDP|UL|1,UDP,UL,1,19
Location3,2026-08-03 18:09:09.032050,0,7.0,1.0,9.0,17100.0,52.0,0.0,0.0,0.0,106.0,-0.07012,0.1,-30.5,1.0,1.0,1600000.0,707.0,93.0,11.0,37141.0,-4.996,700000.0,0.0,3.1200000000000004e-07,-24.0,0.0,0.0,0.0,0.0,0.026,0.002,0.004,Location3|UDP|UL|1,UDP,UL,1,20
Location3,2026-08-03 18:09:10.032151,0,6.0,1.0,9.0,16700.0,53.0,1.0,1.0,0.0,106.0,-0.1201,0.2,-30.4,1.0,1.0,1600000.0,706.0,94.0,11.0,37150.0,-4.996,700000.0,0.0,3.22e-07,-24.0,0.0,0.0,0.0,0.0,0.026,0.002,0.004,Location3|UDP|UL|1,UDP,UL,1,21
Location3,2026-08-03 18:09:11.032273,0,6.0,1.0,9.0,17200.0,53.0,0.0,0.0,0.0,106.0,-0.06911,0.3,-30.4,1.0,1.0,1600000.0,702.0,98.0,12.0,37121.0,-4.996,700000.0,0.0,3.27e-07,-24.0,0.0,0.0,0.0,0.0,0.026,0.002,0.004,Location3|UDP|UL|1,UDP,UL,1,22
Location3,2026-08-03 18:09:12.032268,0,6.0,1.0,9.0,18300.0,52.0,0.0,0.0,0.0,106.0,-0.01911,0.2,-30.5,1.0,1.0,1600000.0,702.0,98.0,12.0,37122.0,-4.996,700000.0,0.0,3.070000000000001e-07,-24.0,0.0,0.0,0.0,0.0,0.026,0.002,0.004,Location3|UDP|UL|1,UDP,UL,1,23
Location3,2026-08-03 18:09:13.032402,0,7.0,1.0,10.0,18900.0,53.0,0.0,0.0,0.0,106.0,0.02989,0.3,-30.5,1.0,1.0,1590000.0,709.0,91.0,11.0,37132.0,-4.996,700000.0,0.0,3.090000000000001e-07,-24.0,0.0,0.0,0.0,0.0,0.026,0.002,0.004,Location3|UDP|UL|1,UDP,UL,1,24
Location3,2026-08-03 18:09:14.032396,0,6.0,1.0,9.0,17800.0,53.0,1.0,1.0,0.0,106.0,-0.02112,0.2,-30.6,1.0,1.0,1600000.0,703.0,97.0,12.0,37128.0,-4.996,700000.0,0.0,3.190000000000001e-07,-24.0,0.0,0.0,0.0,0.0,0.026,0.002,0.004,Location3|UDP|UL|1,UDP,UL,1,25
Location3,2026-08-03 18:09:15.032514,0,7.0,1.0,9.0,18600.0,53.0,1.0,1.0,3.0,108.0,-0.07112,0.1,-30.6,1.0,1.0,1600000.0,713.0,87.0,10.0,37185.0,-4.972,150000.0,0.0,3.27e-07,-24.0,0.0,0.0,0.0,0.0,0.026,0.002,0.004,Location3|UDP|UL|1,UDP,UL,1,26
Location3,2026-08-03 18:09:25.033196,0,8.0,1.0,10.0,24500.0,59.0,1.0,1.0,0.0,122.0,-0.5881,3.7,-26.9,1.0,1.0,2290000.0,751.0,49.0,6.0,37498.0,-4.988,700000.0,0.0,3.22e-07,-23.0,0.0,0.0,0.0,0.0,0.026,0.002,0.004,Location3|UDP|UL|2,UDP,UL,2,5
Location3,2026-08-03 18:09:26.033179,0,7.0,1.0,10.0,20900.0,59.0,1.0,1.0,0.0,118.0,-0.6301,0.0,-27.8,1.0,1.0,2120000.0,750.0,50.0,6.0,37502.0,-4.988,700000.0,0.0,3.140000000000001e-07,-24.0,0.0,0.0,0.0,0.0,0.026,0.002,0.00401,Location3|UDP|UL|2,UDP,UL,2,6
Location3,2026-08-03 18:09:27.033267,0,7.0,1.0,10.0,24500.0,58.0,0.0,0.0,0.0,116.0,-0.5771,0.2,-28.5,1.0,1.0,1990000.0,752.0,48.0,6.0,37508.0,-4.988,700000.0,0.0,2.92e-07,-24.0,0.0,0.0,0.0,0.0,0.026,0.002,0.00401,Location3|UDP|UL|2,UDP,UL,2,7
Location3,2026-08-03 18:09:28.033379,0,7.0,1.0,9.0,25700.0,58.0,1.0,1.0,0.0,118.0,-0.6211,-0.7,-28.7,1.0,1.0,1960000.0,758.0,42.0,5.0,37503.0,-4.972,700000.0,0.0,2.9300000000000004e-07,-24.0,0.0,0.0,0.0,0.0,0.026,0.002,0.00401,Location3|UDP|UL|2,UDP,UL,2,8
Location3,2026-08-03 18:09:29.033391,0,8.0,1.0,10.0,23900.0,57.0,0.0,0.0,0.0,114.0,-0.5671,-2.4,-28.8,1.0,1.0,1920000.0,750.0,50.0,6.0,37497.0,-4.996,700000.0,0.0,3.0000000000000004e-07,-24.0,0.0,0.0,0.0,0.0,0.026,0.002,0.00401,Location3|UDP|UL|2,UDP,UL,2,9
Location3,2026-08-03 18:09:30.033482,0,7.0,1.0,10.0,22700.0,58.0,2.0,3.0,0.0,120.0,-0.7121,0.3,-28.5,1.0,1.0,1990000.0,754.0,46.0,5.0,37510.0,-4.988,700000.0,0.0,3.06e-07,-24.0,0.0,0.0,0.0,0.0,0.026,0.002,0.00401,Location3|UDP|UL|2,UDP,UL,2,10
Location3,2026-08-03 18:09:31.033492,0,7.0,1.0,9.0,23800.0,58.0,0.0,0.0,0.0,116.0,-0.6591,0.7,-28.4,1.0,1.0,1990000.0,752.0,48.0,6.0,37507.0,-4.972,700000.0,0.0,3.1200000000000004e-07,-24.0,0.0,0.0,0.0,0.0,0.026,0.002,0.00401,Location3|UDP|UL|2,UDP,UL,2,11
Location3,2026-08-03 18:09:32.033581,0,7.0,1.0,9.0,23700.0,57.0,0.0,0.0,0.0,116.0,-0.6061,0.8,-28.4,1.0,1.0,1990000.0,750.0,50.0,6.0,37509.0,-4.988,700000.0,0.0,3.2e-07,-24.0,0.0,0.0,0.0,0.0,0.026,0.002,0.00401,Location3|UDP|UL|2,UDP,UL,2,12
Location3,2026-08-03 18:09:33.033743,0,8.0,1.0,10.0,25200.0,58.0,0.0,0.0,0.0,114.0,-0.5531,-0.4,-28.6,1.0,1.0,1980000.0,752.0,48.0,6.0,37505.0,-4.988,700000.0,0.0,3.29e-07,-24.0,0.0,0.0,0.0,0.0,0.026,0.002,0.0040199999999999,Location3|UDP|UL|2,UDP,UL,2,13
Location3,2026-08-03 18:09:34.033741,0,7.0,1.0,9.0,28100.0,59.0,0.0,0.0,0.0,118.0,-0.5021,2.8,-28.2,1.0,1.0,2030000.0,764.0,36.0,4.0,37474.0,-4.988,700000.0,0.0,3.140000000000001e-07,-24.0,0.0,0.0,0.0,0.0,0.027,0.002,0.00401,Location3|UDP|UL|2,UDP,UL,2,14
Location3,2026-08-03 18:09:35.033858,0,7.0,1.0,9.0,21300.0,58.0,1.0,1.0,3.0,118.0,-0.5511,2.0,-29.3,1.0,1.0,1830000.0,782.0,18.0,2.0,37488.0,-4.852,700000.0,0.0,3.1e-07,-24.0,0.0,0.0,0.0,0.0,0.024,0.002,0.00401,Location3|UDP|UL|2,UDP,UL,2,15
Location3,2026-08-03 18:09:36.033872,0,7.0,1.0,9.0,22700.0,56.0,1.0,1.0,0.0,114.0,-0.5991,-4.0,-29.8,1.0,1.0,1720000.0,746.0,54.0,6.0,37412.0,-4.988,700000.0,0.0,3.25e-07,-24.0,0.0,0.0,0.0,0.0,0.026,0.002,0.00401,Location3|UDP|UL|2,UDP,UL,2,16
Location3,2026-08-03 18:09:37.033967,0,7.0,1.0,10.0,23700.0,57.0,1.0,1.0,0.0,116.0,-0.6461,-0.7,-29.6,1.0,1.0,1810000.0,748.0,52.0,6.0,37495.0,-4.988,700000.0,0.0,3.34e-07,-24.0,0.0,0.0,0.0,0.0,0.026,0.002,0.00401,Location3|UDP|UL|2,UDP,UL,2,17
Location3,2026-08-03 18:09:38.033957,0,7.0,1.0,10.0,20300.0,57.0,2.0,3.0,0.0,118.0,-0.7911,-2.4,-29.2,1.0,1.0,1910000.0,750.0,50.0,6.0,37507.0,-4.988,700000.0,0.0,3.400000000000001e-07,-24.0,0.0,0.0,0.0,0.0,0.026,0.002,0.0040199999999999,Location3|UDP|UL|2,UDP,UL,2,18
Location3,2026-08-03 18:09:39.034081,0,7.0,1.0,10.0,25100.0,58.0,0.0,0.0,0.0,116.0,-0.7371,-4.4,-29.0,1.0,1.0,1960000.0,751.0,49.0,6.0,37510.0,-4.988,700000.0,0.0,3.380000000000001e-07,-24.0,0.0,0.0,0.0,0.0,0.026,0.002,0.0040199999999999,Location3|UDP|UL|2,UDP,UL,2,19
Location3,2026-08-03 18:09:40.034210,0,7.0,1.0,9.0,22700.0,57.0,1.0,1.0,0.0,116.0,-0.7841,-5.2,-29.0,1.0,1.0,1960000.0,752.0,48.0,6.0,37508.0,-4.988,700000.0,0.0,3.210000000000001e-07,-24.0,0.0,0.0,0.0,0.0,0.026,0.002,0.0040199999999999,Location3|UDP|UL|2,UDP,UL,2,20
Location3,2026-08-03 18:09:41.034216,0,7.0,1.0,10.0,25700.0,57.0,0.0,0.0,0.0,114.0,-0.7311,-5.2,-29.4,1.0,1.0,1870000.0,748.0,52.0,6.0,37493.0,-4.996,700000.0,0.0,3.310000000000001e-07,-24.0,0.0,0.0,0.0,0.0,0.026,0.002,0.0040199999999999,Location3|UDP|UL|2,UDP,UL,2,21
Location3,2026-08-03 18:09:42.034339,0,7.0,1.0,9.0,25000.0,56.0,0.0,0.0,0.0,112.0,-0.6791,-4.0,-29.5,1.0,1.0,1790000.0,744.0,56.0,7.0,37462.0,-4.996,700000.0,0.0,3.37e-07,-24.0,0.0,0.0,0.0,0.0,0.026,0.002,0.00401,Location3|UDP|UL|2,UDP,UL,2,22
Location3,2026-08-03 18:09:43.034343,0,7.0,1.0,10.0,19500.0,56.0,3.0,5.0,0.0,120.0,-0.9241,-1.3,-29.6,1.0,1.0,1780000.0,747.0,53.0,6.0,37489.0,-4.988,700000.0,0.0,3.53e-07,-24.0,0.0,0.0,0.0,0.0,0.025,0.002,0.00401,Location3|UDP|UL|2,UDP,UL,2,23
Location3,2026-08-03 18:09:44.034447,0,7.0,1.0,9.0,23000.0,56.0,1.0,1.0,0.0,114.0,-0.9701,-4.1,-29.5,1.0,1.0,1790000.0,744.0,56.0,7.0,37460.0,-4.988,700000.0,0.0,3.27e-07,-24.0,0.0,0.0,0.0,0.0,0.026,0.002,0.0040199999999999,Location3|UDP|UL|2,UDP,UL,2,24
Location3,2026-08-03 18:09:45.034552,0,7.0,1.0,9.0,21300.0,55.0,1.0,1.0,0.0,112.0,-1.018,-6.1,-29.5,1.0,1.0,1720000.0,729.0,71.0,8.0,37345.0,-4.988,388000.0,0.0,3.28e-07,-24.0,0.0,0.0,0.0,0.0,0.026,0.002,0.00401,Location3|UDP|UL|2,UDP,UL,2,25
Location3,2026-08-03 18:09:46.034565,0,8.0,1.0,10.0,21200.0,54.0,0.0,0.0,0.0,106.0,-0.9691,-5.1,-29.7,1.0,1.0,1660000.0,714.0,86.0,10.0,37229.0,-4.996,700000.0,0.0,3.380000000000001e-07,-24.0,0.0,0.0,0.0,0.0,0.026,0.002,0.00401,Location3|UDP|UL|2,UDP,UL,2,26
Location3,2026-08-03 18:09:54.035161,0,7.0,1.0,9.0,21300.0,57.0,0.0,0.0,0.0,115.0,-1.073,-1.4,-28.9,1.0,1.0,1870000.0,751.0,49.0,6.0,37488.0,-4.988,700000.0,0.0,3.28e-07,-24.0,0.0,0.0,0.0,0.0,0.026,0.002,0.0040199999999999,Location3|UDP|UL|3,UDP,UL,3,5
Location3,2026-08-03 18:09:55.035165,0,8.0,1.0,9.0,24000.0,58.0,0.0,0.0,0.0,116.0,-1.018,-0.1,-28.8,1.0,1.0,1920000.0,759.0,41.0,5.0,37504.0,-4.988,700000.0,0.0,3.29e-07,-24.0,0.0,0.0,0.0,0.0,0.026,0.002,0.0040199999999999,Location3|UDP|UL|3,UDP,UL,3,6
Location3,2026-08-03 18:09:56.035283,0,7.0,1.0,9.0,22500.0,57.0,0.0,0.0,0.0,116.0,-0.9651,-0.3,-28.8,1.0,1.0,1910000.0,758.0,42.0,5.0,37512.0,-4.988,700000.0,0.0,3.1e-07,-24.0,0.0,0.0,0.0,0.0,0.025,0.002,0.0040199999999999,Location3|UDP|UL|3,UDP,UL,3,7
Location3,2026-08-03 18:09:57.035393,0,8.0,1.0,10.0,19600.0,57.0,1.0,1.0,0.0,114.0,-1.013,-3.3,-29.0,1.0,1.0,1840000.0,747.0,53.0,6.0,37490.0,-4.988,700000.0,0.0,3.13e-07,-24.0,0.0,0.0,0.0,0.0,0.026,0.002,0.0040199999999999,Location3|UDP|UL|3,UDP,UL,3,8
Location3,2026-08-03 18:09:58.035406,0,8.0,1.0,10.0,22700.0,57.0,0.0,0.0,0.0,114.0,-0.9591,-2.7,-28.8,1.0,1.0,1900000.0,750.0,50.0,6.0,37499.0,-4.988,700000.0,0.0,2.97e-07,-24.0,0.0,0.0,0.0,0.0,0.026,0.002,0.0040199999999999,Location3|UDP|UL|3,UDP,UL,3,9
Location3,2026-08-03 18:09:59.035519,0,8.0,1.0,10.0,27300.0,58.0,0.0,0.0,0.0,116.0,-0.9091,-0.5,-28.6,1.0,1.0,1950000.0,758.0,42.0,5.0,37508.0,-4.988,700000.0,0.0,3.03e-07,-24.0,0.0,0.0,0.0,0.0,0.025,0.002,0.00401,Location3|UDP|UL|3,UDP,UL,3,10
Location3,2026-08-03 18:10:00.035503,0,7.0,1.0,10.0,23700.0,58.0,1.0,1.0,0.0,118.0,-0.9531,-0.4,-28.6,1.0,1.0,1950000.0,758.0,42.0,5.0,37504.0,-4.988,700000.0,0.0,3.1e-07,-24.0,0.0,0.0,0.0,0.0,0.026,0.002,0.0040199999999999,Location3|UDP|UL|3,UDP,UL,3,11
Location3,2026-08-03 18:10:01.035581,0,8.0,1.0,9.0,22900.0,57.0,1.0,1.0,0.0,118.0,-1.0,-3.5,-28.8,1.0,1.0,1880000.0,750.0,50.0,6.0,37503.0,-4.988,700000.0,0.0,3.190000000000001e-07,-24.0,0.0,0.0,0.0,0.0,0.025,0.002,0.00401,Location3|UDP|UL|3,UDP,UL,3,12
Location3,2026-08-03 18:10:02.035766,0,8.0,1.0,10.0,23300.0,58.0,0.0,0.0,0.0,114.0,-0.9471,-1.7,-28.7,1.0,1.0,1930000.0,752.0,48.0,6.0,37507.0,-4.988,700000.0,0.0,3.2400000000000004e-07,-24.0,0.0,0.0,0.0,0.0,0.026,0.002,0.00401,Location3|UDP|UL|3,UDP,UL,3,13
Location3,2026-08-03 18:10:03.035727,0,7.0,1.0,10.0,23400.0,57.0,0.0,0.0,0.0,114.0,-0.8941,-0.4,-28.7,1.0,1.0,1920000.0,752.0,48.0,6.0,37504.0,-4.988,700000.0,0.0,3.29e-07,-24.0,0.0,0.0,0.0,0.0,0.026,0.002,0.0040199999999999,Location3|UDP|UL|3,UDP,UL,3,14
Location3,2026-08-03 18:10:04.035884,0,7.0,1.0,10.0,26400.0,58.0,1.0,1.0,0.0,118.0,-0.9401,0.0,-28.8,1.0,1.0,1910000.0,757.0,43.0,5.0,37508.0,-4.988,700000.0,0.0,3.08e-07,-24.0,0.0,0.0,0.0,0.0,0.026,0.002,0.0040199999999999,Location3|UDP|UL|3,UDP,UL,3,15
Location3,2026-08-03 18:10:05.035893,0,7.0,1.0,10.0,24200.0,57.0,0.0,0.0,0.0,114.0,-0.8891,-2.2,-28.9,1.0,1.0,1870000.0,753.0,47.0,5.0,37512.0,-4.988,700000.0,0.0,3.1700000000000005e-07,-24.0,0.0,0.0,0.0,0.0,0.026,0.002,0.00401,Location3|UDP|UL|3,UDP,UL,3,16
Location3,2026-08-03 18:10:06.035997,0,7.0,1.0,9.0,22300.0,57.0,2.0,3.0,0.0,118.0,-1.035,-2.5,-28.8,1.0,1.0,1870000.0,751.0,49.0,6.0,37511.0,-4.988,700000.0,0.0,3.22e-07,-24.0,0.0,0.0,0.0,0.0,0.026,0.002,0.00401,Location3|UDP|UL|3,UDP,UL,3,17
Location3,2026-08-03 18:10:07.036121,0,7.0,1.0,9.0,23800.0,58.0,0.0,0.0,0.0,116.0,-0.9841,-0.2,-28.8,1.0,1.0,1910000.0,759.0,41.0,5.0,37511.0,-4.972,700000.0,0.0,3.25e-07,-24.0,0.0,0.0,0.0,0.0,0.026,0.002,0.0040199999999999,Location3|UDP|UL|3,UDP,UL,3,18
Location3,2026-08-03 18:10:08.036159,0,7.0,1.0,10.0,23500.0,58.0,1.0,1.0,0.0,118.0,-1.028,1.3,-28.7,1.0,1.0,1980000.0,756.0,44.0,5.0,37500.0,-4.988,700000.0,0.0,3.01e-07,-23.0,0.0,0.0,0.0,0.0,0.026,0.002,0.0040199999999999,Location3|UDP|UL|3,UDP,UL,3,19
Location3,2026-08-03 18:10:09.036257,0,7.0,1.0,9.0,19800.0,57.0,0.0,0.0,0.0,114.0,-0.9711,-1.4,-29.0,1.0,1.0,1910000.0,753.0,47.0,5.0,37491.0,-4.988,700000.0,0.0,3.11e-07,-24.0,0.0,0.0,0.0,0.0,0.026,0.002,0.00401,Location3|UDP|UL|3,UDP,UL,3,20
Location3,2026-08-03 18:10:10.036259,0,7.0,1.0,9.0,19000.0,57.0,1.0,1.0,0.0,118.0,-1.017,-0.9,-28.9,1.0,1.0,1920000.0,756.0,44.0,5.0,37501.0,-4.988,700000.0,0.0,2.96e-07,-24.0,0.0,0.0,0.0,0.0,0.026,0.002,0.00401,Location3|UDP|UL|3,UDP,UL,3,21
Location3,2026-08-03 18:10:11.036368,0,7.0,1.0,9.0,22700.0,59.0,0.0,0.0,0.0,116.0,-0.9641,1.0,-28.7,1.0,1.0,1980000.0,761.0,39.0,4.0,37505.0,-4.988,700000.0,0.0,2.92e-07,-24.0,0.0,0.0,0.0,0.0,0.025,0.002,0.0040199999999999,Location3|UDP|UL|3,UDP,UL,3,22
Location3,2026-08-03 18:10:12.036375,0,7.0,1.0,9.0,22900.0,58.0,1.0,1.0,0.0,118.0,-1.01,1.4,-28.7,1.0,1.0,1990000.0,760.0,40.0,5.0,37503.0,-4.988,700000.0,0.0,3.0000000000000004e-07,-23.0,0.0,0.0,0.0,0.0,0.026,0.002,0.00401,Location3|UDP|UL|3,UDP,UL,3,23
Location3,2026-08-03 18:10:13.036492,0,7.0,1.0,10.0,21600.0,58.0,0.0,0.0,0.0,116.0,-0.9571,0.8,-28.8,1.0,1.0,1960000.0,761.0,39.0,4.0,37505.0,-4.988,700000.0,0.0,3.070000000000001e-07,-24.0,0.0,0.0,0.0,0.0,0.026,0.002,0.0040199999999999,Location3|UDP|UL|3,UDP,UL,3,24
Location3,2026-08-03 18:10:14.036625,0,8.0,1.0,10.0,25900.0,58.0,0.0,0.0,0.0,116.0,-0.9061,-0.8,-28.9,1.0,1.0,1920000.0,758.0,42.0,5.0,37507.0,-4.988,700000.0,0.0,3.15e-07,-24.0,0.0,0.0,0.0,0.0,0.026,0.002,0.0040199999999999,Location3|UDP|UL|3,UDP,UL,3,25
Location3_TDD,2026-08-03 18:22:03.044620,0,9.0,1.0,9.0,157000.0,278.0,2.0,0.0,0.0,622.0,-2.007,20.1,-16.2,1.0,15.0,8690000.0,394.0,6.0,1.0,16956.0,-4.529,700000.0,0.0,3.08e-07,-14.0,0.0,0.0,0.0,0.0,0.015,0.002,0.00401,Location3_TDD|TCP|UL|1,TCP,UL,1,5
Location3_TDD,2026-08-03 18:22:04.044712,0,9.0,1.0,11.0,437000.0,639.0,6.0,0.0,0.0,1395.0,-2.043,19.8,-16.4,1.0,15.0,8500000.0,397.0,3.0,0.0,16674.0,-4.429,700000.0,0.0,3.13e-07,-14.0,0.0,0.0,0.0,0.0,0.014,0.002,0.004,Location3_TDD|TCP|UL|1,TCP,UL,1,6
Location3_TDD,2026-08-03 18:22:05.044705,0,9.0,1.0,10.0,204000.0,347.0,3.0,0.0,0.0,738.0,-2.033,19.9,-16.3,1.0,15.0,8910000.0,398.0,2.0,0.0,16957.0,-4.229,700000.0,0.0,3.22e-07,-14.0,0.0,0.0,0.0,0.0,0.015,0.002,0.004,Location3_TDD|TCP|UL|1,TCP,UL,1,7
Location3_TDD,2026-08-03 18:22:06.044793,0,9.0,1.0,10.0,203000.0,337.0,3.0,0.0,0.0,754.0,-2.034,19.9,-16.1,1.0,15.0,8870000.0,395.0,5.0,1.0,16930.0,-4.329,700000.0,0.0,3.11e-07,-14.0,0.0,0.0,0.0,0.0,0.017,0.002,0.004,Location3_TDD|TCP|UL|1,TCP,UL,1,8
Location3_TDD,2026-08-03 18:22:07.044864,0,8.0,1.0,8.0,265000.0,459.0,3.0,0.0,0.0,1065.0,-1.94,19.9,-16.0,1.0,15.0,8690000.0,396.0,4.0,1.0,16847.0,-4.329,700000.0,0.0,3.0500000000000004e-07,-16.0,0.0,0.0,0.0,0.0,0.015,0.002,0.004,Location3_TDD|TCP|UL|1,TCP,UL,1,9
Location3_TDD,2026-08-03 18:22:08.044852,0,8.0,1.0,8.0,265000.0,453.0,4.0,0.0,0.0,1066.0,-1.931,19.8,-16.1,1.0,15.0,8750000.0,397.0,3.0,0.0,16847.0,-4.229,700000.0,0.0,3.090000000000001e-07,-17.0,0.0,0.0,0.0,0.0,0.015,0.002,0.004,Location3_TDD|TCP|UL|1,TCP,UL,1,10
Location3_TDD,2026-08-03 18:22:09.044943,0,8.0,1.0,8.0,202000.0,357.0,1.0,0.0,0.0,821.0,-1.717,19.9,-16.0,1.0,15.0,8780000.0,393.0,7.0,1.0,16899.0,-4.529,700000.0,0.0,3.1700000000000005e-07,-17.0,0.0,0.0,0.0,0.0,0.019,0.002,0.00401,Location3_TDD|TCP|UL|1,TCP,UL,1,11
Location3_TDD,2026-08-03 18:22:10.044955,0,8.0,1.0,8.0,199000.0,361.0,4.0,1.0,0.0,851.0,-1.787,20.2,-15.7,1.0,15.0,8680000.0,393.0,7.0,1.0,16866.0,-4.829,700000.0,0.0,3.08e-07,-16.0,0.0,0.0,0.0,0.0,0.015,0.002,0.00401,Location3_TDD|TCP|UL|1,TCP,UL,1,12
Location3_TDD,2026-08-03 18:22:11.045038,0,8.0,1.0,9.0,187000.0,330.0,2.0,0.0,0.0,735.0,-1.689,20.4,-15.7,1.0,15.0,8730000.0,397.0,3.0,0.0,16906.0,-4.729,700000.0,0.0,3.0000000000000004e-07,-15.0,0.0,0.0,0.0,0.0,0.015,0.002,0.004,Location3_TDD|TCP|UL|1,TCP,UL,1,13
Location3_TDD,2026-08-03 18:22:12.044984,0,9.0,1.0,11.0,135000.0,234.0,4.0,1.0,0.0,519.0,-1.881,18.8,-17.0,1.0,13.0,7660000.0,399.0,1.0,0.0,17028.0,-4.429,700000.0,0.0,3.070000000000001e-07,-15.0,0.0,0.0,0.0,0.0,0.015,0.002,0.004,Location3_TDD|TCP|UL|1,TCP,UL,1,14
Location3_TDD,2026-08-03 18:22:13.045112,0,8.0,1.0,8.0,77800.0,157.0,6.0,3.0,0.0,422.0,-2.338,13.1,-22.1,1.0,8.0,4150000.000000001,379.0,21.0,5.0,17065.0,-4.865,700000.0,0.0,3.15e-07,-18.0,0.0,1.0,0.0,0.0,0.037,0.002,0.00403,Location3_TDD|TCP|UL|1,TCP,UL,1,15
Location3_TDD,2026-08-03 18:22:14.045107,0,8.0,1.0,8.0,123000.0,255.0,7.0,2.0,0.0,599.0,-2.811,19.3,-16.9,1.0,14.0,7510000.0,387.0,13.0,3.0,16980.0,-4.954,700000.0,0.0,2.950000000000001e-07,-20.0,0.0,0.0,0.0,0.0,0.016,0.002,0.00401,Location3_TDD|TCP|UL|1,TCP,UL,1,16
Location3_TDD,2026-08-03 18:22:15.045142,0,9.0,1.0,8.0,113000.0,220.0,1.0,0.0,0.0,567.0,-2.718,20.5,-15.9,1.0,16.0,7450000.0,344.0,56.0,14.0,16944.0,-4.994,700000.0,0.0,2.99e-07,-21.0,0.0,0.0,0.0,0.0,0.018,0.002,0.00407,Location3_TDD|TCP|UL|1,TCP,UL,1,17
Location3_TDD,2026-08-03 18:22:16.045230,0,9.0,1.0,8.0,107000.0,210.0,0.0,0.0,0.0,559.0,-2.529,20.1,-16.4,1.0,15.0,7010000.0,345.0,55.0,13.0,16980.0,-4.994,700000.0,0.0,3.090000000000001e-07,-20.0,0.0,0.0,0.0,0.0,0.027,0.002,0.00407,Location3_TDD|TCP|UL|1,TCP,UL,1,18
Location3_TDD,2026-08-03 18:22:17.045234,0,8.0,1.0,8.0,111000.0,218.0,1.0,0.0,0.0,555.0,-2.432,20.1,-16.6,1.0,15.0,7550000.0,365.0,35.0,8.0,16992.0,-4.994,700000.0,0.0,3.15e-07,-19.0,0.0,0.0,0.0,0.0,0.018,0.002,0.00404,Location3_TDD|TCP|UL|1,TCP,UL,1,19
Location3_TDD,2026-08-03 18:22:18.045303,0,9.0,1.0,9.0,101000.0,196.0,2.0,1.0,7.0,526.0,-2.461,20.5,-16.2,1.0,16.0,7210000.0,336.0,64.0,16.0,17033.0,-4.998,700000.0,0.0,3.18e-07,-20.0,0.0,0.0,0.0,0.0,0.024,0.002,0.0040599999999999,Location3_TDD|TCP|UL|1,TCP,UL,1,20
Location3_TDD,2026-08-03 18:22:19.045412,0,9.0,1.0,10.0,105000.0,177.0,0.0,0.0,0.0,470.0,-2.317,21.3,-15.3,1.0,19.0,6690000.0,287.0,113.0,28.0,17050.0,-4.998,700000.0,0.0,3.27e-07,-19.0,0.0,0.0,0.0,0.0,0.02,0.002,0.00404,Location3_TDD|TCP|UL|1,TCP,UL,1,21
Location3_TDD,2026-08-03 18:22:20.045386,0,9.0,1.0,10.0,111000.0,193.0,1.0,0.0,0.0,543.0,-2.252,21.2,-15.4,1.0,18.0,6890000.0,297.0,103.0,25.0,16990.0,-4.994,700000.0,0.0,3.03e-07,-19.0,0.0,0.0,0.0,0.0,0.025,0.002,0.00403,Location3_TDD|TCP|UL|1,TCP,UL,1,22
Location3_TDD,2026-08-03 18:22:21.045497,0,9.0,1.0,10.0,110000.0,180.0,0.0,0.0,0.0,517.0,-2.096,21.3,-15.4,1.0,19.0,6650000.0,288.0,112.0,28.0,17037.0,-4.998,700000.0,0.0,3.03e-07,-18.0,0.0,0.0,0.0,0.0,0.028,0.002,0.00404,Location3_TDD|TCP|UL|1,TCP,UL,1,23
Location3_TDD,2026-08-03 18:22:22.045478,0,9.0,1.0,10.0,113000.0,181.0,3.0,1.0,0.0,507.0,-2.232,21.5,-15.0,1.0,19.0,6770000.0,285.0,115.0,28.0,17042.0,-4.994,700000.0,0.0,2.830000000000001e-07,-18.0,0.0,0.0,0.0,0.0,0.032,0.002,0.0040199999999999,Location3_TDD|TCP|UL|1,TCP,UL,1,24
Location3_TDD,2026-08-03 18:22:23.045592,0,9.0,1.0,10.0,122000.0,190.0,0.0,0.0,0.0,519.0,-2.065,21.7,-14.7,1.0,19.0,7270000.0,295.0,105.0,26.0,17022.0,-5.0,700000.0,0.0,2.91e-07,-18.0,0.0,0.0,0.0,0.0,0.035,0.002,0.00403,Location3_TDD|TCP|UL|1,TCP,UL,1,25
Location3_TDD,2026-08-03 18:22:24.045660,0,10.0,1.0,12.0,165000.0,233.0,0.0,0.0,58.0,574.0,-1.843,22.2,-14.0,1.0,20.0,8400000.0,317.0,83.0,20.0,16931.0,-4.994,700000.0,0.0,2.99e-07,-16.0,0.0,0.0,0.0,0.0,0.021,0.002,0.00403,Location3_TDD|TCP|UL|1,TCP,UL,1,26
Location3_TDD,2026-08-03 18:22:25.045638,0,10.0,1.0,13.0,176000.0,243.0,2.0,0.0,0.0,554.0,-1.804,22.7,-13.4,1.0,20.0,9560000.0,337.0,63.0,15.0,16954.0,-4.994,700000.0,0.0,3.070000000000001e-07,-19.0,0.0,0.0,0.0,0.0,0.019,0.002,0.00404,Location3_TDD|TCP|UL|1,TCP,UL,1,27
Location3_TDD,2026-08-03 18:22:26.045723,0,10.0,1.0,12.0,139000.0,216.0,4.0,1.0,0.0,491.0,-1.987,22.4,-13.8,1.0,20.0,8810000.0,325.0,75.0,18.0,16984.0,-4.998,700000.0,0.0,2.92e-07,-18.0,0.0,0.0,0.0,0.0,0.021,0.002,0.00404,Location3_TDD|TCP|UL|1,TCP,UL,1,28
Location3_TDD,2026-08-03 18:22:27.045701,0,9.0,1.0,10.0,105000.0,182.0,2.0,1.0,0.0,498.0,-2.012,22.0,-14.5,1.0,19.0,7480000.0,297.0,103.0,25.0,17020.0,-4.997,700000.0,0.0,2.8800000000000004e-07,-18.0,0.0,0.0,0.0,0.0,0.021,0.002,0.00403,Location3_TDD|TCP|UL|1,TCP,UL,1,29
Location3_TDD,2026-08-03 18:22:28.045805,0,9.0,1.0,10.0,112000.0,190.0,2.0,1.0,0.0,548.0,-2.04,21.9,-14.6,1.0,19.0,7340000.0,294.0,106.0,26.0,17081.0,-5.0,700000.0,0.0,2.98e-07,-18.0,0.0,0.0,0.0,0.0,0.019,0.002,0.0040199999999999,Location3_TDD|TCP|UL|1,TCP,UL,1,30
Location3_TDD,2026-08-03 18:22:29.045766,0,9.0,1.0,10.0,124000.0,206.0,2.0,0.0,0.0,533.0,-2.041,21.8,-14.6,1.0,19.0,7380000.0,299.0,101.0,25.0,16975.0,-4.994,700000.0,0.0,3.0500000000000004e-07,-18.0,0.0,0.0,0.0,0.0,0.022,0.002,0.00401,Location3_TDD|TCP|UL|1,TCP,UL,1,31
Location3_TDD,2026-08-03 18:22:30.045872,0,9.0,1.0,10.0,121000.0,193.0,1.0,0.0,0.0,525.0,-1.968,21.6,-15.1,1.0,19.0,6810000.0,284.0,116.0,29.0,16974.0,-4.998,700000.0,0.0,3.1200000000000004e-07,-17.0,0.0,0.0,0.0,0.0,0.023,0.002,0.0040199999999999,Location3_TDD|TCP|UL|1,TCP,UL,1,32
Location3_TDD,2026-08-03 18:22:31.045958,0,9.0,1.0,10.0,113000.0,198.0,1.0,0.0,0.0,505.0,-1.894,20.9,-16.0,1.0,18.0,6810000.0,305.0,95.0,23.0,17007.0,-4.998,700000.0,0.0,3.1700000000000005e-07,-16.0,0.0,0.0,0.0,0.0,0.033,0.002,0.0040599999999999,Location3_TDD|TCP|UL|1,TCP,UL,1,33
Location3_TDD,2026-08-03 18:22:32.045955,0,9.0,1.0,10.0,125000.0,206.0,0.0,0.0,0.0,523.0,-1.706,20.6,-16.3,1.0,16.0,6990000.0,326.0,74.0,18.0,16951.0,-5.0,700000.0,0.0,3.140000000000001e-07,-16.0,0.0,0.0,0.0,0.0,0.021,0.002,0.0040599999999999,Location3_TDD|TCP|UL|1,TCP,UL,1,34
Location3_TDD,2026-08-03 18:22:33.046043,0,9.0,1.0,11.0,119000.0,187.0,4.0,2.0,0.0,486.0,-1.939,21.5,-15.0,1.0,19.0,6780000.0,286.0,114.0,28.0,17006.0,-4.998,700000.0,0.0,2.97e-07,-18.0,0.0,0.0,0.0,0.0,0.025,0.002,0.00401,Location3_TDD|TCP|UL|1,TCP,UL,1,35
Location3_TDD,2026-08-03 18:22:45.046614,0,9.0,1.0,8.0,312000.0,470.0,4.0,0.0,0.0,1311.0,-2.778,18.9,-18.1,1.0,13.0,6150000.0,353.0,47.0,11.0,16789.0,-4.998,700000.0,0.0,3.18e-07,-17.0,0.0,0.0,0.0,0.0,0.026,0.002,0.00403,Location3_TDD|TCP|UL|2,TCP,UL,2,5
Location3_TDD,2026-08-03 18:22:46.046578,0,8.0,1.0,5.0,87600.0,190.0,37.0,16.0,0.0,883.0,-3.894,14.0,-22.8,1.0,7.0,3820000.0,374.0,26.0,6.0,17033.0,-4.85,700000.0,0.0,2.96e-07,-19.0,0.0,0.0,0.0,0.0,0.03,0.002,0.00403,Location3_TDD|TCP|UL|2,TCP,UL,2,6
Location3_TDD,2026-08-03 18:22:47.046685,0,6.0,1.0,1.0,74100.0,237.0,0.0,0.0,0.0,1811.0,-3.701,12.9,-23.2,1.0,6.0,3230000.0,383.0,17.0,4.0,17030.0,-4.994,700000.0,0.0,2.9300000000000004e-07,-21.0,0.0,0.0,0.0,0.0,0.031,0.002,0.0040199999999999,Location3_TDD|TCP|UL|2,TCP,UL,2,7
Location3_TDD,2026-08-03 18:22:48.046785,0,7.0,1.0,3.0,54100.0,121.0,1.0,0.0,0.0,691.0,-3.684,11.4,-20.1,1.0,8.0,1620000.0,262.0,138.0,34.0,17041.0,-5.0,700000.0,0.0,3.18e-07,-16.0,0.0,0.0,0.0,0.0,0.029,0.002,0.00401,Location3_TDD|TCP|UL|2,TCP,UL,2,8
Location3_TDD,2026-08-03 18:22:49.046756,0,9.0,1.0,6.0,52600.0,110.0,3.0,2.0,0.0,287.0,-3.877,9.1,-21.4,1.0,6.0,1490000.0,285.0,115.0,28.0,17063.0,-4.998,700000.0,0.0,2.92e-07,-19.0,0.0,1.0,0.0,0.0,0.036,0.002,0.0040599999999999,Location3_TDD|TCP|UL|2,TCP,UL,2,9
Location3_TDD,2026-08-03 18:22:50.046860,0,7.0,1.0,4.0,103000.0,205.0,20.0,8.0,0.0,1028.0,-3.977,14.2,-20.1,1.0,9.0,3360000.0,323.0,77.0,19.0,16997.0,-4.91,700000.0,0.0,2.87e-07,-17.0,0.0,0.0,0.0,0.0,0.03,0.002,0.00405,Location3_TDD|TCP|UL|2,TCP,UL,2,10
Location3_TDD,2026-08-03 18:22:51.046837,0,7.0,1.0,2.0,143000.0,330.0,4.0,1.0,3.0,2426.0,-3.846,14.4,-21.9,1.0,8.0,4230000.0,375.0,25.0,6.0,16971.0,-4.746,700000.0,0.0,2.97e-07,-27.0,0.0,0.0,0.0,0.0,0.025,0.002,0.00401,Location3_TDD|TCP|UL|2,TCP,UL,2,11
Location3_TDD,2026-08-03 18:22:52.046931,0,7.0,1.0,2.0,146000.0,357.0,0.0,0.0,0.0,2288.0,-3.545,14.4,-22.1,1.0,8.0,5020000.0,397.0,3.0,0.0,16914.0,-4.646,700000.0,0.0,3.06e-07,-17.0,0.0,0.0,0.0,0.0,0.028,0.002,0.004,Location3_TDD|TCP|UL|2,TCP,UL,2,12
Location3_TDD,2026-08-03 18:22:53.047026,0,7.0,1.0,3.0,198000.0,400.0,1.0,0.0,0.0,2014.0,-3.292,18.8,-18.4,1.0,13.0,7480000.0,397.0,3.0,0.0,16892.0,-4.546,700000.0,0.0,3.08e-07,-19.0,0.0,0.0,0.0,0.0,0.015,0.002,0.004,Location3_TDD|TCP|UL|2,TCP,UL,2,13
Location3_TDD,2026-08-03 18:22:54.046967,0,7.0,1.0,4.0,217000.0,401.0,2.0,0.0,0.0,1715.0,-3.144,19.2,-18.1,1.0,14.0,7090000.0,371.0,29.0,7.0,16770.0,-4.994,700000.0,0.0,3.16e-07,-21.0,0.0,0.0,0.0,0.0,0.021,0.002,0.00403,Location3_TDD|TCP|UL|2,TCP,UL,2,14
Location3_TDD,2026-08-03 18:22:55.047116,0,6.0,1.0,3.0,99600.0,222.0,0.0,0.0,0.0,1008.0,-2.959,13.4,-23.7,1.0,6.0,3910000.0,397.0,3.0,0.0,17031.0,-4.686,700000.0,0.0,3.28e-07,-18.0,0.0,0.0,0.0,0.0,0.028,0.002,0.00401,Location3_TDD|TCP|UL|2,TCP,UL,2,15
Location3_TDD,2026-08-03 18:22:56.047071,0,6.0,1.0,4.0,184000.0,403.0,2.0,0.0,0.0,1561.0,-2.826,17.4,-20.1,1.0,11.0,6330000.0,399.0,1.0,0.0,16902.0,-4.386,700000.0,0.0,3.34e-07,-18.0,0.0,0.0,0.0,0.0,0.017,0.002,0.004,Location3_TDD|TCP|UL|2,TCP,UL,2,16
Location3_TDD,2026-08-03 18:22:57.047194,0,7.0,1.0,5.0,161000.0,351.0,1.0,0.0,0.0,1107.0,-2.641,15.0,-22.7,1.0,8.0,5050000.0,400.0,0.0,0.0,16943.0,-3.986,700000.0,0.0,3.39e-07,-18.0,0.0,0.0,0.0,0.0,0.022,0.002,0.004,Location3_TDD|TCP|UL|2,TCP,UL,2,17
Location3_TDD,2026-08-03 18:22:58.047273,0,6.0,1.0,4.0,110000.0,254.0,1.0,0.0,0.0,990.0,-2.526,14.1,-23.8,1.0,8.0,4710000.0,399.0,1.0,0.0,17018.0,-3.686,700000.0,0.0,3.2e-07,-18.0,0.0,0.0,0.0,0.0,0.02,0.002,0.00401,Location3_TDD|TCP|UL|2,TCP,UL,2,18
Location3_TDD,2026-08-03 18:22:59.047283,0,7.0,1.0,4.0,84700.0,198.0,2.0,1.0,0.0,750.0,-2.566,11.0,-26.0,1.0,4.0,2860000.0,390.0,10.0,2.0,17051.0,-4.286,700000.0,0.0,2.94e-07,-17.0,0.0,0.0,0.0,0.0,0.026,0.002,0.004,Location3_TDD|TCP|UL|2,TCP,UL,2,19
Location3_TDD,2026-08-03 18:23:00.047349,0,7.0,1.0,5.0,114000.0,253.0,13.0,4.0,0.0,856.0,-3.159,13.7,-23.6,1.0,7.0,4290000.0,399.0,1.0,0.0,17033.0,-3.986,700000.0,0.0,2.89e-07,-20.0,0.0,1.0,0.0,0.0,0.025,0.002,0.004,Location3_TDD|TCP|UL|2,TCP,UL,2,20
Location3_TDD,2026-08-03 18:23:01.047331,0,7.0,1.0,5.0,73200.0,159.0,0.0,0.0,0.0,526.0,-3.027,10.9,-25.3,1.0,5.0,2980000.0,393.0,7.0,1.0,17085.0,-4.286,700000.0,0.0,2.760000000000001e-07,-20.0,0.0,0.0,0.0,0.0,0.037,0.002,0.00401,Location3_TDD|TCP|UL|2,TCP,UL,2,21
Location3_TDD,2026-08-03 18:23:02.047433,0,7.0,1.0,4.0,120000.0,261.0,2.0,0.0,0.0,886.0,-3.006,14.1,-23.6,1.0,7.0,4580000.0,400.0,0.0,0.0,17032.0,-3.886,700000.0,0.0,2.77e-07,-21.0,0.0,0.0,0.0,0.0,0.017,0.002,0.004,Location3_TDD|TCP|UL|2,TCP,UL,2,22
Location3_TDD,2026-08-03 18:23:03.047425,0,7.0,1.0,5.0,92000.0,208.0,0.0,0.0,0.0,639.0,-2.829,12.8,-25.2,1.0,6.0,3990000.0,400.0,0.0,0.0,17056.0,-3.486,700000.0,0.0,2.830000000000001e-07,-20.0,0.0,0.0,0.0,0.0,0.022,0.002,0.00401,Location3_TDD|TCP|UL|2,TCP,UL,2,23
Location3_TDD,2026-08-03 18:23:04.047528,0,6.0,1.0,3.0,118000.0,267.0,1.0,0.0,0.0,1145.0,-2.683,15.2,-22.6,1.0,9.0,5630000.0,395.0,5.0,1.0,17013.0,-3.586,700000.0,0.0,2.94e-07,-21.0,0.0,0.0,0.0,0.0,0.016,0.002,0.00401,Location3_TDD|TCP|UL|2,TCP,UL,2,24
Location3_TDD,2026-08-03 18:23:05.047630,0,6.0,1.0,3.0,117000.0,268.0,6.0,2.0,0.0,1410.0,-3.033,17.7,-19.8,1.0,12.0,6700000.0,384.0,16.0,4.0,16994.0,-4.786,700000.0,0.0,3.070000000000001e-07,-24.0,0.0,0.0,0.0,0.0,0.017,0.002,0.004,Location3_TDD|TCP|UL|2,TCP,UL,2,25
Location3_TDD,2026-08-03 18:23:06.047616,0,6.0,1.0,2.0,98800.0,246.0,2.0,0.0,0.0,1477.0,-3.009,16.5,-21.0,1.0,10.0,5820000.0,399.0,1.0,0.0,17003.0,-4.486,700000.0,0.0,2.9300000000000004e-07,-23.0,0.0,1.0,0.0,0.0,0.02,0.002,0.004,Location3_TDD|TCP|UL|2,TCP,UL,2,26
Location3_TDD,2026-08-03 18:23:07.047683,0,6.0,1.0,3.0,83700.0,203.0,0.0,0.0,0.0,874.0,-2.819,14.7,-23.1,1.0,8.0,4840000.0,400.0,0.0,0.0,17050.0,-4.086,700000.0,0.0,2.85e-07,-22.0,0.0,0.0,0.0,0.0,0.02,0.002,0.004,Location3_TDD|TCP|UL|2,TCP,UL,2,27
Location3_TDD,2026-08-03 18:23:08.047671,0,6.0,1.0,3.0,102000.0,244.0,0.0,0.0,0.0,1094.0,-2.599,15.6,-22.1,1.0,9.0,5640000.0,400.0,0.0,0.0,17027.0,-3.686,700000.0,0.0,2.950000000000001e-07,-23.0,0.0,0.0,0.0,0.0,0.021,0.002,0.004,Location3_TDD|TCP|UL|2,TCP,UL,2,28
Location3_TDD,2026-08-03 18:23:09.047781,0,6.0,1.0,3.0,94200.0,219.0,0.0,0.0,0.0,897.0,-2.404,15.4,-22.4,1.0,9.0,5750000.0,399.0,1.0,0.0,17046.0,-3.386,700000.0,0.0,3.0500000000000004e-07,-23.0,0.0,0.0,0.0,0.0,0.017,0.002,0.004,Location3_TDD|TCP|UL|2,TCP,UL,2,29
Location3_TDD,2026-08-03 18:23:10.047859,0,6.0,1.0,4.0,89900.0,211.0,1.0,0.0,0.0,772.0,-2.324,15.3,-22.5,1.0,9.0,5690000.0,395.0,5.0,1.0,17055.0,-3.486,700000.0,0.0,3.1200000000000004e-07,-22.0,0.0,0.0,0.0,0.0,0.017,0.002,0.00401,Location3_TDD|TCP|UL|2,TCP,UL,2,30
Location3_TDD,2026-08-03 18:23:11.047829,0,6.0,1.0,4.0,94600.0,215.0,0.0,0.0,0.0,755.0,-2.139,14.8,-22.9,1.0,9.0,5350000.0,395.0,5.0,1.0,17072.0,-3.586,700000.0,0.0,3.190000000000001e-07,-23.0,0.0,0.0,0.0,0.0,0.017,0.002,0.00401,Location3_TDD|TCP|UL|2,TCP,UL,2,31
Location3_TDD,2026-08-03 18:23:12.047952,0,6.0,1.0,4.0,89300.0,215.0,3.0,1.0,0.0,764.0,-2.245,15.5,-22.1,1.0,9.0,5670000.0,396.0,4.0,1.0,17009.0,-3.587,700000.0,0.0,3.28e-07,-24.0,0.0,0.0,0.0,0.0,0.019,0.002,0.004,Location3_TDD|TCP|UL|2,TCP,UL,2,32
Location3_TDD,2026-08-03 18:23:13.047934,0,6.0,1.0,4.0,93100.0,214.0,0.0,0.0,0.0,766.0,-2.07,14.3,-23.5,1.0,8.0,5080000.0,398.0,2.0,0.0,17016.0,-3.387,700000.0,0.0,3.310000000000001e-07,-22.0,0.0,0.0,0.0,0.0,0.018,0.002,0.00401,Location3_TDD|TCP|UL|2,TCP,UL,2,33
Location3_TDD,2026-08-03 18:23:14.048039,0,6.0,1.0,5.0,57600.0,136.0,4.0,2.0,0.0,483.0,-2.34,11.5,-26.0,1.0,5.0,3540000.0,400.0,0.0,0.0,17074.0,-2.987,700000.0,0.0,3.03e-07,-23.0,0.0,0.0,0.0,0.0,0.021,0.002,0.004,Location3_TDD|TCP|UL|2,TCP,UL,2,34
Location3_TDD,2026-08-03 18:23:15.048073,0,6.0,1.0,3.0,64500.0,159.0,7.0,4.0,0.0,674.0,-2.896,10.2,-26.6,1.0,4.0,2630000.0,391.0,9.0,2.0,17085.0,-3.487,700000.0,0.0,3.13e-07,-22.0,0.0,0.0,0.0,0.0,0.033,0.002,0.00401,Location3_TDD|TCP|UL|2,TCP,UL,2,35
Location3_TDD,2026-08-03 18:23:16.048090,0,6.0,1.0,3.0,76000.0,224.0,1.0,0.0,0.0,947.0,-2.823,13.5,-24.2,1.0,8.0,4690000.0,400.0,0.0,0.0,17047.0,-3.087,700000.0,0.0,3.2e-07,-22.0,0.0,0.0,0.0,0.0,0.019,0.002,0.00401,Location3_TDD|TCP|UL|2,TCP,UL,2,36
Location3_TDD,2026-08-03 18:23:17.048196,0,6.0,1.0,4.0,73200.0,186.0,1.0,0.0,0.0,645.0,-2.772,9.8,-27.3,1.0,4.0,2750000.0,400.0,0.0,0.0,17055.0,-2.687,700000.0,0.0,3.210000000000001e-07,-21.0,0.0,0.0,0.0,0.0,0.035,0.002,0.004,Location3_TDD|TCP|UL|2,TCP,UL,2,37
Location3_TDD,2026-08-03 18:23:27.048684,0,6.0,1.0,3.0,22600.0,78.0,0.0,0.0,0.0,305.0,-2.81,3.3,-29.8,1.0,0.0,690000.0,400.0,0.0,0.0,17127.0,-3.609,700000.0,0.0,3.16e-07,-19.0,0.0,0.0,0.0,0.0,0.037,0.002,0.004,Location3_TDD|TCP|UL|3,TCP,UL,3,5
Location3_TDD,2026-08-03 18:23:28.048695,0,7.0,1.0,4.0,25400.0,82.0,0.0,0.0,0.0,233.0,-2.746,7.7,-28.0,1.0,2.0,1440000.0,398.0,2.0,0.0,17103.0,-3.211,150000.0,0.0,2.54e-07,-19.0,0.0,1.0,0.0,0.0,0.037,0.002,0.004,Location3_TDD|TCP|UL|3,TCP,UL,3,6
Location3_TDD,2026-08-03 18:23:29.048775,0,7.0,1.0,4.0,124000.0,279.0,0.0,0.0,0.0,839.0,-2.536,9.5,-26.7,1.0,4.0,2400000.0,400.0,0.0,0.0,17055.0,-2.811,700000.0,0.0,2.5700000000000004e-07,-20.0,0.0,0.0,0.0,0.0,0.01,0.002,0.004,Location3_TDD|TCP|UL|3,TCP,UL,3,7
Location3_TDD,2026-08-03 18:23:30.048766,0,6.0,1.0,4.0,18000.0,57.0,1.0,1.0,0.0,171.0,-2.58,1.7,-28.8,1.0,0.0,703000.0,400.0,0.0,0.0,17127.0,-2.411,700000.0,0.0,2.75e-07,-21.0,0.0,0.0,0.0,0.0,0.04,0.002,0.004,Location3_TDD|TCP|UL|3,TCP,UL,3,8
Location3_TDD,2026-08-03 18:23:31.048846,0,6.0,1.0,4.0,48600.0,133.0,0.0,0.0,0.0,432.0,-2.476,8.3,-27.1,1.0,3.0,2150000.0,400.0,0.0,0.0,17116.0,-2.011,700000.0,0.0,2.760000000000001e-07,-19.0,0.0,0.0,0.0,0.0,0.032,0.002,0.004,Location3_TDD|TCP|UL|3,TCP,UL,3,9
Location3_TDD,2026-08-03 18:23:32.048919,0,7.0,1.0,5.0,88800.0,185.0,0.0,0.0,0.0,544.0,-2.32,11.6,-25.6,1.0,7.0,4220000.0,400.0,0.0,0.0,17095.0,-1.611,700000.0,0.0,2.8100000000000004e-07,-19.0,0.0,0.0,0.0,0.0,0.024,0.002,0.004,Location3_TDD|TCP|UL|3,TCP,UL,3,10
Location3_TDD,2026-08-03 18:23:33.048927,0,7.0,1.0,6.0,246000.0,438.0,1.0,0.0,0.0,1313.0,-2.05,11.6,-25.5,1.0,7.0,4490000.0,400.0,0.0,0.0,17003.0,-1.211,700000.0,0.0,2.89e-07,-19.0,0.0,0.0,0.0,0.0,0.017,0.002,0.004,Location3_TDD|TCP|UL|3,TCP,UL,3,11
Location3_TDD,2026-08-03 18:23:34.049027,0,7.0,1.0,6.0,193000.0,380.0,2.0,0.0,0.0,1035.0,-1.937,10.7,-26.0,1.0,7.0,4160000.0,400.0,0.0,0.0,17017.0,-0.8112,700000.0,0.0,2.97e-07,-19.0,0.0,0.0,0.0,0.0,0.016,0.002,0.004,Location3_TDD|TCP|UL|3,TCP,UL,3,12
Location3_TDD,2026-08-03 18:23:35.049029,0,7.0,1.0,7.0,184000.0,393.0,2.0,0.0,0.0,911.0,-1.807,12.3,-25.1,1.0,9.0,5240000.0,395.0,5.0,1.0,16941.0,-0.9112,700000.0,0.0,3.090000000000001e-07,-19.0,0.0,0.0,0.0,0.0,0.02,0.002,0.00403,Location3_TDD|TCP|UL|3,TCP,UL,3,13
Location3_TDD,2026-08-03 18:23:36.049108,0,7.0,1.0,6.0,190000.0,383.0,6.0,1.0,0.0,984.0,-2.079,12.3,-25.2,1.0,9.0,5110000.0,394.0,6.0,1.0,16888.0,-1.111,700000.0,0.0,3.1700000000000005e-07,-19.0,0.0,0.0,0.0,0.0,0.025,0.002,0.00404,Location3_TDD|TCP|UL|3,TCP,UL,3,14
Location3_TDD,2026-08-03 18:23:37.049081,0,6.0,1.0,5.0,179000.0,345.0,2.0,0.0,0.0,1144.0,-1.991,11.5,-26.0,1.0,8.0,4570000.0,396.0,4.0,1.0,16993.0,-1.111,700000.0,0.0,3.23e-07,-20.0,0.0,0.0,0.0,0.0,0.02,0.002,0.00401,Location3_TDD|TCP|UL|3,TCP,UL,3,15
Location3_TDD,2026-08-03 18:23:38.049197,0,6.0,1.0,5.0,157000.0,309.0,3.0,0.0,0.0,918.0,-2.034,10.7,-26.1,1.0,7.0,4240000.0,399.0,1.0,0.0,17032.0,-0.8112,700000.0,0.0,3.28e-07,-20.0,0.0,0.0,0.0,0.0,0.022,0.002,0.004,Location3_TDD|TCP|UL|3,TCP,UL,3,16
Location3_TDD,2026-08-03 18:23:39.049255,0,7.0,1.0,6.0,144000.0,310.0,2.0,0.0,0.0,794.0,-1.988,9.3,-26.5,1.0,6.0,3570000.0,400.0,0.0,0.0,17044.0,-0.4112,700000.0,0.0,3.070000000000001e-07,-20.0,0.0,0.0,0.0,0.0,0.022,0.002,0.004,Location3_TDD|TCP|UL|3,TCP,UL,3,17
Location3_TDD,2026-08-03 18:23:40.049288,0,7.0,1.0,6.0,162000.0,316.0,3.0,0.0,0.0,867.0,-2.025,8.9,-26.4,1.0,6.0,3810000.0,400.0,0.0,0.0,17026.0,-0.01116,700000.0,0.0,3.18e-07,-18.0,0.0,0.0,0.0,0.0,0.037,0.002,0.004,Location3_TDD|TCP|UL|3,TCP,UL,3,18
Location3_TDD,2026-08-03 18:23:41.049329,0,7.0,1.0,7.0,135000.0,258.0,5.0,1.0,0.0,666.0,-2.293,9.2,-26.6,1.0,6.0,4020000.0,400.0,0.0,0.0,17061.0,0.3888,700000.0,0.0,3.190000000000001e-07,-19.0,0.0,0.0,0.0,0.0,0.019,0.002,0.004,Location3_TDD|TCP|UL|3,TCP,UL,3,19
Location3_TDD,2026-08-03 18:23:42.049353,0,6.0,1.0,4.0,210000.0,420.0,8.0,1.0,0.0,1652.0,-2.535,11.3,-24.8,1.0,9.0,5230000.0,393.0,7.0,1.0,16904.0,0.08883,700000.0,0.0,3.23e-07,-21.0,0.0,1.0,0.0,0.0,0.017,0.002,0.00401,Location3_TDD|TCP|UL|3,TCP,UL,3,20
Location3_TDD,2026-08-03 18:23:43.049417,0,7.0,1.0,5.0,147000.0,285.0,2.0,0.0,0.0,984.0,-2.491,10.1,-26.5,1.0,7.0,4160000.0,391.0,9.0,2.0,17040.0,-0.4112,700000.0,0.0,3.0500000000000004e-07,-18.0,0.0,0.0,0.0,0.0,0.019,0.002,0.00401,Location3_TDD|TCP|UL|3,TCP,UL,3,21
Location3_TDD,2026-08-03 18:23:44.049522,0,6.0,1.0,4.0,169000.0,324.0,2.0,0.0,0.0,1186.0,-2.403,12.3,-24.8,1.0,9.0,5350000.0,391.0,9.0,2.0,16957.0,-0.9112,700000.0,0.0,3.140000000000001e-07,-19.0,0.0,0.0,0.0,0.0,0.021,0.002,0.0040199999999999,Location3_TDD|TCP|UL|3,TCP,UL,3,22
Location3_TDD,2026-08-03 18:23:45.049521,0,7.0,1.0,6.0,139000.0,255.0,5.0,1.0,0.0,784.0,-2.669,12.4,-25.2,1.0,8.0,4430000.0,382.0,18.0,4.0,17034.0,-2.311,700000.0,0.0,3.210000000000001e-07,-21.0,0.0,0.0,0.0,0.0,0.025,0.002,0.0040199999999999,Location3_TDD|TCP|UL|3,TCP,UL,3,23
Location3_TDD,2026-08-03 18:23:46.049629,0,5.0,1.0,1.0,53100.0,127.0,100.0,44.0,0.0,3047.0,-2.943,6.8,-28.0,1.0,3.0,1760000.0,359.0,41.0,10.0,16983.0,-4.893,700000.0,0.0,2.900000000000001e-07,-32.0,0.0,6.0,0.0,0.0,0.037,0.002,0.00401,Location3_TDD|TCP|UL|3,TCP,UL,3,24
Location3_TDD,2026-08-03 18:23:47.049605,0,7.0,1.0,4.0,115000.0,253.0,3.0,1.0,0.0,1055.0,-3.032,13.1,-24.0,1.0,6.0,3610000.0,400.0,0.0,0.0,17021.0,-4.493,700000.0,0.0,3.070000000000001e-07,-25.0,0.0,0.0,0.0,0.0,0.025,0.002,0.004,Location3_TDD|TCP|UL|3,TCP,UL,3,25
Location3_TDD,2026-08-03 18:23:48.049691,0,6.0,1.0,1.0,160000.0,354.0,4.0,1.0,0.0,3725.0,-3.11,17.4,-19.6,1.0,11.0,6460000.0,391.0,9.0,2.0,16958.0,-4.846,700000.0,0.0,3.16e-07,-25.0,0.0,0.0,0.0,0.0,0.024,0.002,0.004,Location3_TDD|TCP|UL|3,TCP,UL,3,26
Location3_TDD,2026-08-03 18:23:49.049800,0,5.0,1.0,1.0,88400.0,220.0,4.0,1.0,0.0,2510.0,-3.295,14.1,-23.3,1.0,7.0,4190000.000000001,400.0,0.0,0.0,17010.0,-4.446,700000.0,0.0,3.29e-07,-24.0,0.0,0.0,0.0,0.0,0.023,0.002,0.004,Location3_TDD|TCP|UL|3,TCP,UL,3,27
Location3_TDD,2026-08-03 18:23:50.049777,0,5.0,1.0,1.0,84000.0,219.0,0.0,0.0,0.0,2469.0,-3.089,14.7,-23.1,1.0,8.0,4740000.0,400.0,0.0,0.0,17057.0,-4.046,700000.0,0.0,3.32e-07,-25.0,0.0,0.0,0.0,0.0,0.02,0.002,0.004,Location3_TDD|TCP|UL|3,TCP,UL,3,28
Location3_TDD,2026-08-03 18:23:51.049877,0,6.0,1.0,3.0,117000.0,275.0,0.0,0.0,0.0,1713.0,-2.853,14.2,-23.4,1.0,7.0,4620000.0,400.0,0.0,0.0,17024.0,-3.646,700000.0,0.0,2.99e-07,-20.0,0.0,0.0,0.0,0.0,0.024,0.002,0.004,Location3_TDD|TCP|UL|3,TCP,UL,3,29
Location3_TDD,2026-08-03 18:23:52.049901,0,7.0,1.0,5.0,125000.0,281.0,0.0,0.0,0.0,874.0,-2.615,15.7,-22.3,1.0,10.0,5870000.0,400.0,0.0,0.0,16958.0,-3.246,700000.0,0.0,3.06e-07,-21.0,0.0,0.0,0.0,0.0,0.016,0.002,0.00401,Location3_TDD|TCP|UL|3,TCP,UL,3,30
Location3_TDD,2026-08-03 18:23:53.049965,0,7.0,1.0,4.0,91200.0,215.0,0.0,0.0,0.0,706.0,-2.438,13.9,-23.9,1.0,8.0,4940000.0,400.0,0.0,0.0,17064.0,-2.846,700000.0,0.0,3.140000000000001e-07,-20.0,0.0,0.0,0.0,0.0,0.019,0.002,0.004,Location3_TDD|TCP|UL|3,TCP,UL,3,31
Location3_TDD,2026-08-03 18:23:54.049964,0,7.0,1.0,6.0,100000.0,208.0,0.0,0.0,0.0,614.0,-2.252,15.8,-21.6,1.0,11.0,6240000.0,390.0,10.0,2.0,17061.0,-3.446,700000.0,0.0,3.2400000000000004e-07,-18.0,0.0,0.0,0.0,0.0,0.022,0.002,0.00401,Location3_TDD|TCP|UL|3,TCP,UL,3,32
Location3_TDD,2026-08-03 18:23:55.050037,0,7.0,1.0,6.0,98600.0,204.0,0.0,0.0,0.0,607.0,-2.077,15.2,-22.4,1.0,9.0,5680000.0,400.0,0.0,0.0,17079.0,-3.046,700000.0,0.0,3.3e-07,-18.0,0.0,0.0,0.0,0.0,0.02,0.002,0.004,Location3_TDD|TCP|UL|3,TCP,UL,3,33
Location3_TDD,2026-08-03 18:23:56.050125,0,7.0,1.0,6.0,64900.00000000001,158.0,0.0,0.0,0.0,418.0,-1.951,11.2,-26.6,1.0,5.0,3480000.0,400.0,0.0,0.0,17094.0,-2.646,700000.0,0.0,3.3600000000000004e-07,-19.0,0.0,0.0,0.0,0.0,0.025,0.002,0.004,Location3_TDD|TCP|UL|3,TCP,UL,3,34
Location3_TDD,2026-08-03 18:23:57.050124,0,6.0,1.0,5.0,40300.0,107.0,1.0,0.0,0.0,266.0,-1.972,6.9,-30.0,1.0,1.0,1230000.0,399.0,1.0,0.0,17110.0,-2.346,700000.0,0.0,3.2e-07,-20.0,0.0,0.0,0.0,0.0,0.034,0.002,0.004,Location3_TDD|TCP|UL|3,TCP,UL,3,35
Location3_TDD,2026-08-03 18:23:58.050236,0,7.0,1.0,6.0,65900.0,161.0,0.0,0.0,0.0,373.0,-1.847,7.7,-28.7,1.0,3.0,1870000.0,400.0,0.0,0.0,17087.0,-1.946,700000.0,0.0,3.28e-07,-20.0,0.0,0.0,0.0,0.0,0.035,0.002,0.004,Location3_TDD|TCP|UL|3,TCP,UL,3,36
Location3_TDD,2026-08-03 18:23:59.050218,0,7.0,1.0,6.0,80200.0,195.0,1.0,0.0,0.0,448.0,-1.792,11.5,-25.7,1.0,7.0,4220000.0,400.0,0.0,0.0,17072.0,-1.546,700000.0,0.0,3.37e-07,-20.0,0.0,0.0,0.0,0.0,0.021,0.002,0.004,Location3_TDD|TCP|UL|3,TCP,UL,3,37
Location3_TDD,2026-08-03 18:24:00.050325,0,6.0,1.0,6.0,79100.0,193.0,1.0,0.0,0.0,479.0,-1.725,11.8,-25.5,1.0,7.0,4560000.0,397.0,3.0,0.0,17071.0,-1.446,700000.0,0.0,3.450000000000001e-07,-19.0,0.0,0.0,0.0,0.0,0.019,0.002,0.00401,Location3_TDD|TCP|UL|3,TCP,UL,3,38
Location3_TDD,2026-08-03 18:24:01.050397,0,7.0,1.0,7.0,71500.0,178.0,0.0,0.0,0.0,384.0,-1.563,11.5,-25.7,1.0,7.0,4540000.0,400.0,0.0,0.0,17089.0,-1.046,700000.0,0.0,3.41e-07,-19.0,0.0,0.0,0.0,0.0,0.016,0.002,0.00401,Location3_TDD|TCP|UL|3,TCP,UL,3,39
Location3_TDD,2026-08-03 18:24:02.050394,0,7.0,1.0,7.0,95800.0,209.0,0.0,0.0,0.0,465.0,-1.373,13.0,-24.2,1.0,9.0,5540000.0,394.0,6.0,1.0,17076.0,-1.246,700000.0,0.0,3.28e-07,-19.0,0.0,0.0,0.0,0.0,0.017,0.002,0.00404,Location3_TDD|TCP|UL|3,TCP,UL,3,40
Location3_TDD,2026-08-03 18:24:03.050521,0,7.0,1.0,8.0,94200.0,201.0,0.0,0.0,0.0,436.0,-1.192,14.1,-23.2,1.0,11.0,6220000.0,395.0,5.0,1.0,17071.0,-1.346,700000.0,0.0,3.39e-07,-19.0,0.0,0.0,0.0,0.0,0.017,0.002,0.00403,Location3_TDD|TCP|UL|3,TCP,UL,3,41
Location3_TDD,2026-08-03 18:24:04.050476,0,7.0,1.0,8.0,99900.0,210.0,0.0,0.0,0.0,493.0,-1.005,14.8,-22.6,1.0,11.0,6490000.0,394.0,6.0,1.0,17070.0,-1.546,700000.0,0.0,3.400000000000001e-07,-19.0,0.0,0.0,0.0,0.0,0.017,0.002,0.00401,Location3_TDD|TCP|UL|3,TCP,UL,3,42
