location,ts,rsrp_ovl,ue,rnti,cqi,dl_ri,dl_mcs,dl_brate,dl_nof_ok,dl_nof_nok,dl_error_rate,dl_bs,dl_nof_prbs,dl_olla,pusch_snr_db,pusch_rsrp_db,ul_ri,ul_mcs,ul_brate,ul_nof_ok,ul_nof_nok,ul_error_rate,ul_nof_prbs,ul_olla,bsr,sr_count,ta,last_phr,pusch_invalid_harqs,pusch_invalid_csis,f0f1_invalid_harqs,f2f3f4_invalid_harqs,f2f3f4_invalid_csis,max_pdsch_distance,max_pusch_distance,avg_crc_delay,avg_pusch_harq_delay,avg_pucch_harq_delay,avg_sr_to_pusch_delay,dist,rep_key,protocol,direction,rep,sec
Loc1_2m,2026-08-02 15:13:20.010560,0,0.0,0x4601,13.0,1.0,15.0,20600000.0,1125.0,75.0,6.0,360000.0,59037.0,-3.994,28.5,-0.5,1.0,27.0,654000.0,88.0,1.0,1.0,688.0,-5.0,0.0,34.0,2.58e-07,0.0,0.0,0.0,0.0,0.0,0.0,0.001,0.027,0.004,0.004,0.00396,0.0075,2,Loc1_2m|TCP|DL|1,TCP,DL,1,5
Loc1_2m,2026-08-02 15:13:21.010514,0,0.0,0x4601,13.0,1.0,15.0,20200000.0,1112.0,88.0,7.0,396000.0,59046.0,-3.994,26.5,-1.9,1.0,26.0,616000.0,85.0,6.0,6.0,799.0,-4.998,142.0,32.0,2.56e-07,2.0,0.0,0.0,0.0,0.0,0.0,0.001,0.027,0.004,0.004,0.00396,0.00742,2,Loc1_2m|TCP|DL|1,TCP,DL,1,6
Loc1_2m,2026-08-02 15:13:22.010558,0,0.0,0x4601,11.0,1.0,12.0,15500000.0,1115.0,85.0,7.0,342000.0,59046.0,-3.994,21.3,-5.0,1.0,19.0,553000.0,89.0,11.0,11.0,1438.0,-4.983,535.0,21.0,3.01e-07,6.0,0.0,0.0,0.0,0.0,0.0,0.001,0.03,0.004,0.004,0.00396,0.0075,2,Loc1_2m|TCP|DL|1,TCP,DL,1,7
Loc1_2m,2026-08-02 15:13:23.010483,0,0.0,0x4601,11.0,1.0,11.0,14400000.0,1133.0,67.0,5.0,394000.0,59046.0,-3.994,26.0,-3.8,1.0,26.0,467000.0,83.0,4.0,4.0,507.0,-4.981,0.0,30.0,3.1200000000000004e-07,7.0,0.0,0.0,0.0,0.0,0.0,0.001,0.027,0.004,0.004,0.00396,0.00742,2,Loc1_2m|TCP|DL|1,TCP,DL,1,8
Loc1_2m,2026-08-02 15:13:24.010541,0,0.0,0x4601,11.0,1.0,11.0,14600000.0,1127.0,73.0,6.0,341000.0,59037.0,-3.994,25.2,-4.2,1.0,25.0,427000.0,72.0,15.0,17.0,604.0,,276.0,24.0,3.0000000000000004e-07,6.0,0.0,0.0,0.0,0.0,0.0,0.001,0.082,0.004,0.004,0.00396,0.0075,2,Loc1_2m|TCP|DL|1,TCP,DL,1,9
Loc1_2m,2026-08-02 15:13:25.010469,0,0.0,0x4601,11.0,1.0,11.0,14400000.0,1133.0,67.0,5.0,436000.0,59046.0,-3.994,26.4,-2.2,1.0,26.0,416000.0,73.0,4.0,5.0,446.0,-4.977,0.0,40.0,2.73e-07,4.0,0.0,0.0,0.0,0.0,0.0,0.001,0.025,0.004,0.004,0.00396,0.0075,2,Loc1_2m|TCP|DL|1,TCP,DL,1,10
Loc1_2m,2026-08-02 15:13:26.010531,0,0.0,0x4601,11.0,1.0,11.0,15000000.0,1139.0,61.0,5.0,444000.0,59046.0,-3.994,24.7,-4.9,1.0,25.0,364000.0,83.0,12.0,12.0,474.0,-4.979,535.0,27.0,2.6e-07,3.0,0.0,0.0,0.0,0.0,0.0,0.001,0.027,0.004,0.004,0.00396,0.0075,2,Loc1_2m|TCP|DL|1,TCP,DL,1,11
Loc1_2m,2026-08-02 15:13:27.010584,0,0.0,0x4601,11.0,1.0,11.0,15500000.0,1141.0,59.0,4.0,553000.0,59046.0,-3.994,25.3,-4.1,1.0,26.0,393000.0,79.0,7.0,8.0,448.0,-4.988,0.0,33.0,2.2e-07,2.0,0.0,0.0,0.0,0.0,0.0,0.001,0.03,0.004,0.004,0.00396,0.0075,2,Loc1_2m|TCP|DL|1,TCP,DL,1,12
Loc1_2m,2026-08-02 15:13:28.010511,0,0.0,0x4601,11.0,1.0,10.0,13900000.0,1126.0,74.0,6.0,608000.0,59037.0,-3.994,20.1,-3.9,1.0,20.0,394000.0,78.0,24.0,23.0,1458.0,,0.0,38.0,2.51e-07,1.0,0.0,0.0,4.0,0.0,0.0,0.001,0.027,0.004,0.00398,0.00397,0.0075,2,Loc1_2m|TCP|DL|1,TCP,DL,1,13
Loc1_2m,2026-08-02 15:13:29.010536,0,0.0,0x4601,11.0,1.0,11.0,14400000.0,1131.0,69.0,5.0,795000.0,59046.0,-3.976,24.6,-5.1,1.0,23.0,370000.0,79.0,7.0,8.0,513.0,-4.992,198.0,36.0,2.65e-07,8.0,0.0,0.0,0.0,0.0,0.0,0.001,0.03,0.004,0.004,0.00396,0.0075,2,Loc1_2m|TCP|DL|1,TCP,DL,1,14
Loc1_2m,2026-08-02 15:13:30.010435,0,0.0,0x4601,11.0,1.0,11.0,14400000.0,1125.0,75.0,6.0,709000.0,59046.0,-3.994,23.3,-5.5,1.0,24.0,305000.0,61.0,21.0,25.0,663.0,-4.989,0.0,39.0,2.56e-07,5.0,0.0,0.0,0.0,0.0,0.0,0.001,0.09,0.004,0.004,0.00396,0.00744,2,Loc1_2m|TCP|DL|1,TCP,DL,1,15
Loc1_2m,2026-08-02 15:13:31.010525,0,0.0,0x4601,11.0,1.0,11.0,14500000.0,1149.0,51.0,4.0,639000.0,59046.0,-3.976,20.4,-5.9,1.0,18.0,373000.0,82.0,13.0,13.0,1216.0,,0.0,34.0,2.41e-07,4.0,0.0,0.0,1.0,0.0,0.0,0.001,0.07,0.004,0.00399,0.00397,0.0075,2,Loc1_2m|TCP|DL|1,TCP,DL,1,16
Loc1_2m,2026-08-02 15:13:32.010575,0,0.0,0x4601,12.0,1.0,12.0,16700000.0,1140.0,60.0,5.0,413000.0,59037.0,-3.994,22.6,-5.3,1.0,22.0,476000.0,78.0,20.0,20.0,1172.0,-4.992,535.0,23.0,1.85e-07,-4.0,0.0,0.0,1.0,0.0,0.0,0.001,0.07,0.004,0.00399,0.00396,0.0075,2,Loc1_2m|TCP|DL|1,TCP,DL,1,17
Loc1_2m,2026-08-02 15:13:33.010485,0,0.0,0x4601,10.0,1.0,9.0,13200000.0,1137.0,63.0,5.0,497000.0,59046.0,-3.994,23.2,-2.8,1.0,21.0,347000.0,68.0,18.0,20.0,777.0,-5.0,0.0,37.0,2.3500000000000005e-07,1.0,0.0,0.0,1.0,0.0,0.0,0.001,0.025,0.004,0.00399,0.00396,0.0075,2,Loc1_2m|TCP|DL|1,TCP,DL,1,18
Loc1_2m,2026-08-02 15:13:34.010546,0,0.0,0x4601,10.0,1.0,9.0,13200000.0,1146.0,54.0,4.0,522000.0,59046.0,-3.994,24.4,-4.9,1.0,24.0,315000.0,70.0,18.0,20.0,508.0,-4.996,0.0,33.0,2.15e-07,4.0,0.0,0.0,0.0,0.0,0.0,0.001,0.025,0.004,0.004,0.00396,0.0075,2,Loc1_2m|TCP|DL|1,TCP,DL,1,19
Loc1_2m,2026-08-02 15:13:35.010480,0,0.0,0x4601,10.0,1.0,9.0,13000000.0,1166.0,34.0,2.0,524000.0,59046.0,-3.863,24.7,-2.4,1.0,25.0,343000.0,62.0,19.0,23.0,691.0,-4.998,0.0,39.0,2.470000000000001e-07,2.0,0.0,0.0,0.0,0.0,0.0,0.001,0.09,0.004,0.004,0.00396,0.00744,2,Loc1_2m|TCP|DL|1,TCP,DL,1,20
Loc1_2m,2026-08-02 15:13:48.010543,0,0.0,0x4601,13.0,1.0,14.0,17700000.0,1049.0,78.0,6.0,208000.0,55117.0,-3.994,19.3,-5.2,1.0,18.0,568000.0,104.0,26.0,20.0,2332.0,-4.998,276.0,16.0,1.9400000000000002e-07,3.0,0.0,0.0,9.0,0.0,0.0,0.018,0.07,0.004,0.004,0.00396,0.0075,2,Loc1_2m|TCP|DL|2,TCP,DL,2,5
Loc1_2m,2026-08-02 15:13:49.010560,0,0.0,0x4601,11.0,1.0,11.0,15200000.0,1144.0,56.0,4.0,277000.0,59046.0,-3.994,17.4,-6.5,1.0,14.0,465000.0,120.0,19.0,13.0,2542.0,-4.988,0.0,16.0,2.16e-07,6.0,0.0,0.0,1.0,0.0,0.0,0.001,0.027,0.004,0.004,0.00397,0.0075,2,Loc1_2m|TCP|DL|2,TCP,DL,2,6
Loc1_2m,2026-08-02 15:13:50.010527,0,0.0,0x4601,12.0,1.0,13.0,17400000.0,1125.0,75.0,6.0,284000.0,59046.0,-3.994,24.1,-5.5,1.0,24.0,480000.0,90.0,15.0,14.0,672.0,-4.994,0.0,17.0,2.2900000000000005e-07,2.0,0.0,0.0,0.0,0.0,0.0,0.001,0.027,0.004,0.004,0.00396,0.0075,2,Loc1_2m|TCP|DL|2,TCP,DL,2,7
Loc1_2m,2026-08-02 15:13:51.010576,0,0.0,0x4601,13.0,1.0,14.0,19200000.0,1120.0,80.0,6.0,324000.0,59046.0,-3.994,24.5,-4.7,1.0,24.0,496000.0,81.0,17.0,17.0,744.0,-5.0,0.0,24.0,2.33e-07,3.0,0.0,0.0,0.0,0.0,0.0,0.001,0.03,0.004,0.004,0.00396,0.0075,2,Loc1_2m|TCP|DL|2,TCP,DL,2,8
Loc1_2m,2026-08-02 15:13:52.010507,0,0.0,0x4601,13.0,1.0,15.0,20600000.0,1125.0,75.0,6.0,347000.0,59037.0,-3.994,26.7,-2.2,1.0,26.0,528000.0,82.0,5.0,5.0,595.0,-4.999,142.0,40.0,2.2e-07,4.0,0.0,0.0,0.0,0.0,0.0,0.001,0.025,0.004,0.004,0.00396,0.00744,2,Loc1_2m|TCP|DL|2,TCP,DL,2,9
Loc1_2m,2026-08-02 15:13:53.010511,0,0.0,0x4601,13.0,1.0,15.0,20400000.0,1114.0,72.0,6.0,271000.0,58229.0,-3.994,21.8,-5.0,1.0,21.0,525000.0,88.0,21.0,19.0,1836.0,-4.983,0.0,24.0,2.39e-07,3.0,0.0,0.0,0.0,0.0,0.0,0.012,0.082,0.004,0.004,0.00396,0.0075,2,Loc1_2m|TCP|DL|2,TCP,DL,2,10
Loc1_2m,2026-08-02 15:13:54.010589,0,0.0,0x4601,13.0,1.0,14.0,19200000.0,1117.0,72.0,6.0,190000.0,58239.0,-3.994,20.7,-4.8,1.0,18.0,492000.0,97.0,24.0,19.0,1827.0,-4.994,0.0,25.0,2.3600000000000002e-07,2.0,0.0,0.0,0.0,0.0,0.0,0.009,0.07,0.004,0.004,0.00396,0.0075,2,Loc1_2m|TCP|DL|2,TCP,DL,2,11
Loc1_2m,2026-08-02 15:13:55.010520,0,0.0,0x4601,12.0,1.0,13.0,17600000.0,1118.0,82.0,6.0,252000.0,59046.0,-3.994,22.0,-5.1,1.0,21.0,405000.0,87.0,15.0,14.0,1135.0,-4.994,745.0,29.0,2.4500000000000004e-07,5.0,0.0,0.0,0.0,0.0,0.0,0.001,0.034,0.004,0.004,0.00396,0.00741,2,Loc1_2m|TCP|DL|2,TCP,DL,2,12
Loc1_2m,2026-08-02 15:13:56.010584,0,0.0,0x4601,12.0,1.0,13.0,17600000.0,1125.0,75.0,6.0,280000.0,59037.0,-3.994,25.8,-4.1,1.0,26.0,462000.0,81.0,5.0,5.0,523.0,-4.989,535.0,38.0,2.400000000000001e-07,5.0,0.0,0.0,0.0,0.0,0.0,0.001,0.025,0.004,0.004,0.00396,0.0075,2,Loc1_2m|TCP|DL|2,TCP,DL,2,13
Loc1_2m,2026-08-02 15:13:57.010500,0,0.0,0x4601,12.0,1.0,14.0,19000000.0,1125.0,75.0,6.0,333000.0,59046.0,-3.994,26.6,-3.1,1.0,26.0,462000.0,82.0,2.0,2.0,494.0,-4.998,142.0,40.0,2.56e-07,4.0,0.0,0.0,0.0,0.0,0.0,0.001,0.025,0.004,0.004,0.00396,0.0075,2,Loc1_2m|TCP|DL|2,TCP,DL,2,14
Loc1_2m,2026-08-02 15:13:58.010538,0,0.0,0x4601,13.0,1.0,15.0,20600000.0,1126.0,74.0,6.0,364000.0,59046.0,-3.994,24.6,-3.9,1.0,23.0,471000.0,82.0,10.0,10.0,869.0,-4.994,198.0,32.0,2.33e-07,4.0,0.0,0.0,0.0,0.0,0.0,0.001,0.035,0.004,0.004,0.00396,0.0075,2,Loc1_2m|TCP|DL|2,TCP,DL,2,15
Loc1_2m,2026-08-02 15:13:59.010501,0,0.0,0x4601,13.0,1.0,15.0,20600000.0,1123.0,77.0,6.0,381000.0,59046.0,-3.994,23.5,-5.0,1.0,22.0,401000.0,80.0,9.0,10.0,626.0,-4.986,0.0,26.0,2.39e-07,2.0,0.0,0.0,2.0,0.0,0.0,0.001,0.035,0.004,0.00399,0.00397,0.0075,2,Loc1_2m|TCP|DL|2,TCP,DL,2,16
Loc1_2m,2026-08-02 15:14:00.010517,0,0.0,0x4601,13.0,1.0,15.0,20600000.0,1121.0,79.0,6.0,463000.0,59037.0,-3.994,23.6,-4.6,1.0,22.0,421000.0,75.0,9.0,10.0,737.0,-4.997,0.0,35.0,2.3600000000000002e-07,2.0,0.0,0.0,0.0,0.0,0.0,0.001,0.025,0.004,0.004,0.00396,0.0075,2,Loc1_2m|TCP|DL|2,TCP,DL,2,17
Loc1_2m,2026-08-02 15:14:01.010597,0,0.0,0x4601,12.0,1.0,13.0,18200000.0,1125.0,75.0,6.0,635000.0,59046.0,-3.994,25.3,-4.0,1.0,25.0,392000.0,69.0,14.0,16.0,516.0,-4.998,384.0,36.0,2.400000000000001e-07,2.0,0.0,0.0,0.0,0.0,0.0,0.001,0.03,0.004,0.004,0.00396,0.0075,2,Loc1_2m|TCP|DL|2,TCP,DL,2,18
Loc1_2m,2026-08-02 15:14:02.010549,0,0.0,0x4601,12.0,1.0,13.0,17600000.0,1125.0,75.0,6.0,926000.0,59046.0,-3.994,24.9,-4.4,1.0,24.0,413000.0,77.0,12.0,13.0,598.0,-4.994,142.0,37.0,2.32e-07,4.0,0.0,0.0,0.0,0.0,0.0,0.001,0.027,0.004,0.004,0.00396,0.0075,2,Loc1_2m|TCP|DL|2,TCP,DL,2,19
Loc1_2m,2026-08-02 15:14:03.010583,0,0.0,0x4601,13.0,1.0,14.0,19100000.0,1116.0,84.0,7.0,1320000.0,59046.0,-3.994,26.3,-3.4,1.0,26.0,416000.0,74.0,9.0,10.0,487.0,-4.996,0.0,37.0,2.4500000000000004e-07,2.0,0.0,0.0,0.0,0.0,0.0,0.001,0.03,0.004,0.004,0.00396,0.0075,2,Loc1_2m|TCP|DL|2,TCP,DL,2,20
Loc1_2m,2026-08-02 15:14:17.010546,0,0.0,0x4601,13.0,1.0,14.0,19300000.0,1125.0,75.0,6.0,878000.0,59046.0,-3.994,22.9,-4.8,1.0,21.0,581000.0,101.0,25.0,19.0,1433.0,-4.985,535.0,23.0,2.6900000000000004e-07,3.0,0.0,0.0,0.0,0.0,0.0,0.001,0.027,0.004,0.004,0.00396,0.0075,2,Loc1_2m|TCP|DL|3,TCP,DL,3,5
Loc1_2m,2026-08-02 15:14:18.010629,0,0.0,0x4601,12.0,1.0,13.0,17400000.0,1121.0,79.0,6.0,1020000.0,59046.0,-3.994,26.3,-3.1,1.0,26.0,519000.0,84.0,9.0,9.0,622.0,-4.996,74.0,32.0,2.590000000000001e-07,5.0,0.0,0.0,0.0,0.0,0.0,0.001,0.03,0.004,0.004,0.00396,0.0075,2,Loc1_2m|TCP|DL|3,TCP,DL,3,6
Loc1_2m,2026-08-02 15:14:19.010583,0,0.0,0x4601,11.0,1.0,11.0,14400000.0,1127.0,73.0,6.0,1190000.0,59046.0,-3.994,25.1,-3.7,1.0,23.0,468000.0,84.0,6.0,6.0,789.0,-4.985,0.0,33.0,2.22e-07,2.0,0.0,0.0,0.0,0.0,0.0,0.001,0.03,0.004,0.004,0.00396,0.0075,2,Loc1_2m|TCP|DL|3,TCP,DL,3,7
Loc1_2m,2026-08-02 15:14:20.010610,0,0.0,0x4601,11.0,1.0,12.0,15900000.0,1124.0,76.0,6.0,1540000.0,59037.0,-3.994,24.5,-5.2,1.0,23.0,456000.0,89.0,8.0,8.0,624.0,-4.996,0.0,26.0,1.89e-07,2.0,0.0,0.0,1.0,0.0,0.0,0.001,0.03,0.004,0.00399,0.00396,0.0075,2,Loc1_2m|TCP|DL|3,TCP,DL,3,8
Loc1_2m,2026-08-02 15:14:21.010510,0,0.0,0x4601,12.0,1.0,13.0,18100000.0,1129.0,71.0,5.0,2040000.0,59046.0,-3.994,25.6,-3.5,1.0,25.0,505000.0,85.0,8.0,8.0,602.0,-4.992,102.0,35.0,2.33e-07,4.0,0.0,0.0,0.0,0.0,0.0,0.001,0.027,0.004,0.004,0.00396,0.00743,2,Loc1_2m|TCP|DL|3,TCP,DL,3,9
Loc1_2m,2026-08-02 15:14:22.010591,0,0.0,0x4601,13.0,1.0,15.0,20600000.0,1126.0,74.0,6.0,2740000.0,59046.0,-3.994,25.8,-3.2,1.0,25.0,528000.0,87.0,5.0,5.0,645.0,-4.997,384.0,33.0,2.5700000000000004e-07,3.0,0.0,0.0,0.0,0.0,0.0,0.001,0.03,0.004,0.004,0.00396,0.0075,2,Loc1_2m|TCP|DL|3,TCP,DL,3,10
Loc1_2m,2026-08-02 15:14:23.010617,0,0.0,0x4601,13.0,1.0,15.0,20400000.0,1110.0,90.0,7.0,2920000.0,59046.0,-3.994,18.6,-5.9,1.0,16.0,519000.0,104.0,31.0,22.0,2827.0,-4.996,0.0,21.0,2.54e-07,3.0,0.0,0.0,6.0,0.0,0.0,0.001,0.094,0.004,0.00399,0.00397,0.0075,2,Loc1_2m|TCP|DL|3,TCP,DL,3,11
Loc1_2m,2026-08-02 15:14:24.010597,0,0.0,0x4601,12.0,1.0,13.0,17700000.0,1126.0,74.0,6.0,3300000.0,59037.0,-3.994,22.8,-5.8,1.0,22.0,360000.0,74.0,18.0,19.0,909.0,-4.997,0.0,31.0,2.1800000000000002e-07,2.0,0.0,0.0,0.0,0.0,0.0,0.001,0.07,0.004,0.004,0.00396,0.0075,2,Loc1_2m|TCP|DL|3,TCP,DL,3,12
Loc1_2m,2026-08-02 15:14:25.010596,0,0.0,0x4601,12.0,1.0,13.0,17600000.0,1126.0,74.0,6.0,3020000.0,59046.0,-3.994,26.9,-1.2,1.0,27.0,373000.0,57.0,3.0,5.0,408.0,-4.994,0.0,46.0,2.54e-07,2.0,0.0,0.0,0.0,0.0,0.0,0.001,0.025,0.004,0.004,0.00396,0.0075,2,Loc1_2m|TCP|DL|3,TCP,DL,3,13
Loc1_2m,2026-08-02 15:14:26.010528,0,0.0,0x4601,11.0,1.0,11.0,15200000.0,1136.0,64.0,5.0,2940000.0,59046.0,-3.994,26.0,-2.6,1.0,26.0,391000.0,64.0,10.0,13.0,504.0,-4.999,276.0,41.0,2.5700000000000004e-07,2.0,0.0,0.0,0.0,0.0,0.0,0.001,0.027,0.004,0.004,0.00396,0.0075,2,Loc1_2m|TCP|DL|3,TCP,DL,3,14
Loc1_2m,2026-08-02 15:14:27.010562,0,0.0,0x4601,11.0,1.0,11.0,15100000.0,1132.0,68.0,5.0,2990000.0,59046.0,-3.994,23.7,-5.4,1.0,22.0,428000.0,75.0,10.0,11.0,788.0,-4.994,0.0,32.0,2.43e-07,2.0,0.0,0.0,0.0,0.0,0.0,0.001,0.07,0.004,0.004,0.00396,0.0075,2,Loc1_2m|TCP|DL|3,TCP,DL,3,15
Loc1_2m,2026-08-02 15:14:28.010635,0,0.0,0x4601,12.0,1.0,13.0,17600000.0,1121.0,79.0,6.0,2690000.0,59037.0,-3.994,24.2,-2.9,1.0,23.0,630000.0,75.0,32.0,29.0,2146.0,-4.994,198.0,30.0,2.520000000000001e-07,2.0,0.0,0.0,0.0,0.0,0.0,0.001,0.097,0.004,0.004,0.00396,0.0075,2,Loc1_2m|TCP|DL|3,TCP,DL,3,16
Loc1_2m,2026-08-02 15:14:29.010562,0,0.0,0x4601,12.0,1.0,14.0,18900000.0,1123.0,77.0,6.0,2660000.0,59046.0,-3.994,26.7,-1.1,1.0,25.0,602000.0,80.0,9.0,10.0,775.0,-4.996,0.0,33.0,2.49e-07,0.0,0.0,0.0,0.0,0.0,0.0,0.001,0.025,0.004,0.004,0.00396,0.0075,2,Loc1_2m|TCP|DL|3,TCP,DL,3,17
Loc1_2m,2026-08-02 15:14:30.010594,0,0.0,0x4601,12.0,1.0,13.0,17600000.0,1115.0,85.0,7.0,2460000.0,59046.0,-3.994,26.0,-2.7,1.0,26.0,624000.0,75.0,15.0,16.0,816.0,-5.0,535.0,25.0,2.4500000000000004e-07,3.0,0.0,0.0,1.0,0.0,0.0,0.001,0.03,0.004,0.00399,0.00396,0.0075,2,Loc1_2m|TCP|DL|3,TCP,DL,3,18
Loc1_2m,2026-08-02 15:14:31.010560,0,0.0,0x4601,12.0,1.0,13.0,17600000.0,1122.0,78.0,6.0,2390000.0,59046.0,-3.994,23.0,-3.4,1.0,22.0,662000.0,99.0,17.0,14.0,1584.0,-4.995,0.0,32.0,2.58e-07,0.0,0.0,0.0,0.0,0.0,0.0,0.001,0.025,0.004,0.004,0.00396,0.0075,2,Loc1_2m|TCP|DL|3,TCP,DL,3,19
Loc1_2m,2026-08-02 15:14:32.010594,0,0.0,0x4601,13.0,1.0,14.0,19600000.0,1124.0,76.0,6.0,2030000.0,59037.0,-3.994,11.7,-0.1,1.0,6.0,538000.0,236.0,28.0,10.0,8201.0,-4.999,1040.0,15.0,2.56e-07,0.0,0.0,2.0,0.0,0.0,0.0,0.001,0.025,0.004,0.004,0.00396,0.00723,2,Loc1_2m|TCP|DL|3,TCP,DL,3,20
Loc1_2m,2026-08-02 15:14:49.010636,0,0.0,0x4601,13.0,1.0,15.0,352000.0,300.0,9.0,2.0,0.0,1047.0,-3.896,21.8,-3.4,1.0,19.0,19500000.0,663.0,137.0,17.0,37102.0,-4.996,700000.0,0.0,2.470000000000001e-07,-1.0,0.0,0.0,0.0,0.0,0.0,0.011,0.002,0.004,0.004,,,2,Loc1_2m|TCP|UL|1,TCP,UL,1,5
Loc1_2m,2026-08-02 15:14:50.010559,0,0.0,0x4601,13.0,1.0,15.0,271000.0,249.0,21.0,7.0,123.0,901.0,-3.965,21.0,-4.4,1.0,18.0,17000000.0,641.0,159.0,19.0,36978.0,-4.997,700000.0,0.0,2.5000000000000004e-07,-2.0,0.0,0.0,0.0,0.0,0.0,0.015,0.002,0.004,0.004,,,2,Loc1_2m|TCP|UL|1,TCP,UL,1,6
Loc1_2m,2026-08-02 15:14:51.010595,0,0.0,0x4601,12.0,1.0,13.0,314000.0,285.0,6.0,2.0,0.0,1066.0,-3.945,20.7,-2.9,1.0,18.0,17000000.0,652.0,148.0,18.0,37071.0,-4.943,700000.0,0.0,2.49e-07,-2.0,0.0,0.0,0.0,0.0,0.0,0.016,0.002,0.004,0.004,,,2,Loc1_2m|TCP|UL|1,TCP,UL,1,7
Loc1_2m,2026-08-02 15:14:52.010677,0,0.0,0x4601,12.0,1.0,13.0,283000.0,271.0,23.0,7.0,0.0,1046.0,-3.999,21.4,-2.7,1.0,19.0,18000000.0,647.0,153.0,19.0,37117.0,-4.994,700000.0,0.0,2.520000000000001e-07,-3.0,0.0,0.0,0.0,0.0,0.0,0.017,0.002,0.004,0.004,,,2,Loc1_2m|TCP|UL|1,TCP,UL,1,8
Loc1_2m,2026-08-02 15:14:53.010554,0,0.0,0x4601,12.0,1.0,13.0,415000.0,383.0,19.0,4.0,0.0,1369.0,-3.991,21.3,-2.1,1.0,18.0,18900000.0,686.0,114.0,14.0,37157.0,-4.992,700000.0,0.0,2.77e-07,-2.0,0.0,0.0,0.0,0.0,0.0,0.015,0.002,0.004,0.004,,,2,Loc1_2m|TCP|UL|1,TCP,UL,1,9
Loc1_2m,2026-08-02 15:14:54.010634,0,0.0,0x4601,12.0,1.0,13.0,221000.0,264.0,16.0,5.0,0.0,766.0,-3.976,20.0,-4.4,1.0,17.0,17000000.0,690.0,110.0,13.0,37087.0,-4.999,700000.0,0.0,2.68e-07,-3.0,0.0,0.0,0.0,0.0,0.0,0.011,0.002,0.004,0.004,,,2,Loc1_2m|TCP|UL|1,TCP,UL,1,10
Loc1_2m,2026-08-02 15:14:55.010574,0,0.0,0x4601,12.0,1.0,12.0,181000.0,274.0,35.0,11.0,0.0,832.0,-3.976,20.7,-2.6,1.0,17.0,17700000.0,689.0,111.0,13.0,37177.0,-4.948,700000.0,0.0,2.61e-07,-4.0,0.0,0.0,0.0,0.0,0.0,0.01,0.002,0.004,0.004,,,2,Loc1_2m|TCP|UL|1,TCP,UL,1,11
Loc1_2m,2026-08-02 15:14:56.010608,0,0.0,0x4601,12.0,1.0,12.0,187000.0,250.0,7.0,2.0,0.0,644.0,-3.993,18.7,-6.2,1.0,14.0,15300000.0,729.0,71.0,8.0,37198.0,-5.0,700000.0,0.0,2.58e-07,-3.0,0.0,0.0,0.0,0.0,0.0,0.015,0.002,0.004,0.004,,,2,Loc1_2m|TCP|UL|1,TCP,UL,1,12
Loc1_2m,2026-08-02 15:14:57.010666,0,0.0,0x4601,12.0,1.0,12.0,158000.0,237.0,16.0,6.0,0.0,690.0,-3.997,21.1,-2.9,1.0,19.0,17100000.0,623.0,177.0,22.0,37047.0,-5.0,700000.0,0.0,2.470000000000001e-07,-4.0,0.0,0.0,0.0,0.0,0.0,0.02,0.002,0.004,0.004,,,2,Loc1_2m|TCP|UL|1,TCP,UL,1,13
Loc1_2m,2026-08-02 15:14:58.010610,0,0.0,0x4601,12.0,1.0,13.0,184000.0,224.0,7.0,3.0,0.0,730.0,-3.998,19.8,-5.0,1.0,19.0,15900000.0,596.0,204.0,25.0,36886.0,-5.0,700000.0,0.0,2.92e-07,-3.0,0.0,0.0,0.0,0.0,0.0,0.02,0.002,0.004,0.004,,,2,Loc1_2m|TCP|UL|1,TCP,UL,1,14
Loc1_2m,2026-08-02 15:14:59.010625,0,0.0,0x4601,12.0,1.0,12.0,174000.0,234.0,25.0,9.0,0.0,732.0,-3.964,20.9,-4.7,1.0,19.0,17000000.0,602.0,198.0,24.0,36937.0,-4.979,700000.0,0.0,2.61e-07,-1.0,0.0,0.0,0.0,0.0,0.0,0.021,0.002,0.004,0.004,,,2,Loc1_2m|TCP|UL|1,TCP,UL,1,15
Loc1_2m,2026-08-02 15:15:00.010560,0,0.0,0x4601,12.0,1.0,12.0,166000.0,213.0,5.0,2.0,0.0,647.0,-3.969,19.3,-4.5,1.0,16.0,14800000.0,668.0,132.0,16.0,37139.0,-4.997,700000.0,0.0,2.65e-07,-2.0,0.0,0.0,0.0,0.0,0.0,0.016,0.002,0.004,0.004,,,2,Loc1_2m|TCP|UL|1,TCP,UL,1,16
Loc1_2m,2026-08-02 15:15:01.010639,0,0.0,0x4601,12.0,1.0,12.0,158000.0,231.0,12.0,4.0,0.0,716.0,-3.996,19.6,-6.0,1.0,18.0,15500000.0,620.0,180.0,22.0,36913.0,-4.996,700000.0,0.0,2.42e-07,-4.0,0.0,0.0,0.0,0.0,0.0,0.018,0.002,0.004,0.004,,,2,Loc1_2m|TCP|UL|1,TCP,UL,1,17
Loc1_2m,2026-08-02 15:15:02.010697,0,0.0,0x4601,12.0,1.0,13.0,180000.0,214.0,6.0,2.0,58.0,624.0,-3.953,20.2,-2.7,1.0,18.0,15200000.0,618.0,182.0,22.0,37017.0,-4.914,700000.0,0.0,2.6e-07,-2.0,0.0,0.0,0.0,0.0,0.0,0.021,0.002,0.004,0.004,,,2,Loc1_2m|TCP|UL|1,TCP,UL,1,18
Loc1_2m,2026-08-02 15:15:03.010624,0,0.0,0x4601,12.0,1.0,13.0,205000.0,248.0,12.0,4.0,0.0,661.0,-3.951,20.1,-2.9,1.0,17.0,16399999.999999998,656.0,144.0,18.0,37092.0,-4.996,700000.0,0.0,2.56e-07,-2.0,0.0,0.0,0.0,0.0,0.0,0.016,0.002,0.004,0.004,,,2,Loc1_2m|TCP|UL|1,TCP,UL,1,19
Loc1_2m,2026-08-02 15:15:04.010628,0,0.0,0x4601,12.0,1.0,13.0,216000.0,271.0,35.0,11.0,58.0,938.0,-3.906,22.4,-5.5,1.0,20.0,21400000.0,680.0,120.0,15.0,36998.0,-4.99,700000.0,0.0,2.55e-07,-5.0,0.0,0.0,0.0,0.0,0.0,0.011,0.002,0.004,0.004,,,2,Loc1_2m|TCP|UL|1,TCP,UL,1,20
Loc1_2m,2026-08-02 15:15:24.010591,0,0.0,0x4601,12.0,1.0,12.0,394000.0,324.0,9.0,2.0,0.0,1610.0,-3.989,22.9,-4.2,1.0,21.0,21800000.0,654.0,146.0,18.0,36999.0,-4.999,700000.0,0.0,2.48e-07,-3.0,0.0,0.0,0.0,0.0,0.0,0.011,0.002,0.004,0.004,,,2,Loc1_2m|TCP|UL|2,TCP,UL,2,5
Loc1_2m,2026-08-02 15:15:25.010650,0,0.0,0x4601,12.0,1.0,12.0,328000.0,311.0,13.0,4.0,0.0,1278.0,-3.996,20.5,-7.2,1.0,17.0,17500000.0,703.0,97.0,12.0,37026.0,-4.996,700000.0,0.0,2.53e-07,-2.0,0.0,0.0,0.0,0.0,0.0,0.01,0.002,0.004,0.004,,,2,Loc1_2m|TCP|UL|2,TCP,UL,2,6
Loc1_2m,2026-08-02 15:15:26.010639,0,0.0,0x4601,12.0,1.0,13.0,431000.0,328.0,14.0,4.0,0.0,1654.0,-3.949,19.1,-6.0,1.0,17.0,13900000.0,601.0,199.0,24.0,36842.0,-5.0,700000.0,0.0,2.49e-07,-1.0,0.0,0.0,0.0,0.0,0.0,0.02,0.002,0.004,0.004,,,2,Loc1_2m|TCP|UL|2,TCP,UL,2,7
Loc1_2m,2026-08-02 15:15:27.010647,0,0.0,0x4601,12.0,1.0,13.0,260000.0,231.0,11.0,4.0,0.0,1013.0,-3.995,19.4,-5.8,1.0,18.0,11700000.0,535.0,265.0,33.0,36742.0,-5.0,700000.0,0.0,2.400000000000001e-07,-1.0,0.0,0.0,0.0,0.0,0.0,0.02,0.002,0.004,0.004,,,2,Loc1_2m|TCP|UL|2,TCP,UL,2,8
Loc1_2m,2026-08-02 15:15:28.010678,0,0.0,0x4601,12.0,1.0,13.0,181000.0,214.0,13.0,5.0,0.0,731.0,-3.966,19.3,-6.4,1.0,18.0,10800000.0,511.0,289.0,36.0,36588.0,-4.997,700000.0,0.0,2.41e-07,-1.0,0.0,1.0,0.0,0.0,0.0,0.02,0.002,0.004,0.004,,,2,Loc1_2m|TCP|UL|2,TCP,UL,2,9
Loc1_2m,2026-08-02 15:15:29.010574,0,0.0,0x4601,12.0,1.0,13.0,216000.0,239.0,14.0,5.0,181.0,816.0,-3.985,20.6,-6.6,1.0,18.0,14500000.0,600.0,200.0,25.0,36933.0,-4.996,700000.0,0.0,2.1900000000000002e-07,-2.0,0.0,0.0,0.0,0.0,0.0,0.016,0.002,0.004,0.004,,,2,Loc1_2m|TCP|UL|2,TCP,UL,2,10
Loc1_2m,2026-08-02 15:15:30.010653,0,0.0,0x4601,12.0,1.0,13.0,213000.0,240.0,16.0,6.0,0.0,820.0,-3.967,20.3,-6.0,1.0,18.0,16000000.0,623.0,177.0,22.0,36927.0,-4.999,700000.0,0.0,2.3000000000000002e-07,-4.0,0.0,0.0,0.0,0.0,0.0,0.017,0.002,0.004,0.004,,,2,Loc1_2m|TCP|UL|2,TCP,UL,2,11
Loc1_2m,2026-08-02 15:15:31.010655,0,0.0,0x4601,12.0,1.0,13.0,172000.0,223.0,7.0,3.0,0.0,590.0,-3.914,19.9,-5.1,1.0,18.0,13600000.0,575.0,225.0,28.0,36833.0,-4.997,700000.0,0.0,2.41e-07,-1.0,0.0,0.0,0.0,0.0,0.0,0.028,0.002,0.004,0.004,,,2,Loc1_2m|TCP|UL|2,TCP,UL,2,12
Loc1_2m,2026-08-02 15:15:32.010644,0,0.0,0x4601,12.0,1.0,13.0,219000.0,250.0,6.0,2.0,0.0,723.0,-3.949,20.6,-2.9,1.0,18.0,17400000.0,658.0,142.0,17.0,37075.0,-4.997,700000.0,0.0,2.6900000000000004e-07,-2.0,0.0,0.0,0.0,0.0,0.0,0.016,0.002,0.004,0.004,,,2,Loc1_2m|TCP|UL|2,TCP,UL,2,13
Loc1_2m,2026-08-02 15:15:33.010702,0,0.0,0x4601,12.0,1.0,13.0,202000.0,231.0,6.0,2.0,0.0,705.0,-3.984,22.1,-4.9,1.0,20.0,19100000.0,628.0,172.0,21.0,36982.0,-4.997,700000.0,0.0,2.5000000000000004e-07,-1.0,0.0,0.0,0.0,0.0,0.0,0.019,0.002,0.004,0.004,,,2,Loc1_2m|TCP|UL|2,TCP,UL,2,14
Loc1_2m,2026-08-02 15:15:34.010594,0,0.0,0x4601,12.0,1.0,13.0,154000.0,222.0,1.0,0.0,0.0,595.0,-3.892,21.5,-4.0,1.0,20.0,18100000.0,624.0,176.0,22.0,37069.0,-5.0,700000.0,0.0,2.470000000000001e-07,-2.0,0.0,0.0,0.0,0.0,0.0,0.011,0.002,0.004,0.004,,,2,Loc1_2m|TCP|UL|2,TCP,UL,2,15
Loc1_2m,2026-08-02 15:15:35.010695,0,0.0,0x4601,12.0,1.0,13.0,155000.0,228.0,12.0,5.0,0.0,620.0,-3.977,19.8,-7.9,1.0,16.0,16500000.0,705.0,95.0,11.0,37121.0,-4.991,700000.0,0.0,2.3100000000000002e-07,-1.0,0.0,0.0,0.0,0.0,0.0,0.022,0.002,0.004,0.004,,,2,Loc1_2m|TCP|UL|2,TCP,UL,2,16
Loc1_2m,2026-08-02 15:15:36.010717,0,0.0,0x4601,12.0,1.0,13.0,183000.0,228.0,7.0,2.0,0.0,680.0,-3.991,21.4,-4.6,1.0,20.0,19300000.0,626.0,174.0,21.0,36972.0,-4.992,700000.0,0.0,2.51e-07,-2.0,0.0,0.0,0.0,0.0,0.0,0.02,0.002,0.004,0.004,,,2,Loc1_2m|TCP|UL|2,TCP,UL,2,17
Loc1_2m,2026-08-02 15:15:37.010626,0,0.0,0x4601,12.0,1.0,13.0,171000.0,213.0,0.0,0.0,0.0,596.0,-3.801,22.7,-3.9,1.0,21.0,21800000.0,679.0,121.0,15.0,37068.0,-4.996,700000.0,0.0,2.760000000000001e-07,-3.0,0.0,0.0,0.0,0.0,0.0,0.012,0.002,0.004,0.004,,,2,Loc1_2m|TCP|UL|2,TCP,UL,2,18
Loc1_2m,2026-08-02 15:15:38.010712,0,0.0,0x4601,12.0,1.0,13.0,192000.0,199.0,8.0,3.0,0.0,646.0,-3.945,17.0,-4.8,1.0,13.0,12100000.0,669.0,131.0,16.0,37109.0,-4.996,700000.0,0.0,2.62e-07,-2.0,0.0,0.0,0.0,0.0,0.0,0.02,0.002,0.004,0.004,,,2,Loc1_2m|TCP|UL|2,TCP,UL,2,19
Loc1_2m,2026-08-02 15:15:39.010631,0,0.0,0x4601,12.0,1.0,13.0,145000.0,195.0,7.0,3.0,348.0,524.0,-3.997,17.4,-4.8,1.0,13.0,12700000.0,705.0,95.0,11.0,37215.0,-4.998,700000.0,0.0,2.710000000000001e-07,-2.0,0.0,0.0,0.0,0.0,0.0,0.017,0.002,0.004,0.004,,,2,Loc1_2m|TCP|UL|2,TCP,UL,2,20
Loc1_2m,2026-08-02 15:16:00.010749,0,0.0,0x4601,12.0,1.0,13.0,259000.0,246.0,8.0,3.0,0.0,932.0,-3.995,21.4,-5.2,1.0,20.0,16300000.0,596.0,204.0,25.0,36860.0,-4.996,700000.0,0.0,2.56e-07,-2.0,0.0,0.0,0.0,0.0,0.0,0.02,0.002,0.004,0.004,,,2,Loc1_2m|TCP|UL|3,TCP,UL,3,5
Loc1_2m,2026-08-02 15:16:01.010652,0,0.0,0x4601,12.0,1.0,13.0,290000.0,272.0,14.0,4.0,0.0,1178.0,-3.944,22.0,-4.3,1.0,20.0,18100000.0,615.0,185.0,23.0,36941.0,-4.996,700000.0,0.0,2.67e-07,-2.0,0.0,0.0,0.0,0.0,0.0,0.016,0.002,0.004,0.004,,,2,Loc1_2m|TCP|UL|3,TCP,UL,3,6
Loc1_2m,2026-08-02 15:16:02.010646,0,0.0,0x4601,12.0,1.0,13.0,342000.0,296.0,15.0,4.0,58.0,1394.0,-3.909,21.1,-6.2,1.0,19.0,16700000.0,605.0,195.0,24.0,36846.0,-4.999,700000.0,0.0,2.53e-07,-2.0,0.0,0.0,0.0,0.0,0.0,0.011,0.002,0.00401,0.004,,,2,Loc1_2m|TCP|UL|3,TCP,UL,3,7
Loc1_2m,2026-08-02 15:16:03.010657,0,0.0,0x4601,12.0,1.0,13.0,372000.0,336.0,4.0,1.0,0.0,1421.0,-3.928,21.5,-4.2,1.0,19.0,18700000.0,648.0,152.0,19.0,36991.0,-4.996,700000.0,0.0,2.49e-07,-2.0,0.0,0.0,0.0,0.0,0.0,0.014,0.002,0.004,0.004,,,2,Loc1_2m|TCP|UL|3,TCP,UL,3,8
Loc1_2m,2026-08-02 15:16:04.010682,0,0.0,0x4601,12.0,1.0,12.0,214000.0,267.0,14.0,4.0,0.0,886.0,-3.982,21.7,-3.3,1.0,20.0,18800000.0,610.0,190.0,23.0,37024.0,-4.971,700000.0,0.0,2.56e-07,-4.0,0.0,0.0,0.0,0.0,0.0,0.019,0.002,0.00401,0.004,,,2,Loc1_2m|TCP|UL|3,TCP,UL,3,9
Loc1_2m,2026-08-02 15:16:05.010691,0,0.0,0x4601,12.0,1.0,13.0,191000.0,260.0,13.0,4.0,0.0,746.0,-3.999,20.6,-3.5,1.0,19.0,17800000.0,647.0,153.0,19.0,37041.0,-4.996,700000.0,0.0,2.63e-07,-4.0,0.0,0.0,0.0,0.0,0.0,0.02,0.002,0.004,0.004,,,2,Loc1_2m|TCP|UL|3,TCP,UL,3,10
Loc1_2m,2026-08-02 15:16:06.010672,0,0.0,0x4601,12.0,1.0,13.0,237000.0,270.0,2.0,0.0,290.0,761.0,-3.89,22.3,-4.7,1.0,21.0,20200000.0,637.0,163.0,20.0,36938.0,-4.992,700000.0,0.0,2.68e-07,-1.0,0.0,0.0,0.0,0.0,0.0,0.021,0.002,0.004,0.004,,,2,Loc1_2m|TCP|UL|3,TCP,UL,3,11
Loc1_2m,2026-08-02 15:16:07.010711,0,0.0,0x4601,12.0,1.0,13.0,210000.0,244.0,7.0,2.0,0.0,738.0,-3.99,20.0,-6.0,1.0,17.0,15500000.0,642.0,158.0,19.0,36971.0,-4.996,700000.0,0.0,2.22e-07,-2.0,0.0,0.0,0.0,0.0,0.0,0.02,0.002,0.004,0.004,,,2,Loc1_2m|TCP|UL|3,TCP,UL,3,12
Loc1_2m,2026-08-02 15:16:08.010598,0,0.0,0x4601,12.0,1.0,13.0,194000.0,228.0,9.0,3.0,464.0,672.0,-3.971,20.6,-5.4,1.0,20.0,15500000.0,572.0,228.0,28.0,36817.0,-4.996,700000.0,0.0,2.1800000000000002e-07,-4.0,0.0,0.0,0.0,0.0,0.0,0.023,0.002,0.004,0.004,,,2,Loc1_2m|TCP|UL|3,TCP,UL,3,13
Loc1_2m,2026-08-02 15:16:09.010682,0,0.0,0x4601,12.0,1.0,12.0,192000.0,247.0,19.0,7.0,0.0,765.0,-3.989,20.1,-4.4,1.0,18.0,16100000.000000002,638.0,162.0,20.0,37010.0,-4.938,700000.0,0.0,2.51e-07,-2.0,0.0,0.0,0.0,0.0,0.0,0.015,0.002,0.004,0.004,,,2,Loc1_2m|TCP|UL|3,TCP,UL,3,14
Loc1_2m,2026-08-02 15:16:10.010759,0,0.0,0x4601,12.0,1.0,13.0,191000.0,267.0,17.0,5.0,61.0,792.0,-3.995,21.5,-4.2,1.0,20.0,18500000.0,629.0,171.0,21.0,37056.0,-5.0,700000.0,0.0,2.65e-07,0.0,0.0,0.0,0.0,0.0,0.0,0.012,0.002,0.004,0.004,,,2,Loc1_2m|TCP|UL|3,TCP,UL,3,15
Loc1_2m,2026-08-02 15:16:11.010672,0,0.0,0x4601,11.0,1.0,12.0,194000.0,253.0,5.0,1.0,0.0,739.0,-3.955,20.2,-2.9,1.0,17.0,15800000.0,663.0,137.0,17.0,37068.0,-5.0,700000.0,0.0,2.58e-07,-4.0,0.0,0.0,0.0,0.0,0.0,0.02,0.002,0.004,0.004,,,2,Loc1_2m|TCP|UL|3,TCP,UL,3,16
Loc1_2m,2026-08-02 15:16:12.010715,0,0.0,0x4601,11.0,1.0,11.0,185000.0,267.0,21.0,7.0,0.0,815.0,-3.979,19.9,-6.9,1.0,16.0,17600000.0,730.0,70.0,8.0,37169.0,-4.572,700000.0,0.0,2.6e-07,-3.0,0.0,0.0,0.0,0.0,0.0,0.019,0.002,0.004,0.004,,,2,Loc1_2m|TCP|UL|3,TCP,UL,3,17
Loc1_2m,2026-08-02 15:16:13.010686,0,0.0,0x4601,11.0,1.0,12.0,224000.0,277.0,11.0,3.0,3.0,797.0,-3.973,21.9,-3.2,1.0,20.0,20700000.0,676.0,124.0,15.0,37221.0,-4.997,700000.0,0.0,2.32e-07,-2.0,0.0,0.0,1.0,0.0,0.0,0.01,0.002,0.004,0.004,,,2,Loc1_2m|TCP|UL|3,TCP,UL,3,18
Loc1_2m,2026-08-02 15:16:14.010733,0,0.0,0x4601,12.0,1.0,12.0,188000.0,231.0,3.0,1.0,0.0,543.0,-3.922,17.5,-0.3,1.0,11.0,13300000.0,773.0,27.0,3.0,37355.0,-4.777,700000.0,0.0,2.3100000000000002e-07,-1.0,0.0,0.0,0.0,0.0,0.0,0.01,0.002,0.004,0.004,,,2,Loc1_2m|TCP|UL|3,TCP,UL,3,19
Loc1_2m,2026-08-02 15:16:15.010667,0,0.0,0x4601,11.0,1.0,12.0,202000.0,259.0,15.0,5.0,0.0,875.0,-3.991,21.5,-3.8,1.0,19.0,17900000.0,629.0,171.0,21.0,37030.0,-4.996,700000.0,0.0,2.3800000000000001e-07,-3.0,0.0,0.0,0.0,0.0,0.0,0.018,0.002,0.004,0.004,,,2,Loc1_2m|TCP|UL|3,TCP,UL,3,20
Loc1_2m,2026-08-02 15:16:41.010765,0,0.0,0x4601,15.0,1.0,26.0,38600000.0,1192.0,8.0,0.0,6000000.0,59046.0,-0.2631,26.2,-2.9,1.0,26.0,295000.0,50.0,6.0,10.0,350.0,-4.998,0.0,50.0,2.520000000000001e-07,2.0,0.0,0.0,0.0,0.0,0.0,0.001,0.02,0.004,0.004,0.00397,0.0075,2,Loc1_2m|UDP|DL|1,UDP,DL,1,5
Loc1_2m,2026-08-02 15:16:42.010712,0,0.0,0x4601,15.0,1.0,26.0,38400000.0,1188.0,12.0,1.0,6030000.0,59025.0,-0.5771,26.6,-2.7,1.0,26.0,300000.0,50.0,3.0,5.0,340.0,-4.988,0.0,50.0,2.3800000000000001e-07,4.0,0.0,0.0,0.0,0.0,0.0,0.001,0.02,0.004,0.004,0.00397,0.0075,2,Loc1_2m|UDP|DL|1,UDP,DL,1,6
Loc1_2m,2026-08-02 15:16:43.010716,0,0.0,0x4601,15.0,1.0,26.0,38600000.0,1197.0,3.0,0.0,6020000.0,59037.0,-0.04012,25.9,-3.9,1.0,26.0,285000.0,50.0,5.0,9.0,329.0,-4.999,0.0,50.0,2.39e-07,4.0,0.0,0.0,0.0,0.0,0.0,0.001,0.02,0.004,0.004,0.00397,0.0075,2,Loc1_2m|UDP|DL|1,UDP,DL,1,7
Loc1_2m,2026-08-02 15:16:44.010786,0,0.0,0x4601,15.0,1.0,26.0,38900000.0,1192.0,8.0,0.0,6020000.0,59037.0,-0.1551,23.6,-6.7,1.0,22.0,237000.0,50.0,6.0,10.0,357.0,-4.996,0.0,50.0,2.2e-07,4.0,0.0,0.0,1.0,0.0,0.0,0.001,0.02,0.004,0.00399,0.00397,0.0075,2,Loc1_2m|UDP|DL|1,UDP,DL,1,8
Loc1_2m,2026-08-02 15:16:45.010716,0,0.0,0x4601,15.0,1.0,26.0,39100000.0,1197.0,3.0,0.0,6020000.0,59046.0,0.00588,25.9,-3.9,1.0,25.0,270000.0,50.0,2.0,3.0,311.0,-4.995,0.0,50.0,2.55e-07,3.0,0.0,0.0,0.0,0.0,0.0,0.001,0.02,0.004,0.004,0.00397,0.0075,2,Loc1_2m|UDP|DL|1,UDP,DL,1,9
Loc1_2m,2026-08-02 15:16:46.010772,0,0.0,0x4601,15.0,1.0,26.0,39100000.0,1194.0,6.0,0.0,6030000.0,59046.0,-0.09112,24.5,-3.7,1.0,24.0,282000.0,50.0,7.0,12.0,513.0,-4.993,0.0,50.0,2.5000000000000004e-07,2.0,0.0,0.0,1.0,0.0,0.0,0.001,0.02,0.004,0.00399,0.00396,0.0075,2,Loc1_2m|UDP|DL|1,UDP,DL,1,10
Loc1_2m,2026-08-02 15:16:47.010674,0,0.0,0x4601,15.0,1.0,26.0,39000000.0,1195.0,5.0,0.0,6020000.0,59046.0,0.00888,24.9,-3.0,1.0,24.0,291000.0,50.0,5.0,9.0,497.0,-4.996,0.0,50.0,2.55e-07,-1.0,0.0,0.0,0.0,0.0,0.0,0.001,0.02,0.004,0.004,0.00397,0.0075,2,Loc1_2m|UDP|DL|1,UDP,DL,1,11
Loc1_2m,2026-08-02 15:16:48.010691,0,0.0,0x4601,15.0,1.0,26.0,39100000.0,1196.0,4.0,0.0,6020000.0,59037.0,0.00888,25.3,-3.7,1.0,24.0,294000.0,49.0,7.0,12.0,395.0,-4.991,0.0,50.0,2.470000000000001e-07,3.0,0.0,0.0,0.0,0.0,0.0,0.001,0.02,0.004,0.004,0.00397,0.0075,2,Loc1_2m|UDP|DL|1,UDP,DL,1,12
Loc1_2m,2026-08-02 15:16:49.010695,0,0.0,0x4601,15.0,1.0,26.0,38800000.0,1191.0,9.0,0.0,6030000.0,59046.0,-0.1021,26.2,-2.4,1.0,25.0,310000.0,50.0,2.0,3.0,392.0,-4.988,0.0,50.0,2.58e-07,3.0,0.0,0.0,2.0,0.0,0.0,0.001,0.02,0.004,0.004,0.00397,0.0075,2,Loc1_2m|UDP|DL|1,UDP,DL,1,13
Loc1_2m,2026-08-02 15:16:50.010743,0,0.0,0x4601,15.0,1.0,26.0,39000000.0,1196.0,4.0,0.0,6020000.0,59046.0,0.005879,25.9,-3.8,1.0,26.0,274000.0,50.0,5.0,9.0,326.0,-4.991,0.0,50.0,2.39e-07,3.0,0.0,0.0,0.0,0.0,0.0,0.001,0.02,0.004,0.004,0.00397,0.0075,2,Loc1_2m|UDP|DL|1,UDP,DL,1,14
Loc1_2m,2026-08-02 15:16:51.010768,0,0.0,0x4601,15.0,1.0,26.0,39000000.0,1194.0,6.0,0.0,6030000.0,59046.0,-0.05612,26.9,-2.2,1.0,26.0,322000.0,50.0,3.0,5.0,377.0,-4.995,0.0,50.0,2.65e-07,2.0,0.0,0.0,0.0,0.0,0.0,0.001,0.02,0.004,0.004,0.00397,0.0075,2,Loc1_2m|UDP|DL|1,UDP,DL,1,15
Loc1_2m,2026-08-02 15:16:52.010701,0,0.0,0x4601,15.0,1.0,26.0,38900000.0,1193.0,7.0,0.0,6020000.0,59037.0,0.008878,27.6,-1.1,1.0,27.0,319000.0,50.0,1.0,1.0,337.0,-4.993,0.0,50.0,2.5700000000000004e-07,3.0,0.0,0.0,0.0,0.0,0.0,0.001,0.02,0.004,0.004,0.00396,0.0075,2,Loc1_2m|UDP|DL|1,UDP,DL,1,16
Loc1_2m,2026-08-02 15:16:53.010787,0,0.0,0x4601,15.0,1.0,26.0,39000000.0,1194.0,6.0,0.0,6020000.0,59046.0,-0.02412,28.0,-0.8,1.0,27.0,316000.0,50.0,0.0,0.0,328.0,-4.982,0.0,50.0,2.62e-07,1.0,0.0,0.0,0.0,0.0,0.0,0.001,0.02,0.004,0.004,0.00397,0.0075,2,Loc1_2m|UDP|DL|1,UDP,DL,1,17
Loc1_2m,2026-08-02 15:16:54.010725,0,0.0,0x4601,15.0,1.0,26.0,38900000.0,1194.0,6.0,0.0,6030000.0,59046.0,0.007878,26.1,-2.9,1.0,26.0,272000.0,50.0,1.0,1.0,300.0,-4.974,0.0,50.0,2.3600000000000002e-07,3.0,0.0,0.0,0.0,0.0,0.0,0.001,0.02,0.004,0.004,0.00397,0.0075,2,Loc1_2m|UDP|DL|1,UDP,DL,1,18
Loc1_2m,2026-08-02 15:16:55.010722,0,0.0,0x4601,15.0,1.0,26.0,38800000.0,1192.0,8.0,0.0,6020000.0,59046.0,-0.006122,26.8,-1.8,1.0,26.0,315000.0,50.0,1.0,1.0,360.0,-4.995,0.0,50.0,2.41e-07,0.0,0.0,0.0,0.0,0.0,0.0,0.001,0.02,0.004,0.004,0.00397,0.0075,2,Loc1_2m|UDP|DL|1,UDP,DL,1,19
Loc1_2m,2026-08-02 15:16:56.010804,0,0.0,0x4601,15.0,1.0,26.0,38900000.0,1194.0,6.0,0.0,6020000.0,59037.0,0.006879,26.4,-2.4,1.0,25.0,301000.0,50.0,2.0,3.0,359.0,-4.992,0.0,50.0,2.39e-07,2.0,0.0,0.0,0.0,0.0,0.0,0.001,0.02,0.004,0.004,0.00397,0.0075,2,Loc1_2m|UDP|DL|1,UDP,DL,1,20
Loc1_2m,2026-08-02 15:17:08.010782,0,0.0,0x4601,15.0,1.0,19.0,27800000.0,1177.0,23.0,1.0,6070000.0,59037.0,-3.188,23.3,-4.7,1.0,23.0,271000.0,49.0,10.0,16.0,534.0,-4.996,0.0,49.0,2.55e-07,5.0,0.0,0.0,1.0,0.0,0.0,0.001,0.032,0.004,0.00399,0.00397,0.0075,2,Loc1_2m|UDP|DL|2,UDP,DL,2,5
Loc1_2m,2026-08-02 15:17:09.010733,0,0.0,0x4601,15.0,1.0,21.0,30500000.0,1199.0,1.0,0.0,6050000.0,59046.0,-2.139,23.9,-5.6,1.0,23.0,249000.0,50.0,7.0,12.0,420.0,-4.997,0.0,50.0,2.3100000000000002e-07,0.0,0.0,0.0,1.0,0.0,0.0,0.001,0.02,0.004,0.00399,0.00397,0.0075,2,Loc1_2m|UDP|DL|2,UDP,DL,2,6
Loc1_2m,2026-08-02 15:17:10.010771,0,0.0,0x4601,15.0,1.0,23.0,34200000.0,1200.0,0.0,0.0,6030000.0,59046.0,-1.089,24.9,-5.1,1.0,24.0,239000.0,50.0,2.0,3.0,287.0,-4.981,0.0,50.0,2.41e-07,5.0,0.0,0.0,0.0,0.0,0.0,0.001,0.02,0.004,0.004,0.00397,0.0075,2,Loc1_2m|UDP|DL|2,UDP,DL,2,7
Loc1_2m,2026-08-02 15:17:11.010733,0,0.0,0x4601,15.0,1.0,25.0,37100000.0,1198.0,2.0,0.0,6020000.0,59046.0,-0.2391,26.4,-2.9,1.0,26.0,275000.0,50.0,3.0,5.0,308.0,-4.996,0.0,50.0,2.48e-07,2.0,0.0,0.0,0.0,0.0,0.0,0.001,0.02,0.004,0.004,0.00397,0.0075,2,Loc1_2m|UDP|DL|2,UDP,DL,2,8
Loc1_2m,2026-08-02 15:17:12.010763,0,0.0,0x4601,15.0,1.0,26.0,38800000.0,1194.0,6.0,0.0,6020000.0,59037.0,-0.0481,24.1,-4.4,1.0,24.0,276000.0,49.0,8.0,14.0,464.0,-4.997,0.0,50.0,2.3600000000000002e-07,4.0,0.0,0.0,0.0,0.0,0.0,0.001,0.02,0.004,0.004,0.00397,0.0075,2,Loc1_2m|UDP|DL|2,UDP,DL,2,9
Loc1_2m,2026-08-02 15:17:13.010846,0,0.0,0x4601,15.0,1.0,26.0,38600000.0,1188.0,12.0,1.0,6020000.0,59046.0,-0.2331,27.8,-1.0,1.0,27.0,324000.0,50.0,2.0,3.0,348.0,-4.997,0.0,50.0,2.51e-07,2.0,0.0,0.0,0.0,0.0,0.0,0.001,0.02,0.004,0.004,0.00397,0.0075,2,Loc1_2m|UDP|DL|2,UDP,DL,2,10
Loc1_2m,2026-08-02 15:17:14.010765,0,0.0,0x4601,15.0,1.0,26.0,38800000.0,1194.0,6.0,0.0,6010000.0,59046.0,0.006895,25.2,-3.5,1.0,24.0,293000.0,50.0,6.0,10.0,469.0,-4.999,0.0,50.0,2.51e-07,1.0,0.0,0.0,0.0,0.0,0.0,0.001,0.02,0.004,0.004,0.00397,0.0075,2,Loc1_2m|UDP|DL|2,UDP,DL,2,11
Loc1_2m,2026-08-02 15:17:15.010849,0,0.0,0x4601,15.0,1.0,26.0,39000000.0,1191.0,9.0,0.0,6020000.0,59046.0,0.009894,21.4,-4.4,1.0,20.0,250000.0,49.0,1.0,2.0,672.0,-4.974,0.0,49.0,2.8800000000000004e-07,-1.0,0.0,0.0,5.0,0.0,0.0,0.001,0.04,0.004,0.00396,0.00397,0.0075,2,Loc1_2m|UDP|DL|2,UDP,DL,2,12
Loc1_2m,2026-08-02 15:17:16.010743,0,0.0,0x4601,15.0,1.0,27.0,39500000.0,1200.0,0.0,0.0,6010000.0,59037.0,0.009894,26.0,-1.5,1.0,24.0,297000.0,50.0,1.0,1.0,446.0,-4.997,0.0,50.0,2.51e-07,2.0,0.0,0.0,0.0,0.0,0.0,0.001,0.02,0.004,0.004,0.00397,0.0075,2,Loc1_2m|UDP|DL|2,UDP,DL,2,13
Loc1_2m,2026-08-02 15:17:17.010793,0,0.0,0x4601,15.0,1.0,27.0,39500000.0,1200.0,0.0,0.0,6020000.0,59046.0,0.009894,28.5,-0.5,1.0,27.0,327000.0,50.0,0.0,0.0,338.0,-4.991,0.0,50.0,2.62e-07,2.0,0.0,0.0,0.0,0.0,0.0,0.001,0.02,0.004,0.004,0.00397,0.0075,2,Loc1_2m|UDP|DL|2,UDP,DL,2,14
Loc1_2m,2026-08-02 15:17:18.010822,0,0.0,0x4601,15.0,1.0,26.0,39300000.0,1196.0,4.0,0.0,6030000.0,59046.0,-0.1751,28.3,-0.2,1.0,27.0,333000.0,50.0,0.0,0.0,344.0,-4.988,0.0,50.0,2.5700000000000004e-07,0.0,0.0,0.0,0.0,0.0,0.0,0.001,0.02,0.004,0.004,0.00397,0.0075,2,Loc1_2m|UDP|DL|2,UDP,DL,2,15
Loc1_2m,2026-08-02 15:17:19.010767,0,0.0,0x4601,15.0,1.0,26.0,38300000.0,1191.0,9.0,0.0,6020000.0,59046.0,-0.05111,28.1,-0.0,1.0,27.0,333000.0,50.0,0.0,0.0,344.0,-4.985,0.0,50.0,2.55e-07,1.0,0.0,0.0,0.0,0.0,0.0,0.001,0.02,0.004,0.004,0.00397,0.0075,2,Loc1_2m|UDP|DL|2,UDP,DL,2,16
Loc1_2m,2026-08-02 15:17:20.010798,0,0.0,0x4601,15.0,1.0,27.0,39400000.0,1199.0,1.0,0.0,6020000.0,59037.0,0.008886,24.7,-2.3,1.0,23.0,275000.0,49.0,6.0,10.0,483.0,-4.997,0.0,50.0,2.55e-07,-5.0,0.0,0.0,0.0,0.0,0.0,0.001,0.02,0.004,0.004,0.00397,0.0075,2,Loc1_2m|UDP|DL|2,UDP,DL,2,17
Loc1_2m,2026-08-02 15:17:21.010758,1,0.0,0x4601,15.0,1.0,26.0,39100000.0,1195.0,5.0,0.0,5920000.0,59046.0,0.008886,23.4,,1.0,20.0,257000.0,48.0,9.0,15.0,917.0,,0.0,50.0,2.56e-07,0.0,0.0,0.0,0.0,0.0,0.0,0.001,0.02,0.004,0.004,0.00397,0.0075,2,Loc1_2m|UDP|DL|2,UDP,DL,2,18
Loc1_2m,2026-08-02 15:17:22.010801,1,0.0,0x4601,15.0,1.0,26.0,39000000.0,1193.0,7.0,0.0,6020000.0,59025.0,-0.1171,9.8,,1.0,2.0,130000.0,50.0,1.0,1.0,2181.0,-4.951,0.0,50.0,2.63e-07,0.0,0.0,0.0,0.0,0.0,0.0,0.001,0.02,0.004,0.004,0.00397,0.0075,2,Loc1_2m|UDP|DL|2,UDP,DL,2,19
Loc1_2m,2026-08-02 15:17:23.010731,0,0.0,0x4601,15.0,1.0,26.0,38200000.0,1186.0,14.0,1.0,6020000.0,59004.0,-0.5811,27.9,-0.7,1.0,26.0,306000.0,48.0,6.0,11.0,380.0,,0.0,50.0,2.34e-07,3.0,0.0,0.0,0.0,0.0,0.0,0.001,0.02,0.004,0.004,0.00396,0.0075,2,Loc1_2m|UDP|DL|2,UDP,DL,2,20
Loc1_2m,2026-08-02 15:17:37.010820,0,0.0,0x4601,15.0,1.0,26.0,38200000.0,1194.0,6.0,0.0,6020000.0,59046.0,-0.04616,26.1,-3.6,1.0,26.0,276000.0,50.0,3.0,5.0,316.0,-4.987,0.0,50.0,2.55e-07,3.0,0.0,0.0,0.0,0.0,0.0,0.001,0.02,0.004,0.004,0.00397,0.0075,2,Loc1_2m|UDP|DL|3,UDP,DL,3,5
Loc1_2m,2026-08-02 15:17:38.010750,0,0.0,0x4601,15.0,1.0,26.0,39000000.0,1192.0,8.0,0.0,6020000.0,59025.0,-0.2992,25.9,-4.3,1.0,26.0,257000.0,50.0,4.0,7.0,298.0,-4.995,0.0,50.0,2.42e-07,5.0,0.0,0.0,0.0,0.0,0.0,0.001,0.02,0.004,0.004,0.00397,0.0075,2,Loc1_2m|UDP|DL|3,UDP,DL,3,6
Loc1_2m,2026-08-02 15:17:39.010781,0,0.0,0x4601,15.0,1.0,26.0,38600000.0,1193.0,7.0,0.0,6020000.0,59004.0,-0.1002,26.0,-3.7,1.0,26.0,266000.0,50.0,3.0,5.0,302.0,-4.995,0.0,50.0,2.49e-07,2.0,0.0,0.0,0.0,0.0,0.0,0.001,0.02,0.004,0.004,0.00396,0.0075,2,Loc1_2m|UDP|DL|3,UDP,DL,3,7
Loc1_2m,2026-08-02 15:17:40.010763,0,0.0,0x4601,15.0,1.0,26.0,38700000.0,1191.0,9.0,0.0,6010000.0,59037.0,-0.06917,24.6,-4.4,1.0,25.0,280000.0,49.0,11.0,18.0,387.0,-4.997,0.0,50.0,2.28e-07,3.0,0.0,0.0,0.0,0.0,0.0,0.001,0.02,0.004,0.004,0.00397,0.0075,2,Loc1_2m|UDP|DL|3,UDP,DL,3,8
Loc1_2m,2026-08-02 15:17:41.010758,0,0.0,0x4601,15.0,1.0,26.0,38400000.0,1187.0,13.0,1.0,6020000.0,59025.0,-0.4352,22.0,-4.9,1.0,20.0,260000.0,50.0,5.0,9.0,742.0,-4.998,0.0,50.0,2.5700000000000004e-07,2.0,0.0,0.0,1.0,0.0,0.0,0.001,0.02,0.004,0.00399,0.00397,0.0075,2,Loc1_2m|UDP|DL|3,UDP,DL,3,9
Loc1_2m,2026-08-02 15:17:42.010879,0,0.0,0x4601,15.0,1.0,26.0,38900000.0,1197.0,3.0,0.0,6020000.0,59046.0,0.003826,27.6,-1.2,1.0,26.0,325000.0,50.0,1.0,1.0,349.0,-5.0,0.0,50.0,2.710000000000001e-07,3.0,0.0,0.0,0.0,0.0,0.0,0.001,0.02,0.004,0.004,0.00397,0.0075,2,Loc1_2m|UDP|DL|3,UDP,DL,3,10
Loc1_2m,2026-08-02 15:17:43.010777,0,0.0,0x4601,15.0,1.0,26.0,38900000.0,1193.0,7.0,0.0,6020000.0,59046.0,-0.04517,26.4,-3.3,1.0,25.0,286000.0,50.0,4.0,7.0,340.0,-4.995,0.0,50.0,2.520000000000001e-07,3.0,0.0,0.0,0.0,0.0,0.0,0.001,0.02,0.004,0.004,0.00397,0.0075,2,Loc1_2m|UDP|DL|3,UDP,DL,3,11
Loc1_2m,2026-08-02 15:17:44.010839,0,0.0,0x4601,15.0,1.0,26.0,39000000.0,1195.0,5.0,0.0,6010000.0,59037.0,0.008826,28.1,-0.7,1.0,27.0,330000.0,50.0,0.0,0.0,342.0,-4.992,0.0,50.0,2.65e-07,4.0,0.0,0.0,0.0,0.0,0.0,0.001,0.02,0.004,0.004,0.00397,0.0075,2,Loc1_2m|UDP|DL|3,UDP,DL,3,12
Loc1_2m,2026-08-02 15:17:45.010804,0,0.0,0x4601,15.0,1.0,26.0,39100000.0,1195.0,5.0,0.0,6020000.0,59025.0,-0.02317,24.3,-5.9,1.0,23.0,241000.0,50.0,7.0,12.0,340.0,-4.994,0.0,50.0,2.5700000000000004e-07,1.0,0.0,0.0,0.0,0.0,0.0,0.001,0.02,0.004,0.004,0.00396,0.0075,2,Loc1_2m|UDP|DL|3,UDP,DL,3,13
Loc1_2m,2026-08-02 15:17:46.010732,0,0.0,0x4601,15.0,1.0,26.0,39100000.0,1195.0,5.0,0.0,6030000.0,59046.0,-0.07417,23.9,-3.6,1.0,23.0,277000.0,50.0,5.0,9.0,520.0,-4.999,0.0,50.0,2.75e-07,-5.0,0.0,0.0,1.0,0.0,0.0,0.001,0.02,0.004,0.00399,0.00396,0.0075,2,Loc1_2m|UDP|DL|3,UDP,DL,3,14
Loc1_2m,2026-08-02 15:17:47.010854,0,0.0,0x4601,15.0,1.0,26.0,38300000.0,1188.0,12.0,1.0,6020000.0,59046.0,-0.4042,23.8,-3.5,1.0,23.0,276000.0,50.0,6.0,10.0,599.0,-4.988,0.0,50.0,2.3500000000000005e-07,2.0,0.0,0.0,1.0,0.0,0.0,0.001,0.02,0.004,0.00399,0.00397,0.0075,2,Loc1_2m|UDP|DL|3,UDP,DL,3,15
Loc1_2m,2026-08-02 15:17:48.010798,0,0.0,0x4601,15.0,1.0,26.0,38200000.0,1189.0,11.0,0.0,6020000.0,59016.0,-0.4542,27.6,-1.5,1.0,26.0,313000.0,50.0,1.0,1.0,337.0,-4.993,0.0,50.0,2.48e-07,4.0,0.0,0.0,0.0,0.0,0.0,0.001,0.02,0.004,0.004,0.00397,0.0075,2,Loc1_2m|UDP|DL|3,UDP,DL,3,16
Loc1_2m,2026-08-02 15:17:49.010825,0,0.0,0x4601,15.0,1.0,26.0,38800000.0,1195.0,5.0,0.0,6010000.0,59046.0,-0.06619,24.7,-3.8,1.0,24.0,286000.0,49.0,10.0,16.0,431.0,-4.998,0.0,50.0,2.51e-07,1.0,0.0,0.0,0.0,0.0,0.0,0.001,0.02,0.004,0.004,0.00396,0.0075,2,Loc1_2m|UDP|DL|3,UDP,DL,3,17
Loc1_2m,2026-08-02 15:17:50.010802,0,0.0,0x4601,15.0,1.0,27.0,39400000.0,1198.0,2.0,0.0,6020000.0,59046.0,-0.1512,25.7,-3.0,1.0,26.0,297000.0,49.0,8.0,14.0,371.0,-4.995,0.0,50.0,2.2500000000000002e-07,3.0,0.0,0.0,0.0,0.0,0.0,0.001,0.02,0.004,0.004,0.00396,0.0075,2,Loc1_2m|UDP|DL|3,UDP,DL,3,18
Loc1_2m,2026-08-02 15:17:51.010792,0,0.0,0x4601,15.0,1.0,26.0,39000000.0,1195.0,5.0,0.0,6010000.0,59046.0,0.005808,27.9,-1.2,1.0,27.0,318000.0,50.0,1.0,1.0,335.0,-4.995,0.0,50.0,2.32e-07,3.0,0.0,0.0,0.0,0.0,0.0,0.001,0.02,0.004,0.004,0.00397,0.0075,2,Loc1_2m|UDP|DL|3,UDP,DL,3,19
Loc1_2m,2026-08-02 15:17:52.010886,0,0.0,0x4601,15.0,1.0,26.0,39000000.0,1193.0,7.0,0.0,6020000.0,59037.0,-0.1472,26.8,-2.4,1.0,26.0,316000.0,50.0,4.0,7.0,368.0,-4.996,0.0,50.0,2.43e-07,3.0,0.0,0.0,0.0,0.0,0.0,0.001,0.02,0.004,0.004,0.00397,0.0075,2,Loc1_2m|UDP|DL|3,UDP,DL,3,20
Loc1_2m,2026-08-02 15:18:18.010892,0,0.0,0x4601,14.0,1.0,22.0,175000.0,101.0,0.0,0.0,0.0,285.0,-1.04,21.8,-4.2,1.0,20.0,19000000.0,638.0,162.0,20.0,37191.0,-4.996,700000.0,0.0,2.830000000000001e-07,-2.0,0.0,0.0,0.0,0.0,0.0,0.02,0.002,0.004,0.004,,,2,Loc1_2m|UDP|UL|1,UDP,UL,1,5
Loc1_2m,2026-08-02 15:18:19.010835,0,0.0,0x4601,14.0,1.0,23.0,312000.0,109.0,7.0,6.0,0.0,536.0,-1.542,20.2,-5.4,1.0,20.0,15300000.0,560.0,240.0,30.0,36886.0,-5.0,700000.0,0.0,2.73e-07,-2.0,0.0,0.0,0.0,0.0,0.0,0.02,0.002,0.004,0.004,,,2,Loc1_2m|UDP|UL|1,UDP,UL,1,6
Loc1_2m,2026-08-02 15:18:20.010875,0,0.0,0x4601,14.0,1.0,22.0,106000.0,100.0,1.0,0.0,0.0,200.0,-1.572,21.9,-4.9,1.0,21.0,18900000.0,604.0,196.0,24.0,36999.0,-4.997,700000.0,0.0,2.63e-07,-2.0,0.0,0.0,0.0,0.0,0.0,0.015,0.002,0.004,0.004,,,2,Loc1_2m|UDP|UL|1,UDP,UL,1,7
Loc1_2m,2026-08-02 15:18:21.010891,0,0.0,0x4601,14.0,1.0,22.0,112000.0,92.0,1.0,1.0,0.0,184.0,-1.58,20.3,-5.0,1.0,19.0,14600000.0,567.0,233.0,29.0,36912.0,-5.0,700000.0,0.0,2.710000000000001e-07,-2.0,0.0,0.0,0.0,0.0,0.0,0.02,0.002,0.004,0.004,,,2,Loc1_2m|UDP|UL|1,UDP,UL,1,8
Loc1_2m,2026-08-02 15:18:22.010856,0,0.0,0x4601,15.0,1.0,22.0,116000.0,95.0,0.0,0.0,0.0,190.0,-1.506,20.5,-4.4,1.0,19.0,12200000.0,514.0,286.0,35.0,36817.0,-5.0,700000.0,0.0,2.640000000000001e-07,-2.0,0.0,0.0,0.0,0.0,0.0,0.017,0.002,0.004,0.004,,,2,Loc1_2m|UDP|UL|1,UDP,UL,1,9
Loc1_2m,2026-08-02 15:18:23.010917,0,0.0,0x4601,15.0,1.0,22.0,72700.0,70.0,1.0,1.0,0.0,142.0,-1.541,18.5,-5.0,1.0,20.0,6150000.0,363.0,437.0,54.0,36219.0,-5.0,700000.0,0.0,2.900000000000001e-07,-2.0,0.0,0.0,0.0,0.0,0.0,0.025,0.002,0.004,0.004,,,2,Loc1_2m|UDP|UL|1,UDP,UL,1,10
Loc1_2m,2026-08-02 15:18:24.010848,0,0.0,0x4601,15.0,1.0,22.0,96200.0,78.0,1.0,1.0,0.0,160.0,-1.563,18.3,-4.7,1.0,19.0,6720000.0,395.0,405.0,50.0,36324.0,-5.0,700000.0,0.0,2.75e-07,-2.0,0.0,0.0,0.0,0.0,0.0,0.025,0.002,0.004,0.004,,,2,Loc1_2m|UDP|UL|1,UDP,UL,1,11
Loc1_2m,2026-08-02 15:18:25.010895,0,0.0,0x4601,15.0,1.0,23.0,101000.0,81.0,1.0,1.0,0.0,164.0,-1.589,19.3,-4.3,1.0,19.0,8780000.0,446.0,354.0,44.0,36574.0,-4.999,700000.0,0.0,2.73e-07,-2.0,0.0,0.0,0.0,0.0,0.0,0.022,0.002,0.004,0.004,,,2,Loc1_2m|UDP|UL|1,UDP,UL,1,12
Loc1_2m,2026-08-02 15:18:26.010943,0,0.0,0x4601,15.0,1.0,23.0,85500.0,86.0,0.0,0.0,0.0,171.0,-1.514,18.9,-4.5,1.0,19.0,7910000.0,421.0,379.0,47.0,36479.0,-5.0,700000.0,0.0,2.79e-07,-2.0,0.0,0.0,0.0,0.0,0.0,0.023,0.002,0.004,0.004,,,2,Loc1_2m|UDP|UL|1,UDP,UL,1,13
Loc1_2m,2026-08-02 15:18:27.010857,0,0.0,0x4601,15.0,1.0,23.0,117000.0,89.0,3.0,3.0,0.0,185.0,-1.721,21.2,-4.7,1.0,20.0,13100000.0,506.0,294.0,36.0,36790.0,-4.999,700000.0,0.0,2.8100000000000004e-07,-1.0,0.0,0.0,0.0,0.0,0.0,0.02,0.002,0.004,0.004,,,2,Loc1_2m|UDP|UL|1,UDP,UL,1,14
Loc1_2m,2026-08-02 15:18:28.010932,0,0.0,0x4601,15.0,1.0,23.0,119000.0,92.0,4.0,4.0,0.0,194.0,-2.043,21.5,-4.8,1.0,21.0,15500000.0,548.0,252.0,31.0,36893.0,-4.982,700000.0,0.0,2.82e-07,-2.0,0.0,0.0,0.0,0.0,0.0,0.021,0.002,0.00401,0.004,,,2,Loc1_2m|UDP|UL|1,UDP,UL,1,15
Loc1_2m,2026-08-02 15:18:29.010846,0,0.0,0x4601,15.0,1.0,22.0,72400.0,83.0,0.0,0.0,0.0,167.0,-1.961,19.1,-4.5,1.0,19.0,11800000.0,501.0,299.0,37.0,36774.0,-5.0,700000.0,0.0,2.77e-07,-2.0,0.0,0.0,0.0,0.0,0.0,0.023,0.002,0.004,0.004,,,2,Loc1_2m|UDP|UL|1,UDP,UL,1,16
Loc1_2m,2026-08-02 15:18:30.010892,0,0.0,0x4601,15.0,1.0,22.0,106000.0,100.0,0.0,0.0,0.0,198.0,-1.893,22.5,-5.6,1.0,21.0,20900000.0,657.0,143.0,17.0,37130.0,-4.996,700000.0,0.0,2.58e-07,-2.0,0.0,0.0,0.0,0.0,0.0,0.012,0.002,0.004,0.004,,,2,Loc1_2m|UDP|UL|1,UDP,UL,1,17
Loc1_2m,2026-08-02 15:18:31.010848,0,0.0,0x4601,15.0,1.0,22.0,141000.0,96.0,0.0,0.0,0.0,192.0,-1.816,20.9,-6.1,1.0,18.0,18700000.0,685.0,115.0,14.0,37170.0,-5.0,700000.0,0.0,2.470000000000001e-07,-1.0,0.0,0.0,0.0,0.0,0.0,0.016,0.002,0.004,0.004,,,2,Loc1_2m|UDP|UL|1,UDP,UL,1,18
Loc1_2m,2026-08-02 15:18:32.010863,0,0.0,0x4601,15.0,1.0,22.0,127000.0,98.0,0.0,0.0,0.0,196.0,-1.718,20.1,-3.9,1.0,16.0,17300000.0,708.0,92.0,11.0,37259.0,-5.0,700000.0,0.0,2.2900000000000005e-07,-2.0,0.0,0.0,0.0,0.0,0.0,0.016,0.002,0.004,0.004,,,2,Loc1_2m|UDP|UL|1,UDP,UL,1,19
Loc1_2m,2026-08-02 15:18:33.010947,0,0.0,0x4601,15.0,1.0,22.0,132000.0,96.0,0.0,0.0,0.0,192.0,-1.623,21.3,-2.6,1.0,19.0,18700000.0,663.0,137.0,17.0,37256.0,-4.996,700000.0,0.0,2.28e-07,-3.0,0.0,0.0,0.0,0.0,0.0,0.022,0.002,0.004,0.004,,,2,Loc1_2m|UDP|UL|1,UDP,UL,1,20
Loc1_2m,2026-08-02 15:18:44.010875,0,0.0,0x4601,15.0,1.0,23.0,97200.0,94.0,2.0,2.0,0.0,194.0,-1.678,22.2,-4.2,1.0,21.0,19300000.0,619.0,181.0,22.0,37033.0,-4.996,700000.0,0.0,2.470000000000001e-07,-1.0,0.0,0.0,0.0,0.0,0.0,0.021,0.002,0.004,0.004,,,2,Loc1_2m|UDP|UL|2,UDP,UL,2,5
Loc1_2m,2026-08-02 15:18:45.010936,0,0.0,0x4601,15.0,1.0,22.0,99900.0,98.0,5.0,4.0,0.0,205.0,-2.079,22.0,-3.1,1.0,20.0,19800000.0,647.0,153.0,19.0,37231.0,-4.996,700000.0,0.0,2.51e-07,-2.0,0.0,0.0,0.0,0.0,0.0,0.017,0.002,0.004,0.004,,,2,Loc1_2m|UDP|UL|2,UDP,UL,2,6
Loc1_2m,2026-08-02 15:18:46.010881,0,0.0,0x4601,15.0,1.0,21.0,127000.0,98.0,1.0,1.0,0.0,200.0,-2.093,21.3,-6.1,1.0,19.0,17700000.0,634.0,166.0,20.0,37055.0,-4.948,700000.0,0.0,2.41e-07,-2.0,0.0,0.0,0.0,0.0,0.0,0.017,0.002,0.004,0.004,,,2,Loc1_2m|UDP|UL|2,UDP,UL,2,7
Loc1_2m,2026-08-02 15:18:47.010908,0,0.0,0x4601,15.0,1.0,21.0,144000.0,101.0,0.0,0.0,0.0,206.0,-2.038,22.5,-4.2,1.0,21.0,20900000.0,654.0,146.0,18.0,37131.0,-5.0,700000.0,0.0,2.34e-07,-1.0,0.0,0.0,0.0,0.0,0.0,0.011,0.002,0.004,0.004,,,2,Loc1_2m|UDP|UL|2,UDP,UL,2,8
Loc1_2m,2026-08-02 15:18:48.010858,0,0.0,0x4601,15.0,1.0,22.0,85100.0,84.0,0.0,0.0,0.0,205.0,-1.974,18.1,-5.3,1.0,19.0,12000000.0,516.0,284.0,35.0,36724.0,-5.0,700000.0,0.0,2.3800000000000001e-07,-1.0,0.0,0.0,0.0,0.0,0.0,0.02,0.002,0.004,0.004,,,2,Loc1_2m|UDP|UL|2,UDP,UL,2,9
Loc1_2m,2026-08-02 15:18:49.010930,0,0.0,0x4601,15.0,1.0,23.0,238000.0,106.0,0.0,0.0,0.0,598.0,-1.872,19.5,-3.1,1.0,19.0,16900000.0,611.0,189.0,23.0,37092.0,-4.996,700000.0,0.0,2.48e-07,-2.0,0.0,0.0,0.0,0.0,0.0,0.02,0.002,0.004,0.004,,,2,Loc1_2m|UDP|UL|2,UDP,UL,2,10
Loc1_2m,2026-08-02 15:18:50.010963,0,0.0,0x4601,15.0,1.0,23.0,558000.0,166.0,2.0,1.0,0.0,1578.0,-1.917,20.1,-2.5,1.0,16.0,17300000.0,726.0,74.0,9.0,37365.0,-4.999,700000.0,0.0,2.5000000000000004e-07,-2.0,0.0,0.0,0.0,0.0,0.0,0.02,0.002,0.004,0.004,,,2,Loc1_2m|UDP|UL|2,UDP,UL,2,11
Loc1_2m,2026-08-02 15:18:51.010849,0,0.0,0x4601,15.0,1.0,22.0,273000.0,116.0,4.0,3.0,0.0,491.0,-2.198,21.8,-2.7,1.0,19.0,18300000.0,634.0,166.0,20.0,37268.0,-5.0,700000.0,0.0,2.590000000000001e-07,-2.0,0.0,0.0,0.0,0.0,0.0,0.018,0.002,0.004,0.004,,,2,Loc1_2m|UDP|UL|2,UDP,UL,2,12
Loc1_2m,2026-08-02 15:18:52.010937,0,0.0,0x4601,15.0,1.0,21.0,75000.0,99.0,0.0,0.0,0.0,224.0,-2.099,21.5,-5.4,1.0,19.0,19000000.0,659.0,141.0,17.0,37146.0,-4.997,700000.0,0.0,2.41e-07,-2.0,0.0,0.0,0.0,0.0,0.0,0.016,0.002,0.004,0.004,,,2,Loc1_2m|UDP|UL|2,UDP,UL,2,13
Loc1_2m,2026-08-02 15:18:53.010854,0,0.0,0x4601,15.0,1.0,21.0,178000.0,110.0,0.0,0.0,0.0,405.0,-1.999,22.4,-4.1,1.0,21.0,21700000.0,665.0,135.0,16.0,37172.0,-4.996,700000.0,0.0,2.7e-07,-2.0,0.0,0.0,0.0,0.0,0.0,0.02,0.002,0.004,0.004,,,2,Loc1_2m|UDP|UL|2,UDP,UL,2,14
Loc1_2m,2026-08-02 15:18:54.010895,0,0.0,0x4601,15.0,1.0,23.0,253000.0,133.0,0.0,0.0,0.0,409.0,-1.896,20.1,-4.5,1.0,17.0,17300000.0,688.0,112.0,14.0,37227.0,-4.996,700000.0,0.0,2.5000000000000004e-07,-1.0,0.0,0.0,0.0,0.0,0.0,0.019,0.002,0.004,0.004,,,2,Loc1_2m|UDP|UL|2,UDP,UL,2,15
Loc1_2m,2026-08-02 15:18:55.010979,0,0.0,0x4601,15.0,1.0,23.0,138000.0,101.0,0.0,0.0,0.0,202.0,-1.817,20.9,-4.5,1.0,19.0,17300000.0,634.0,166.0,20.0,37228.0,-4.995,700000.0,0.0,2.56e-07,-2.0,0.0,0.0,0.0,0.0,0.0,0.016,0.002,0.004,0.004,,,2,Loc1_2m|UDP|UL|2,UDP,UL,2,16
Loc1_2m,2026-08-02 15:18:56.010882,0,0.0,0x4601,15.0,1.0,23.0,139000.0,96.0,0.0,0.0,0.0,196.0,-1.733,21.7,-3.3,1.0,21.0,19500000.0,627.0,173.0,21.0,37098.0,-5.0,700000.0,0.0,2.63e-07,-1.0,0.0,0.0,0.0,0.0,0.0,0.02,0.002,0.004,0.004,,,2,Loc1_2m|UDP|UL|2,UDP,UL,2,17
Loc1_2m,2026-08-02 15:18:57.010966,0,0.0,0x4601,15.0,1.0,23.0,41900.0,98.0,1.0,1.0,0.0,200.0,-1.735,16.9,-0.2,1.0,11.0,11800000.0,745.0,55.0,6.0,37392.0,-5.0,700000.0,0.0,2.66e-07,-1.0,0.0,0.0,0.0,0.0,0.0,0.016,0.002,0.004,0.004,,,2,Loc1_2m|UDP|UL|2,UDP,UL,2,18
Loc1_2m,2026-08-02 15:18:58.010900,0,0.0,0x4601,15.0,1.0,23.0,100000.0,100.0,0.0,0.0,0.0,198.0,-1.636,24.0,-4.1,1.0,23.0,25500000.0,679.0,121.0,15.0,37129.0,-4.984,700000.0,0.0,2.51e-07,-2.0,0.0,0.0,0.0,0.0,0.0,0.015,0.002,0.004,0.004,,,2,Loc1_2m|UDP|UL|2,UDP,UL,2,19
Loc1_2m,2026-08-02 15:18:59.010949,0,0.0,0x4601,15.0,1.0,23.0,160000.0,100.0,0.0,0.0,0.0,200.0,-1.536,24.0,-4.1,1.0,23.0,26100000.0,686.0,114.0,14.0,37077.0,-4.996,700000.0,0.0,2.5700000000000004e-07,-2.0,0.0,0.0,0.0,0.0,0.0,0.01,0.002,0.004,0.004,,,2,Loc1_2m|UDP|UL|2,UDP,UL,2,20
Loc1_2m,2026-08-02 15:19:13.010931,0,0.0,0x4601,14.0,1.0,22.0,67600.0,91.0,1.0,1.0,0.0,183.0,-1.57,19.6,-6.7,1.0,18.0,14100000.0,586.0,214.0,26.0,36878.0,-4.996,700000.0,0.0,2.520000000000001e-07,-2.0,0.0,0.0,0.0,0.0,0.0,0.023,0.002,0.004,0.004,,,2,Loc1_2m|UDP|UL|3,UDP,UL,3,5
Loc1_2m,2026-08-02 15:19:14.010947,0,0.0,0x4601,15.0,1.0,22.0,110000.0,96.0,0.0,0.0,0.0,192.0,-1.496,22.3,-3.7,1.0,21.0,19600000.0,614.0,186.0,23.0,37111.0,-4.989,700000.0,0.0,2.62e-07,-2.0,0.0,0.0,0.0,0.0,0.0,0.017,0.002,0.004,0.004,,,2,Loc1_2m|UDP|UL|3,UDP,UL,3,6
Loc1_2m,2026-08-02 15:19:15.010929,0,0.0,0x4601,14.0,1.0,22.0,133000.0,95.0,1.0,1.0,0.0,192.0,-1.507,22.0,-4.4,1.0,21.0,18500000.0,611.0,189.0,23.0,37008.0,-4.996,700000.0,0.0,2.68e-07,-1.0,0.0,0.0,0.0,0.0,0.0,0.019,0.002,0.004,0.004,,,2,Loc1_2m|UDP|UL|3,UDP,UL,3,7
Loc1_2m,2026-08-02 15:19:16.010954,0,0.0,0x4601,14.0,1.0,22.0,137000.0,96.0,0.0,0.0,0.0,194.0,-1.446,21.1,-2.9,1.0,19.0,17800000.0,647.0,153.0,19.0,37237.0,-4.999,700000.0,0.0,2.77e-07,-1.0,0.0,0.0,0.0,0.0,0.0,0.02,0.002,0.004,0.004,,,2,Loc1_2m|UDP|UL|3,UDP,UL,3,8
Loc1_2m,2026-08-02 15:19:17.011018,0,0.0,0x4601,14.0,1.0,22.0,121000.0,91.0,2.0,2.0,0.0,184.0,-1.56,21.0,-5.3,1.0,20.0,16100000.000000002,580.0,220.0,27.0,36997.0,-4.996,700000.0,0.0,2.34e-07,-1.0,0.0,0.0,0.0,0.0,0.0,0.035,0.002,0.004,0.004,,,2,Loc1_2m|UDP|UL|3,UDP,UL,3,9
Loc1_2m,2026-08-02 15:19:18.010908,0,0.0,0x4601,14.0,1.0,21.0,99100.0,94.0,0.0,0.0,0.0,195.0,-1.49,20.6,-4.2,1.0,20.0,17600000.0,603.0,197.0,24.0,36990.0,-4.996,700000.0,0.0,2.39e-07,-1.0,0.0,0.0,0.0,0.0,0.0,0.021,0.002,0.004,0.004,,,2,Loc1_2m|UDP|UL|3,UDP,UL,3,10
Loc1_2m,2026-08-02 15:19:19.011012,0,0.0,0x4601,14.0,1.0,22.0,86400.0,99.0,0.0,0.0,0.0,198.0,-1.414,22.4,-3.7,1.0,21.0,20500000.0,649.0,151.0,18.0,37215.0,-4.996,700000.0,0.0,2.58e-07,-2.0,0.0,0.0,0.0,0.0,0.0,0.02,0.002,0.004,0.004,,,2,Loc1_2m|UDP|UL|3,UDP,UL,3,11
Loc1_2m,2026-08-02 15:19:20.010911,0,0.0,0x4601,14.0,1.0,22.0,92000.0,88.0,0.0,0.0,0.0,176.0,-1.333,15.4,-8.9,1.0,12.0,10300000.0,669.0,131.0,16.0,37184.0,-4.796,700000.0,0.0,2.640000000000001e-07,-1.0,0.0,0.0,0.0,0.0,0.0,0.026,0.002,0.004,0.004,,,2,Loc1_2m|UDP|UL|3,UDP,UL,3,12
Loc1_2m,2026-08-02 15:19:21.010995,0,0.0,0x4601,14.0,1.0,22.0,103000.0,92.0,2.0,2.0,0.0,188.0,-1.446,19.6,-5.1,1.0,17.0,13800000.0,589.0,211.0,26.0,37074.0,-5.0,700000.0,0.0,2.49e-07,-1.0,0.0,0.0,0.0,0.0,0.0,0.021,0.002,0.004,0.004,,,2,Loc1_2m|UDP|UL|3,UDP,UL,3,13
Loc1_2m,2026-08-02 15:19:22.010897,0,0.0,0x4601,14.0,1.0,22.0,51300.0,93.0,0.0,0.0,0.0,189.0,-1.354,19.5,-3.8,1.0,17.0,14500000.0,611.0,189.0,23.0,37018.0,-4.997,700000.0,0.0,2.2300000000000002e-07,-3.0,0.0,0.0,0.0,0.0,0.0,0.02,0.002,0.004,0.004,,,2,Loc1_2m|UDP|UL|3,UDP,UL,3,14
Loc1_2m,2026-08-02 15:19:23.010899,0,0.0,0x4601,14.0,1.0,22.0,112000.0,93.0,0.0,0.0,0.0,190.0,-1.281,18.6,-4.7,1.0,15.0,13700000.0,656.0,144.0,18.0,37133.0,-4.996,700000.0,0.0,2.46e-07,-1.0,0.0,0.0,0.0,0.0,0.0,0.024,0.002,0.004,0.004,,,2,Loc1_2m|UDP|UL|3,UDP,UL,3,15
Loc1_2m,2026-08-02 15:19:24.010985,0,0.0,0x4601,14.0,1.0,22.0,89100.0,94.0,0.0,0.0,0.0,186.0,-1.19,20.3,-5.1,1.0,19.0,14100000.0,560.0,240.0,30.0,36945.0,-5.0,700000.0,0.0,2.67e-07,-1.0,0.0,0.0,0.0,0.0,0.0,0.023,0.002,0.004,0.004,,,2,Loc1_2m|UDP|UL|3,UDP,UL,3,16
Loc1_2m,2026-08-02 15:19:25.010941,0,0.0,0x4601,14.0,1.0,22.0,79300.0,72.0,0.0,0.0,0.0,144.0,-1.121,16.1,-6.7,1.0,18.0,4980000.0,365.0,435.0,54.0,36259.0,-4.999,700000.0,0.0,2.77e-07,-2.0,0.0,0.0,0.0,0.0,0.0,0.02,0.002,0.004,0.004,,,2,Loc1_2m|UDP|UL|3,UDP,UL,3,17
Loc1_2m,2026-08-02 15:19:26.011017,0,0.0,0x4601,14.0,1.0,22.0,107000.0,87.0,0.0,0.0,0.0,176.0,-1.05,19.4,-8.0,1.0,18.0,11600000.0,538.0,262.0,32.0,36871.0,-5.0,700000.0,0.0,2.62e-07,0.0,0.0,0.0,0.0,0.0,0.0,0.021,0.002,0.004,0.004,,,2,Loc1_2m|UDP|UL|3,UDP,UL,3,18
Loc1_2m,2026-08-02 15:19:27.010917,0,0.0,0x4601,14.0,1.0,23.0,84300.0,83.0,0.0,0.0,0.0,168.0,-0.976,17.0,-7.7,1.0,16.0,9610000.0,529.0,271.0,33.0,36855.0,-5.0,700000.0,0.0,2.55e-07,-1.0,0.0,0.0,0.0,0.0,0.0,0.029,0.002,0.00401,0.004,,,2,Loc1_2m|UDP|UL|3,UDP,UL,3,19
Loc1_2m,2026-08-02 15:19:28.010993,0,0.0,0x4601,15.0,1.0,24.0,61400.0,87.0,6.0,6.0,0.0,191.0,-1.487,19.1,-4.6,1.0,18.0,14600000.0,580.0,220.0,27.0,36959.0,-4.98,700000.0,0.0,2.640000000000001e-07,-1.0,0.0,0.0,0.0,0.0,0.0,0.02,0.002,0.004,0.004,,,2,Loc1_2m|UDP|UL|3,UDP,UL,3,20
Loc2_5m,2026-08-02 15:32:46.007167,0,0.0,0x4601,11.0,1.0,16.0,22900000.0,1183.0,17.0,1.0,395000.0,59046.0,-0.824,25.6,-3.1,1.0,25.0,745000.0,95.0,10.0,9.0,978.0,-4.996,0.0,16.0,2.8e-07,-10.0,0.0,0.0,0.0,0.0,0.0,0.001,0.03,0.004,0.004,0.00396,0.0075,5,Loc2_5m|TCP|DL|1,TCP,DL,1,5
Loc2_5m,2026-08-02 15:32:47.007072,0,0.0,0x4601,11.0,1.0,16.0,21500000.0,1115.0,13.0,1.0,55400.0,55258.0,-1.136,20.3,-7.9,1.0,22.0,1270000.0,94.0,68.0,41.0,5191.0,,2810.0,16.0,3.04e-07,-9.0,0.0,0.0,0.0,0.0,0.0,0.021,0.097,0.00405,0.004,0.00396,0.00734,5,Loc2_5m|TCP|DL|1,TCP,DL,1,6
Loc2_5m,2026-08-02 15:32:48.007141,0,0.0,0x4601,12.0,1.0,16.0,23100000.0,1182.0,18.0,1.0,254000.0,59025.0,-1.881,25.5,-2.7,1.0,25.0,649000.0,96.0,6.0,5.0,920.0,-4.999,0.0,26.0,3.37e-07,-15.0,0.0,0.0,0.0,0.0,0.0,0.001,0.025,0.004,0.004,0.00396,0.0075,5,Loc2_5m|TCP|DL|1,TCP,DL,1,7
Loc2_5m,2026-08-02 15:32:49.007058,0,0.0,0x4601,11.0,1.0,16.0,22700000.0,1199.0,1.0,0.0,282000.0,59046.0,-0.9309,23.1,-4.9,1.0,21.0,542000.0,93.0,7.0,7.0,1320.0,-4.998,745.0,27.0,3.400000000000001e-07,-7.0,0.0,0.0,0.0,0.0,0.0,0.001,0.03,0.004,0.004,0.00396,0.0075,5,Loc2_5m|TCP|DL|1,TCP,DL,1,8
Loc2_5m,2026-08-02 15:32:50.007115,0,0.0,0x4601,11.0,1.0,17.0,25300000.0,1195.0,5.0,0.0,254000.0,59025.0,-0.3809,23.8,-4.9,1.0,23.0,570000.0,99.0,14.0,12.0,1086.0,-4.999,384.0,20.0,3.520000000000001e-07,-8.0,0.0,0.0,0.0,0.0,0.0,0.001,0.03,0.004,0.004,0.00396,0.00738,5,Loc2_5m|TCP|DL|1,TCP,DL,1,9
Loc2_5m,2026-08-02 15:32:51.007160,0,0.0,0x4601,11.0,1.0,17.0,22900000.0,1112.0,11.0,0.0,128000.0,54833.0,-0.498,20.3,-6.3,1.0,18.0,606000.0,93.0,13.0,12.0,2253.0,-4.995,745.0,24.0,3.260000000000001e-07,-8.0,0.0,0.0,0.0,0.0,0.0,0.024,0.097,0.004,0.004,0.00397,0.0075,5,Loc2_5m|TCP|DL|1,TCP,DL,1,10
Loc2_5m,2026-08-02 15:32:52.007081,0,0.0,0x4601,11.0,1.0,18.0,26000000.0,1194.0,6.0,0.0,226000.0,59025.0,-0.04795,26.9,-1.2,1.0,27.0,557000.0,86.0,1.0,1.0,589.0,-4.97,74.0,35.0,3.1e-07,-5.0,0.0,0.0,0.0,0.0,0.0,0.001,0.025,0.004,0.004,0.00396,0.0075,5,Loc2_5m|TCP|DL|1,TCP,DL,1,11
Loc2_5m,2026-08-02 15:32:53.007124,0,0.0,0x4601,11.0,1.0,18.0,26100000.0,1189.0,11.0,0.0,237000.0,58983.0,0.001046,25.6,-3.4,1.0,25.0,518000.0,85.0,10.0,10.0,667.0,-4.998,1040.0,26.0,3.550000000000001e-07,-2.0,0.0,0.0,0.0,0.0,0.0,0.001,0.025,0.004,0.004,0.00396,0.0075,5,Loc2_5m|TCP|DL|1,TCP,DL,1,12
Loc2_5m,2026-08-02 15:32:54.007066,0,0.0,0x4601,11.0,1.0,18.0,26300000.0,1188.0,12.0,1.0,249000.0,59046.0,-0.148,25.1,-4.0,1.0,25.0,512000.0,85.0,17.0,16.0,767.0,-4.999,2010.0,21.0,3.68e-07,-4.0,0.0,0.0,0.0,0.0,0.0,0.001,0.027,0.004,0.004,0.00396,0.0075,5,Loc2_5m|TCP|DL|1,TCP,DL,1,13
Loc2_5m,2026-08-02 15:32:55.007109,0,0.0,0x4601,11.0,1.0,18.0,25900000.0,1190.0,10.0,0.0,339000.0,59016.0,-0.09696,23.8,-5.6,1.0,23.0,526000.0,94.0,28.0,22.0,1156.0,-4.999,535.0,17.0,3.59e-07,-5.0,0.0,0.0,0.0,0.0,0.0,0.001,0.027,0.004,0.004,0.00397,0.0075,5,Loc2_5m|TCP|DL|1,TCP,DL,1,14
Loc2_5m,2026-08-02 15:32:56.007155,0,0.0,0x4601,11.0,1.0,18.0,22000000.0,1020.0,11.0,1.0,157000.0,49944.0,-0.295,17.6,-9.9,1.0,15.0,639000.0,107.0,44.0,29.0,4020.0,-4.995,0.0,22.0,3.380000000000001e-07,-14.0,0.0,0.0,0.0,0.0,0.0,0.021,0.09,0.00401,0.004,0.00396,0.0072699999999999,5,Loc2_5m|TCP|DL|1,TCP,DL,1,15
Loc2_5m,2026-08-02 15:32:57.007101,0,0.0,0x4601,11.0,1.0,18.0,25900000.0,1192.0,8.0,0.0,220000.0,59004.0,-0.04396,24.7,-4.8,1.0,25.0,503000.0,86.0,29.0,25.0,875.0,-4.996,102.0,20.0,3.0500000000000004e-07,-5.0,0.0,0.0,0.0,0.0,0.0,0.001,0.027,0.004,0.004,0.00396,0.00738,5,Loc2_5m|TCP|DL|1,TCP,DL,1,16
Loc2_5m,2026-08-02 15:32:58.007112,0,0.0,0x4601,11.0,1.0,18.0,22200000.0,1047.0,11.0,1.0,191000.0,51330.0,-0.218,22.9,-6.3,1.0,23.0,463000.0,74.0,29.0,28.0,1399.0,-4.998,0.0,21.0,3.41e-07,-6.0,0.0,0.0,0.0,0.0,0.0,0.03,0.097,0.004,0.004,0.00397,0.00714,5,Loc2_5m|TCP|DL|1,TCP,DL,1,17
Loc2_5m,2026-08-02 15:32:59.007041,0,0.0,0x4601,11.0,1.0,18.0,26000000.0,1190.0,10.0,0.0,216000.0,58995.0,-0.168,25.1,-4.2,1.0,25.0,491000.0,87.0,18.0,17.0,738.0,-4.995,1040.0,19.0,3.16e-07,-4.0,0.0,0.0,0.0,0.0,0.0,0.001,0.03,0.004,0.004,0.00396,0.0075,5,Loc2_5m|TCP|DL|1,TCP,DL,1,18
Loc2_5m,2026-08-02 15:33:00.007120,0,0.0,0x4601,11.0,1.0,18.0,26000000.0,1190.0,10.0,0.0,269000.0,59004.0,-0.118,25.5,-3.7,1.0,25.0,520000.0,81.0,8.0,8.0,661.0,-4.987,745.0,24.0,2.9300000000000004e-07,-4.0,0.0,0.0,0.0,0.0,0.0,0.001,0.03,0.004,0.004,0.00396,0.0075,5,Loc2_5m|TCP|DL|1,TCP,DL,1,19
Loc2_5m,2026-08-02 15:33:01.007017,0,0.0,0x4601,11.0,1.0,18.0,26000000.0,1187.0,13.0,1.0,315000.0,59004.0,-0.367,26.1,-2.6,1.0,26.0,512000.0,83.0,4.0,4.0,595.0,-4.979,1040.0,27.0,3.1700000000000005e-07,-4.0,0.0,0.0,0.0,0.0,0.0,0.001,0.027,0.004,0.004,0.00396,0.0075,5,Loc2_5m|TCP|DL|1,TCP,DL,1,20
Loc2_5m,2026-08-02 15:33:13.007120,0,0.0,0x4601,11.0,1.0,11.0,14400000.0,1125.0,75.0,6.0,1030000.0,59046.0,-3.994,26.9,-1.0,1.0,27.0,514000.0,85.0,0.0,0.0,534.0,-4.939,384.0,38.0,3.260000000000001e-07,-5.0,0.0,0.0,0.0,0.0,0.0,0.001,0.025,0.004,0.004,0.00396,0.0075,5,Loc2_5m|TCP|DL|2,TCP,DL,2,5
Loc2_5m,2026-08-02 15:33:14.007031,0,0.0,0x4601,12.0,1.0,12.0,15600000.0,1082.0,118.0,9.0,1140000.0,58899.0,-3.994,26.1,-1.6,1.0,26.0,550000.0,81.0,16.0,16.0,756.0,,535.0,37.0,3.2400000000000004e-07,-5.0,0.0,0.0,0.0,0.0,0.0,0.001,0.025,0.004,0.004,0.00396,0.00736,5,Loc2_5m|TCP|DL|2,TCP,DL,2,6
Loc2_5m,2026-08-02 15:33:15.007092,0,0.0,0x4601,11.0,1.0,11.0,14400000.0,1124.0,76.0,6.0,1490000.0,59037.0,-3.994,25.0,-2.6,1.0,25.0,529000.0,80.0,8.0,9.0,936.0,-4.977,74.0,37.0,3.140000000000001e-07,-7.0,0.0,0.0,0.0,0.0,0.0,0.001,0.027,0.004,0.004,0.00396,0.0075,5,Loc2_5m|TCP|DL|2,TCP,DL,2,7
Loc2_5m,2026-08-02 15:33:16.007020,0,0.0,0x4601,11.0,1.0,12.0,15400000.0,1095.0,105.0,8.0,1980000.0,58941.0,-3.994,26.5,-1.1,1.0,26.0,481000.0,81.0,17.0,17.0,633.0,-4.995,0.0,41.0,3.1700000000000005e-07,-7.0,0.0,0.0,0.0,0.0,0.0,0.001,0.025,0.004,0.004,0.00396,0.00738,5,Loc2_5m|TCP|DL|2,TCP,DL,2,8
Loc2_5m,2026-08-02 15:33:17.007058,0,0.0,0x4601,11.0,1.0,11.0,14200000.0,1108.0,92.0,7.0,2530000.0,58983.0,-3.994,26.8,-0.9,1.0,27.0,455000.0,76.0,3.0,3.0,496.0,-4.993,198.0,45.0,3.39e-07,-5.0,0.0,0.0,0.0,0.0,0.0,0.001,0.025,0.004,0.004,0.00397,0.0075,5,Loc2_5m|TCP|DL|2,TCP,DL,2,9
Loc2_5m,2026-08-02 15:33:18.007012,0,0.0,0x4601,10.0,1.0,10.0,13500000.0,1125.0,75.0,6.0,3210000.0,59046.0,-3.994,26.9,-0.9,1.0,27.0,409000.0,68.0,0.0,0.0,417.0,-4.97,0.0,48.0,3.49e-07,-5.0,0.0,0.0,0.0,0.0,0.0,0.001,0.025,0.004,0.004,0.00397,0.0075,5,Loc2_5m|TCP|DL|2,TCP,DL,2,10
Loc2_5m,2026-08-02 15:33:19.007033,0,0.0,0x4601,11.0,1.0,10.0,13800000.0,1124.0,76.0,6.0,3980000.0,59037.0,-3.994,27.0,-0.9,1.0,27.0,389000.0,66.0,0.0,0.0,404.0,-4.943,0.0,49.0,3.190000000000001e-07,-7.0,0.0,0.0,0.0,0.0,0.0,0.001,0.025,0.004,0.004,0.00396,0.0075,5,Loc2_5m|TCP|DL|2,TCP,DL,2,11
Loc2_5m,2026-08-02 15:33:20.007081,0,0.0,0x4601,10.0,1.0,9.0,12600000.0,1124.0,76.0,6.0,4750000.0,59046.0,-3.994,26.6,-1.2,1.0,26.0,385000.0,66.0,1.0,1.0,416.0,-4.981,0.0,50.0,3.210000000000001e-07,-5.0,0.0,0.0,0.0,0.0,0.0,0.001,0.02,0.004,0.004,0.00396,0.0075,5,Loc2_5m|TCP|DL|2,TCP,DL,2,12
Loc2_5m,2026-08-02 15:33:21.007026,0,0.0,0x4601,10.0,1.0,9.0,12600000.0,1124.0,76.0,6.0,5530000.0,59046.0,-3.994,26.7,-1.1,1.0,26.0,359000.0,65.0,1.0,1.0,380.0,-4.968,0.0,49.0,3.01e-07,-5.0,0.0,0.0,0.0,0.0,0.0,0.001,0.025,0.004,0.004,0.00396,0.0075,5,Loc2_5m|TCP|DL|2,TCP,DL,2,13
Loc2_5m,2026-08-02 15:33:22.007055,0,0.0,0x4601,11.0,1.0,10.0,13900000.0,1125.0,75.0,6.0,6130000.0,59046.0,-3.994,26.9,-0.9,1.0,27.0,397000.0,69.0,0.0,0.0,413.0,-4.936,0.0,50.0,3.190000000000001e-07,-7.0,0.0,0.0,0.0,0.0,0.0,0.001,0.02,0.004,0.004,0.00397,0.0075,5,Loc2_5m|TCP|DL|2,TCP,DL,2,14
Loc2_5m,2026-08-02 15:33:23.007022,0,0.0,0x4601,11.0,1.0,11.0,14400000.0,1124.0,76.0,6.0,6130000.0,59037.0,-3.994,26.9,-0.9,1.0,27.0,363000.0,61.0,0.0,0.0,377.0,-4.913,0.0,49.0,3.070000000000001e-07,-7.0,0.0,0.0,0.0,0.0,0.0,0.001,0.025,0.004,0.004,0.00397,0.0075,5,Loc2_5m|TCP|DL|2,TCP,DL,2,15
Loc2_5m,2026-08-02 15:33:24.007051,0,0.0,0x4601,11.0,1.0,11.0,14400000.0,1125.0,75.0,6.0,6140000.0,59046.0,-3.994,26.8,-0.9,1.0,27.0,376000.0,63.0,0.0,0.0,390.0,-4.891,0.0,50.0,3.37e-07,-5.0,0.0,0.0,0.0,0.0,0.0,0.001,0.02,0.004,0.004,0.00397,0.0075,5,Loc2_5m|TCP|DL|2,TCP,DL,2,16
Loc2_5m,2026-08-02 15:33:25.007099,0,0.0,0x4601,11.0,1.0,10.0,13500000.0,1104.0,96.0,8.0,6140000.0,59004.0,-3.994,26.8,-0.8,1.0,27.0,351000.0,60.0,0.0,0.0,372.0,-4.864,20.0,50.0,3.25e-07,-5.0,0.0,0.0,0.0,0.0,0.0,0.001,0.02,0.004,0.004,0.00397,0.0075,5,Loc2_5m|TCP|DL|2,TCP,DL,2,17
Loc2_5m,2026-08-02 15:33:26.007043,0,0.0,0x4601,11.0,1.0,11.0,14600000.0,1123.0,77.0,6.0,5810000.0,59025.0,-3.994,26.8,-1.0,1.0,27.0,373000.0,59.0,0.0,0.0,380.0,-4.85,0.0,49.0,3.56e-07,-7.0,0.0,0.0,0.0,0.0,0.0,0.001,0.025,0.004,0.004,0.00396,0.0075,5,Loc2_5m|TCP|DL|2,TCP,DL,2,18
Loc2_5m,2026-08-02 15:33:27.007063,0,0.0,0x4601,11.0,1.0,11.0,14400000.0,1125.0,75.0,6.0,5740000.0,59037.0,-3.994,26.7,-1.1,1.0,27.0,317000.0,52.0,0.0,0.0,333.0,-4.833,142.0,50.0,3.28e-07,-7.0,0.0,0.0,0.0,0.0,0.0,0.001,0.02,0.004,0.004,0.00397,0.0075,5,Loc2_5m|TCP|DL|2,TCP,DL,2,19
Loc2_5m,2026-08-02 15:33:28.007010,0,0.0,0x4601,11.0,1.0,11.0,14400000.0,1125.0,75.0,6.0,5840000.0,59046.0,-3.994,26.7,-1.2,1.0,27.0,343000.0,55.0,0.0,0.0,352.0,-4.819,0.0,49.0,3.1700000000000005e-07,-7.0,0.0,0.0,0.0,0.0,0.0,0.001,0.025,0.004,0.004,0.00396,0.0075,5,Loc2_5m|TCP|DL|2,TCP,DL,2,20
Loc2_5m,2026-08-02 15:34:01.007015,0,0.0,0x4601,10.0,1.0,9.0,12900000.0,1125.0,75.0,6.0,827000.0,59046.0,-3.994,27.4,-0.5,1.0,27.0,464000.0,74.0,0.0,0.0,480.0,-4.962,0.0,48.0,3.3e-07,-17.0,0.0,0.0,0.0,0.0,0.0,0.001,0.025,0.004,0.004,0.00396,0.0075,5,Loc2_5m|TCP|DL|3,TCP,DL,3,5
Loc2_5m,2026-08-02 15:34:02.006931,0,0.0,0x4601,9.0,1.0,7.0,10000000.0,1111.0,89.0,7.0,1020000.0,59046.0,-3.994,27.0,-0.8,1.0,27.0,433000.0,70.0,0.0,0.0,449.0,-4.943,0.0,48.0,3.35e-07,-16.0,0.0,0.0,0.0,0.0,0.0,0.001,0.032,0.004,0.004,0.00397,0.0075,5,Loc2_5m|TCP|DL|3,TCP,DL,3,6
Loc2_5m,2026-08-02 15:34:03.006985,0,0.0,0x4601,8.0,1.0,5.0,8010000.0,1104.0,96.0,8.0,1320000.0,59037.0,-3.994,27.2,-0.2,1.0,27.0,398000.0,61.0,0.0,0.0,411.0,-4.936,0.0,49.0,3.42e-07,-16.0,0.0,0.0,0.0,0.0,0.0,0.001,0.032,0.004,0.004,0.00397,0.0075,5,Loc2_5m|TCP|DL|3,TCP,DL,3,7
Loc2_5m,2026-08-02 15:34:04.007029,0,0.0,0x4601,8.0,1.0,5.0,7620000.0,1121.0,79.0,6.0,1680000.0,59046.0,-3.994,27.0,-0.6,1.0,27.0,334000.0,53.0,0.0,0.0,350.0,-4.924,198.0,50.0,3.11e-07,-15.0,0.0,0.0,0.0,0.0,0.0,0.001,0.02,0.004,0.004,0.00397,0.0075,5,Loc2_5m|TCP|DL|3,TCP,DL,3,8
Loc2_5m,2026-08-02 15:34:05.006943,0,0.0,0x4601,8.0,1.0,5.0,7610000.0,1118.0,82.0,6.0,2110000.0,59046.0,-3.994,27.2,-0.5,1.0,27.0,348000.0,53.0,0.0,0.0,356.0,-4.919,0.0,50.0,3.2e-07,-16.0,0.0,0.0,0.0,0.0,0.0,0.001,0.02,0.004,0.004,0.00397,0.0075,5,Loc2_5m|TCP|DL|3,TCP,DL,3,9
Loc2_5m,2026-08-02 15:34:06.006987,0,0.0,0x4601,10.0,1.0,8.0,11100000.0,1092.0,108.0,9.0,2780000.0,59046.0,-3.994,27.6,-0.4,1.0,27.0,415000.0,64.0,0.0,0.0,433.0,-4.911,10.0,45.0,2.900000000000001e-07,-15.0,0.0,0.0,0.0,0.0,0.0,0.001,0.032,0.004,0.004,0.00397,0.0075,5,Loc2_5m|TCP|DL|3,TCP,DL,3,10
Loc2_5m,2026-08-02 15:34:07.006944,0,0.0,0x4601,9.0,1.0,7.0,10300000.0,1050.0,150.0,12.0,3430000.0,59037.0,-3.994,28.0,-0.0,1.0,27.0,343000.0,51.0,0.0,0.0,350.0,-4.91,0.0,49.0,3.13e-07,-13.0,0.0,0.0,0.0,0.0,0.0,0.001,0.025,0.004,0.004,0.00396,0.0075,5,Loc2_5m|TCP|DL|3,TCP,DL,3,11
Loc2_5m,2026-08-02 15:34:08.006982,0,0.0,0x4601,8.0,1.0,6.0,8310000.000000001,1050.0,150.0,12.0,3940000.0,59046.0,-3.994,27.5,-0.1,1.0,27.0,331000.0,50.0,0.0,0.0,342.0,-4.906,0.0,50.0,3.37e-07,-14.0,0.0,0.0,0.0,0.0,0.0,0.001,0.02,0.004,0.004,0.00397,0.0075,5,Loc2_5m|TCP|DL|3,TCP,DL,3,12
Loc2_5m,2026-08-02 15:34:09.006860,0,0.0,0x4601,9.0,1.0,7.0,9820000.0,1050.0,150.0,12.0,4550000.0,59046.0,-3.994,27.4,-0.2,1.0,27.0,335000.0,51.0,0.0,0.0,346.0,-4.901,0.0,48.0,3.22e-07,-12.0,0.0,0.0,0.0,0.0,0.0,0.001,0.032,0.004,0.004,0.00397,0.0075,5,Loc2_5m|TCP|DL|3,TCP,DL,3,13
Loc2_5m,2026-08-02 15:34:10.006936,0,0.0,0x4601,9.0,1.0,7.0,9820000.0,1050.0,150.0,12.0,5160000.0,59046.0,-3.994,28.4,-0.0,1.0,27.0,339000.0,50.0,0.0,0.0,350.0,-4.901,0.0,50.0,3.090000000000001e-07,-12.0,0.0,0.0,0.0,0.0,0.0,0.001,0.02,0.004,0.004,0.00397,0.0075,5,Loc2_5m|TCP|DL|3,TCP,DL,3,14
Loc2_5m,2026-08-02 15:34:11.007013,1,0.0,0x4601,9.0,1.0,7.0,10600000.0,1168.0,32.0,2.0,5830000.0,59037.0,-3.163,28.4,,1.0,27.0,366000.0,54.0,0.0,0.0,385.0,-4.901,10.0,50.0,3.01e-07,-11.0,0.0,0.0,0.0,0.0,0.0,0.001,0.02,0.004,0.004,0.00397,0.0075,5,Loc2_5m|TCP|DL|3,TCP,DL,3,15
Loc2_5m,2026-08-02 15:34:12.006905,0,0.0,0x4601,9.0,1.0,9.0,13000000.0,1200.0,0.0,0.0,6150000.0,59046.0,-2.113,27.9,-0.0,1.0,27.0,455000.0,67.0,0.0,0.0,462.0,-4.901,0.0,50.0,3.16e-07,-12.0,0.0,0.0,0.0,0.0,0.0,0.001,0.02,0.004,0.004,0.00396,0.0075,5,Loc2_5m|TCP|DL|3,TCP,DL,3,16
Loc2_5m,2026-08-02 15:34:13.006994,1,0.0,0x4601,9.0,1.0,11.0,15200000.0,1200.0,0.0,0.0,6110000.0,59046.0,-1.063,28.2,,1.0,27.0,468000.0,69.0,0.0,0.0,490.0,-4.901,384.0,50.0,3.500000000000001e-07,-13.0,0.0,0.0,0.0,0.0,0.0,0.001,0.02,0.004,0.004,0.00396,0.0075,5,Loc2_5m|TCP|DL|3,TCP,DL,3,17
Loc2_5m,2026-08-02 15:34:14.006918,1,0.0,0x4601,9.0,1.0,10.0,13900000.0,1116.0,84.0,7.0,6130000.0,59046.0,-3.994,28.3,,1.0,27.0,414000.0,61.0,0.0,0.0,420.0,-4.901,0.0,46.0,3.11e-07,-11.0,0.0,0.0,0.0,0.0,0.0,0.001,0.025,0.00401,0.00401,0.00397,0.0075,5,Loc2_5m|TCP|DL|3,TCP,DL,3,18
Loc2_5m,2026-08-02 15:34:15.006949,0,0.0,0x4601,8.0,1.0,5.0,7750000.0,1055.0,145.0,12.0,6150000.0,59037.0,-3.994,27.7,-0.2,1.0,27.0,333000.0,50.0,0.0,0.0,344.0,-4.898,0.0,50.0,3.3e-07,-9.0,0.0,0.0,0.0,0.0,0.0,0.001,0.02,0.004,0.004,0.00397,0.0075,5,Loc2_5m|TCP|DL|3,TCP,DL,3,19
Loc2_5m,2026-08-02 15:34:16.007019,0,0.0,0x4601,8.0,1.0,5.0,7780000.0,1018.0,182.0,15.0,6040000.0,58881.0,-3.994,26.7,-0.0,1.0,27.0,330000.0,49.0,7.0,12.0,419.0,,0.0,50.0,3.1e-07,-9.0,0.0,0.0,0.0,0.0,0.0,0.001,0.02,0.004,0.004,0.00397,0.0075,5,Loc2_5m|TCP|DL|3,TCP,DL,3,20
Loc2_5m,2026-08-02 15:34:55.006933,0,0.0,0x4601,10.0,1.0,16.0,23300000.0,1194.0,6.0,0.0,642000.0,59016.0,0.4939,23.4,-5.6,1.0,22.0,659000.0,87.0,16.0,15.0,1051.0,-4.984,1450.0,15.0,2.91e-07,-8.0,0.0,0.0,0.0,0.0,0.0,0.001,0.03,0.004,0.004,0.00396,0.0075,5,Loc2_5m|TCP|DL|4,TCP,DL,4,5
Loc2_5m,2026-08-02 15:34:56.006898,0,0.0,0x4601,10.0,1.0,17.0,24200000.0,1187.0,13.0,1.0,814000.0,58983.0,0.3429,22.4,-6.2,1.0,20.0,685000.0,90.0,12.0,11.0,1185.0,-4.993,0.0,16.0,3.020000000000001e-07,-11.0,0.0,0.0,0.0,0.0,0.0,0.001,0.03,0.004,0.004,0.00396,0.0075,5,Loc2_5m|TCP|DL|4,TCP,DL,4,6
Loc2_5m,2026-08-02 15:34:57.006890,0,0.0,0x4601,10.0,1.0,17.0,24200000.0,1192.0,8.0,0.0,691000.0,59046.0,0.5929,23.2,-5.0,1.0,22.0,692000.0,101.0,20.0,16.0,1447.0,,1450.0,12.0,2.92e-07,-3.0,0.0,0.0,0.0,0.0,0.0,0.001,0.027,0.004,0.004,0.00396,0.0075,5,Loc2_5m|TCP|DL|4,TCP,DL,4,7
Loc2_5m,2026-08-02 15:34:58.006870,0,0.0,0x4601,11.0,1.0,18.0,26400000.0,1182.0,18.0,1.0,966000.0,59016.0,0.04087,26.4,-1.9,1.0,26.0,620000.0,85.0,4.0,4.0,736.0,-4.994,0.0,28.0,3.330000000000001e-07,-4.0,0.0,0.0,0.0,0.0,0.0,0.001,0.03,0.004,0.004,0.00396,0.0075,5,Loc2_5m|TCP|DL|4,TCP,DL,4,8
Loc2_5m,2026-08-02 15:34:59.006890,0,0.0,0x4601,11.0,1.0,19.0,27600000.0,1193.0,7.0,0.0,1140000.0,59037.0,0.3909,27.6,-0.1,1.0,27.0,624000.0,83.0,0.0,0.0,650.0,-4.994,745.0,28.0,2.89e-07,-4.0,0.0,0.0,0.0,0.0,0.0,0.001,0.025,0.004,0.004,0.00396,0.0075,5,Loc2_5m|TCP|DL|4,TCP,DL,4,9
Loc2_5m,2026-08-02 15:35:00.006842,0,0.0,0x4601,11.0,1.0,19.0,27600000.0,1185.0,15.0,1.0,1400000.0,59025.0,-0.05915,27.3,-0.4,1.0,27.0,627000.0,86.0,0.0,0.0,641.0,-4.985,0.0,28.0,2.79e-07,-4.0,0.0,0.0,0.0,0.0,0.0,0.001,0.03,0.004,0.004,0.00396,0.0075,5,Loc2_5m|TCP|DL|4,TCP,DL,4,10
Loc2_5m,2026-08-02 15:35:01.006856,0,0.0,0x4601,11.0,1.0,18.0,25800000.0,1186.0,14.0,1.0,1660000.0,58941.0,-0.3092,27.5,-0.1,1.0,27.0,562000.0,79.0,0.0,0.0,587.0,-4.982,384.0,30.0,2.6900000000000004e-07,-4.0,0.0,0.0,0.0,0.0,0.0,0.001,0.025,0.004,0.004,0.00396,0.0075,5,Loc2_5m|TCP|DL|4,TCP,DL,4,11
Loc2_5m,2026-08-02 15:35:02.006942,0,0.0,0x4601,11.0,1.0,17.0,25100000.0,1186.0,14.0,1.0,2020000.0,58962.0,-0.6572,27.4,-0.5,1.0,27.0,544000.0,83.0,0.0,0.0,560.0,-4.969,74.0,35.0,2.61e-07,-6.0,0.0,0.0,0.0,0.0,0.0,0.001,0.025,0.004,0.004,0.00396,0.0075,5,Loc2_5m|TCP|DL|4,TCP,DL,4,12
Loc2_5m,2026-08-02 15:35:03.006834,0,0.0,0x4601,11.0,1.0,18.0,25900000.0,1196.0,4.0,0.0,2420000.0,59037.0,-0.007172,27.3,-0.8,1.0,27.0,553000.0,84.0,0.0,0.0,569.0,-4.953,0.0,33.0,2.8100000000000004e-07,-5.0,0.0,0.0,0.0,0.0,0.0,0.001,0.025,0.004,0.004,0.00396,0.0075,5,Loc2_5m|TCP|DL|4,TCP,DL,4,13
Loc2_5m,2026-08-02 15:35:04.006900,0,0.0,0x4601,11.0,1.0,18.0,25200000.0,1180.0,20.0,1.0,2930000.0,58983.0,-0.7582,27.1,-0.7,1.0,27.0,498000.0,80.0,0.0,0.0,517.0,-4.931,0.0,42.0,2.7e-07,-8.0,0.0,0.0,0.0,0.0,0.0,0.001,0.025,0.004,0.004,0.00396,0.0075,5,Loc2_5m|TCP|DL|4,TCP,DL,4,14
Loc2_5m,2026-08-02 15:35:05.006846,0,0.0,0x4601,11.0,1.0,17.0,25300000.0,1193.0,7.0,0.0,3520000.0,59046.0,-0.4082,25.4,-3.7,1.0,25.0,513000.0,87.0,11.0,11.0,669.0,-4.991,0.0,22.0,2.99e-07,-9.0,0.0,0.0,0.0,0.0,0.0,0.001,0.027,0.004,0.004,0.00396,0.0075,5,Loc2_5m|TCP|DL|4,TCP,DL,4,15
Loc2_5m,2026-08-02 15:35:06.007206,0,0.0,0x4601,11.0,1.0,17.0,24600000.0,1187.0,13.0,1.0,4170000.0,58983.0,-0.4602,25.4,-3.6,1.0,25.0,441000.0,83.0,8.0,8.0,568.0,-4.987,535.0,25.0,2.99e-07,-5.0,0.0,0.0,0.0,0.0,0.0,0.001,0.027,0.004,0.004,0.00396,0.0075,5,Loc2_5m|TCP|DL|4,TCP,DL,4,16
Loc2_5m,2026-08-02 15:35:07.006905,0,0.0,0x4601,11.0,1.0,18.0,25900000.0,1193.0,7.0,0.0,5070000.0,59037.0,-0.1092,19.4,-6.2,1.0,16.0,539000.0,110.0,6.0,5.0,1784.0,-4.996,0.0,18.0,2.950000000000001e-07,-7.0,0.0,0.0,0.0,0.0,0.0,0.001,0.03,0.004,0.004,0.00396,0.0075,5,Loc2_5m|TCP|DL|4,TCP,DL,4,17
Loc2_5m,2026-08-02 15:35:08.006819,0,0.0,0x4601,12.0,1.0,18.0,25900000.0,1169.0,31.0,2.0,5720000.0,58983.0,-2.153,15.8,-8.9,1.0,12.0,473000.0,141.0,24.0,14.0,3458.0,-4.993,1040.0,17.0,3.1200000000000004e-07,-8.0,0.0,0.0,0.0,0.0,0.0,0.001,0.027,0.004,0.004,0.00396,0.0075,5,Loc2_5m|TCP|DL|4,TCP,DL,4,18
Loc2_5m,2026-08-02 15:35:09.006867,0,0.0,0x4601,13.0,1.0,17.0,25100000.0,1194.0,6.0,0.0,5800000.0,59046.0,-1.703,12.6,-10.7,1.0,8.0,551000.0,209.0,44.0,17.0,6136.0,-4.999,2810.0,8.0,3.01e-07,0.0,0.0,0.0,0.0,0.0,0.0,0.001,0.029,0.004,0.004,0.00396,0.0075,5,Loc2_5m|TCP|DL|4,TCP,DL,4,19
Loc2_5m,2026-08-02 15:35:10.006815,0,0.0,0x4601,12.0,1.0,17.0,24600000.0,1183.0,17.0,1.0,5060000.0,59025.0,-1.954,7.7,-8.6,1.0,10.0,453000.0,151.0,77.0,33.0,8276.0,,0.0,8.0,3.66e-07,-18.0,0.0,0.0,1.0,0.0,0.0,0.001,0.099,0.00401,0.004,0.00396,0.0075,5,Loc2_5m|TCP|DL|4,TCP,DL,4,20
Loc2_5m,2026-08-02 15:35:25.006829,0,0.0,0x4601,10.0,1.0,14.0,98500.0,108.0,0.0,0.0,0.0,284.0,-1.361,15.5,-6.6,1.0,18.0,3740000.0,336.0,464.0,58.0,36115.0,-5.0,700000.0,0.0,3.190000000000001e-07,-14.0,0.0,0.0,0.0,0.0,0.0,0.02,0.002,0.004,0.004,,,5,Loc2_5m|TCP|UL|1,TCP,UL,1,5
Loc2_5m,2026-08-02 15:35:26.006855,0,0.0,0x4601,10.0,1.0,14.0,74300.0,99.0,1.0,1.0,0.0,331.0,-1.37,15.2,-6.6,1.0,18.0,3470000.0,330.0,470.0,58.0,36111.0,-5.0,700000.0,0.0,3.18e-07,-14.0,0.0,0.0,0.0,0.0,0.0,0.02,0.002,0.00401,0.004,,,5,Loc2_5m|TCP|UL|1,TCP,UL,1,6
Loc2_5m,2026-08-02 15:35:27.006792,0,0.0,0x4601,10.0,1.0,13.0,188000.0,179.0,4.0,2.0,58.0,703.0,-1.597,15.1,-6.5,1.0,17.0,3130000.0,343.0,457.0,57.0,35990.0,-5.0,700000.0,0.0,3.04e-07,-14.0,0.0,0.0,0.0,0.0,0.0,0.02,0.002,0.00401,0.004,,,5,Loc2_5m|TCP|UL|1,TCP,UL,1,7
Loc2_5m,2026-08-02 15:35:28.006885,0,0.0,0x4601,10.0,1.0,13.0,219000.0,212.0,1.0,0.0,0.0,774.0,-1.532,15.5,-6.5,1.0,17.0,3570000.0,353.0,447.0,55.0,35962.0,-4.999,700000.0,0.0,3.11e-07,-14.0,0.0,0.0,0.0,0.0,0.0,0.02,0.002,0.00401,0.004,,,5,Loc2_5m|TCP|UL|1,TCP,UL,1,8
Loc2_5m,2026-08-02 15:35:29.006910,0,0.0,0x4601,10.0,1.0,13.0,242000.0,229.0,0.0,0.0,0.0,805.0,-1.357,15.9,-6.5,1.0,17.0,4050000.0,369.0,431.0,53.0,36007.0,-5.0,700000.0,0.0,3.190000000000001e-07,-14.0,0.0,0.0,0.0,0.0,0.0,0.02,0.002,0.00401,0.004,,,5,Loc2_5m|TCP|UL|1,TCP,UL,1,9
Loc2_5m,2026-08-02 15:35:30.006822,0,0.0,0x4601,10.0,1.0,13.0,183000.0,191.0,5.0,2.0,0.0,702.0,-1.71,15.5,-6.5,1.0,17.0,3700000.0,366.0,434.0,54.0,35965.0,-5.0,700000.0,0.0,3.070000000000001e-07,-14.0,0.0,0.0,0.0,0.0,0.0,0.02,0.002,0.00401,0.004,,,5,Loc2_5m|TCP|UL|1,TCP,UL,1,10
Loc2_5m,2026-08-02 15:35:31.006862,0,0.0,0x4601,10.0,1.0,12.0,143000.0,170.0,5.0,2.0,0.0,635.0,-2.085,15.4,-6.4,1.0,17.0,3370000.0,349.0,451.0,56.0,36037.0,-5.0,700000.0,0.0,3.04e-07,-14.0,0.0,0.0,0.0,0.0,0.0,0.02,0.002,0.004,0.004,,,5,Loc2_5m|TCP|UL|1,TCP,UL,1,11
Loc2_5m,2026-08-02 15:35:32.006804,0,0.0,0x4601,10.0,1.0,11.0,158000.0,178.0,12.0,6.0,0.0,703.0,-3.13,15.8,-6.4,1.0,18.0,4060000.0,355.0,445.0,55.0,36023.0,-4.999,700000.0,0.0,2.99e-07,-14.0,0.0,0.0,0.0,0.0,0.0,0.02,0.002,0.00401,0.004,,,5,Loc2_5m|TCP|UL|1,TCP,UL,1,12
Loc2_5m,2026-08-02 15:35:33.006869,0,0.0,0x4601,10.0,1.0,10.0,140000.0,173.0,2.0,1.0,0.0,611.0,-3.166,15.8,-6.4,1.0,18.0,3680000.0,335.0,465.0,58.0,36136.0,-5.0,700000.0,0.0,3.1e-07,-14.0,0.0,0.0,0.0,0.0,0.0,0.02,0.002,0.00401,0.004,,,5,Loc2_5m|TCP|UL|1,TCP,UL,1,13
Loc2_5m,2026-08-02 15:35:34.006773,0,0.0,0x4601,10.0,1.0,9.0,137000.0,184.0,17.0,8.0,26.0,744.0,,15.7,-7.9,1.0,17.0,4750000.0,381.0,419.0,52.0,36125.0,-5.0,700000.0,0.0,3.1200000000000004e-07,-15.0,0.0,0.0,0.0,0.0,0.0,0.02,0.002,0.00403,0.004,,,5,Loc2_5m|TCP|UL|1,TCP,UL,1,14
Loc2_5m,2026-08-02 15:35:35.006841,0,0.0,0x4601,10.0,1.0,9.0,162000.0,214.0,19.0,8.0,0.0,815.0,-3.988,15.8,-7.8,1.0,16.0,5340000.0,419.0,381.0,47.0,36294.0,-5.0,700000.0,0.0,2.73e-07,-15.0,0.0,0.0,0.0,0.0,0.0,0.02,0.002,0.00401,0.004,,,5,Loc2_5m|TCP|UL|1,TCP,UL,1,15
Loc2_5m,2026-08-02 15:35:36.006843,0,0.0,0x4601,10.0,1.0,9.0,90000.0,126.0,2.0,1.0,0.0,634.0,-3.949,13.1,-7.4,1.0,17.0,2230000.0,335.0,465.0,58.0,36057.0,-5.0,700000.0,0.0,2.86e-07,-15.0,0.0,0.0,0.0,0.0,0.0,0.02,0.002,0.00401,0.004,,,5,Loc2_5m|TCP|UL|1,TCP,UL,1,16
Loc2_5m,2026-08-02 15:35:37.006812,0,0.0,0x4601,10.0,1.0,8.0,120000.0,184.0,3.0,1.0,0.0,769.0,-3.994,15.3,-7.0,1.0,16.0,3700000.0,382.0,418.0,52.0,36036.0,-4.999,700000.0,0.0,3.190000000000001e-07,-14.0,0.0,0.0,0.0,0.0,0.0,0.02,0.002,0.00401,0.004,,,5,Loc2_5m|TCP|UL|1,TCP,UL,1,17
Loc2_5m,2026-08-02 15:35:38.006851,0,0.0,0x4601,10.0,1.0,9.0,134000.0,181.0,7.0,3.0,0.0,788.0,-3.959,14.9,-7.3,1.0,16.0,4760000.0,405.0,395.0,49.0,36289.0,-5.0,700000.0,0.0,3.070000000000001e-07,-15.0,0.0,0.0,0.0,0.0,0.0,0.024,0.002,0.00401,0.004,,,5,Loc2_5m|TCP|UL|1,TCP,UL,1,18
Loc2_5m,2026-08-02 15:35:39.006782,0,0.0,0x4601,10.0,1.0,8.0,151000.0,174.0,0.0,0.0,0.0,1010.0,-3.839,13.7,-6.7,1.0,18.0,3310000.0,342.0,458.0,57.0,36072.0,-5.0,700000.0,0.0,3.260000000000001e-07,-15.0,0.0,0.0,0.0,0.0,0.0,0.02,0.002,0.00401,0.004,,,5,Loc2_5m|TCP|UL|1,TCP,UL,1,19
Loc2_5m,2026-08-02 15:35:40.006841,0,0.0,0x4601,10.0,1.0,9.0,127000.0,199.0,12.0,5.0,0.0,747.0,-3.996,18.0,-5.7,1.0,19.0,5230000.0,364.0,436.0,54.0,36036.0,-5.0,700000.0,0.0,3.070000000000001e-07,-16.0,0.0,0.0,0.0,0.0,0.0,0.02,0.002,0.004,0.004,,,5,Loc2_5m|TCP|UL|1,TCP,UL,1,20
Loc2_5m,2026-08-02 15:36:13.006702,0,0.0,0x4601,10.0,1.0,13.0,189000.0,195.0,3.0,1.0,0.0,584.0,-1.568,19.9,-4.7,1.0,19.0,9470000.0,470.0,330.0,41.0,36571.0,-5.0,700000.0,0.0,3.06e-07,-14.0,0.0,0.0,0.0,0.0,0.0,0.02,0.002,0.004,0.004,,,5,Loc2_5m|TCP|UL|2,TCP,UL,2,5
Loc2_5m,2026-08-02 15:36:14.006783,0,0.0,0x4601,10.0,1.0,13.0,442000.0,326.0,1.0,0.0,58.0,1520.0,-1.384,20.6,-4.4,1.0,19.0,11400000.0,523.0,277.0,34.0,36847.0,-5.0,700000.0,0.0,3.13e-07,-14.0,0.0,0.0,0.0,0.0,0.0,0.012,0.002,0.004,0.004,,,5,Loc2_5m|TCP|UL|2,TCP,UL,2,6
Loc2_5m,2026-08-02 15:36:15.006825,0,0.0,0x4601,10.0,1.0,13.0,420000.0,324.0,4.0,1.0,0.0,1507.0,-1.506,20.5,-4.3,1.0,18.0,11700000.0,538.0,262.0,32.0,36842.0,-4.996,700000.0,0.0,3.210000000000001e-07,-14.0,0.0,0.0,0.0,0.0,0.0,0.01,0.002,0.004,0.004,,,5,Loc2_5m|TCP|UL|2,TCP,UL,2,7
Loc2_5m,2026-08-02 15:36:16.006778,0,0.0,0x4601,10.0,1.0,13.0,220000.0,251.0,3.0,1.0,0.0,834.0,-1.59,20.0,-4.6,1.0,19.0,9350000.0,454.0,346.0,43.0,36549.0,-5.0,700000.0,0.0,3.06e-07,-14.0,0.0,0.0,0.0,0.0,0.0,0.019,0.002,0.004,0.004,,,5,Loc2_5m|TCP|UL|2,TCP,UL,2,8
Loc2_5m,2026-08-02 15:36:17.006799,0,0.0,0x4601,10.0,1.0,13.0,272000.0,279.0,2.0,0.0,0.0,960.0,-1.552,20.3,-4.3,1.0,19.0,10900000.0,508.0,292.0,36.0,36725.0,-5.0,700000.0,0.0,3.04e-07,-14.0,0.0,0.0,0.0,0.0,0.0,0.017,0.002,0.004,0.004,,,5,Loc2_5m|TCP|UL|2,TCP,UL,2,9
Loc2_5m,2026-08-02 15:36:18.006748,0,0.0,0x4601,10.0,1.0,13.0,281000.0,280.0,2.0,0.0,0.0,977.0,-1.533,20.7,-4.2,1.0,19.0,11500000.0,519.0,281.0,35.0,36832.0,-4.999,700000.0,0.0,3.11e-07,-14.0,0.0,0.0,0.0,0.0,0.0,0.016,0.002,0.004,0.004,,,5,Loc2_5m|TCP|UL|2,TCP,UL,2,10
Loc2_5m,2026-08-02 15:36:19.006792,0,0.0,0x4601,10.0,1.0,13.0,276000.0,292.0,5.0,1.0,0.0,961.0,-1.769,20.1,-4.5,1.0,19.0,10500000.0,502.0,298.0,37.0,36717.0,-5.0,700000.0,0.0,3.18e-07,-14.0,0.0,0.0,0.0,0.0,0.0,0.02,0.002,0.00401,0.004,,,5,Loc2_5m|TCP|UL|2,TCP,UL,2,11
Loc2_5m,2026-08-02 15:36:20.006821,0,0.0,0x4601,10.0,1.0,13.0,198000.0,229.0,2.0,0.0,0.0,670.0,-1.774,18.7,-5.1,1.0,19.0,7320000.0,418.0,382.0,47.0,36318.0,-5.0,700000.0,0.0,3.25e-07,-14.0,0.0,0.0,0.0,0.0,0.0,0.02,0.002,0.00401,0.004,,,5,Loc2_5m|TCP|UL|2,TCP,UL,2,12
Loc2_5m,2026-08-02 15:36:21.006754,0,0.0,0x4601,10.0,1.0,13.0,268000.0,288.0,5.0,1.0,0.0,977.0,-2.033,20.1,-4.5,1.0,19.0,9980000.0,479.0,321.0,40.0,36628.0,-5.0,700000.0,0.0,3.03e-07,-15.0,0.0,0.0,0.0,0.0,0.0,0.019,0.002,0.00401,0.004,,,5,Loc2_5m|TCP|UL|2,TCP,UL,2,13
Loc2_5m,2026-08-02 15:36:22.006814,0,0.0,0x4601,10.0,1.0,13.0,203000.0,246.0,1.0,0.0,0.0,701.0,-1.921,19.3,-4.9,1.0,19.0,8240000.0,441.0,359.0,44.0,36489.0,-4.999,700000.0,0.0,3.1200000000000004e-07,-15.0,0.0,0.0,0.0,0.0,0.0,0.03,0.002,0.00401,0.004,,,5,Loc2_5m|TCP|UL|2,TCP,UL,2,14
Loc2_5m,2026-08-02 15:36:23.006739,0,0.0,0x4601,10.0,1.0,13.0,195000.0,238.0,2.0,0.0,0.0,689.0,-1.904,19.5,-4.8,1.0,19.0,8710000.0,457.0,343.0,42.0,36446.0,-5.0,700000.0,0.0,3.1700000000000005e-07,-14.0,0.0,0.0,0.0,0.0,0.0,0.02,0.002,0.00401,0.004,,,5,Loc2_5m|TCP|UL|2,TCP,UL,2,15
Loc2_5m,2026-08-02 15:36:24.006759,0,0.0,0x4601,10.0,1.0,12.0,191000.0,240.0,4.0,1.0,0.0,665.0,-2.107,20.1,-4.6,1.0,19.0,10200000.0,490.0,310.0,38.0,36719.0,-4.999,700000.0,0.0,3.25e-07,-14.0,0.0,0.0,0.0,0.0,0.0,0.017,0.002,0.004,0.004,,,5,Loc2_5m|TCP|UL|2,TCP,UL,2,16
Loc2_5m,2026-08-02 15:36:25.006712,0,0.0,0x4601,10.0,1.0,12.0,170000.0,239.0,0.0,0.0,0.0,692.0,-1.913,20.6,-4.4,1.0,19.0,11900000.0,539.0,261.0,32.0,36903.0,-5.0,700000.0,0.0,3.310000000000001e-07,-14.0,0.0,0.0,0.0,0.0,0.0,0.016,0.002,0.004,0.004,,,5,Loc2_5m|TCP|UL|2,TCP,UL,2,17
Loc2_5m,2026-08-02 15:36:26.006760,0,0.0,0x4601,10.0,1.0,13.0,189000.0,248.0,2.0,0.0,0.0,715.0,-1.899,19.8,-4.6,1.0,18.0,10300000.0,507.0,293.0,36.0,36775.0,-5.0,700000.0,0.0,3.1e-07,-14.0,0.0,0.0,0.0,0.0,0.0,0.015,0.002,0.004,0.004,,,5,Loc2_5m|TCP|UL|2,TCP,UL,2,18
Loc2_5m,2026-08-02 15:36:27.006817,0,0.0,0x4601,10.0,1.0,13.0,134000.0,180.0,0.0,0.0,0.0,481.0,-1.741,18.8,-4.8,1.0,19.0,7380000.0,416.0,384.0,48.0,36362.0,-4.999,700000.0,0.0,3.16e-07,-14.0,0.0,0.0,0.0,0.0,0.0,0.02,0.002,0.00401,0.004,,,5,Loc2_5m|TCP|UL|2,TCP,UL,2,19
Loc2_5m,2026-08-02 15:36:28.006743,0,0.0,0x4601,10.0,1.0,14.0,176000.0,213.0,2.0,0.0,0.0,552.0,-1.76,18.7,-5.6,1.0,18.0,8310000.000000001,447.0,353.0,44.0,36525.0,-5.0,700000.0,0.0,3.23e-07,-12.0,0.0,0.0,0.0,0.0,0.0,0.022,0.002,0.00401,0.004,,,5,Loc2_5m|TCP|UL|2,TCP,UL,2,20
Loc2_5m,2026-08-02 15:37:13.006755,0,0.0,0x4601,9.0,1.0,10.0,69600.0,102.0,0.0,0.0,0.0,644.0,-2.017,10.1,-9.4,1.0,16.0,1690000.0,321.0,479.0,59.0,36151.0,-5.0,700000.0,0.0,3.2400000000000004e-07,-17.0,0.0,0.0,0.0,0.0,0.0,0.02,0.002,0.00407,0.004,,,5,Loc2_5m|TCP|UL|3,TCP,UL,3,5
Loc2_5m,2026-08-02 15:37:14.006723,0,0.0,0x4601,9.0,1.0,10.0,82700.0,93.0,0.0,0.0,0.0,719.0,-1.927,9.7,-9.5,1.0,16.0,956000.0,314.0,486.0,60.0,36157.0,-5.0,700000.0,0.0,3.1200000000000004e-07,-17.0,0.0,0.0,0.0,0.0,0.0,0.02,0.002,0.0040599999999999,0.004,,,5,Loc2_5m|TCP|UL|3,TCP,UL,3,6
Loc2_5m,2026-08-02 15:37:15.006746,0,0.0,0x4601,9.0,1.0,11.0,77800.0,80.0,0.0,0.0,0.0,723.0,-1.849,10.4,-9.7,1.0,16.0,716000.0,301.0,499.0,62.0,36108.0,-5.0,700000.0,0.0,3.310000000000001e-07,-16.0,0.0,0.0,0.0,0.0,0.0,0.02,0.002,0.00405,0.004,,,5,Loc2_5m|TCP|UL|3,TCP,UL,3,7
Loc2_5m,2026-08-02 15:37:16.006702,0,0.0,0x4601,9.0,1.0,11.0,91500.0,91.0,0.0,0.0,0.0,721.0,-1.763,10.8,-9.6,1.0,16.0,893000.0,310.0,490.0,61.0,36115.0,-5.0,388000.0,0.0,3.04e-07,-16.0,0.0,0.0,0.0,0.0,0.0,0.02,0.002,0.00404,0.004,,,5,Loc2_5m|TCP|UL|3,TCP,UL,3,8
Loc2_5m,2026-08-02 15:37:17.006712,0,0.0,0x4601,9.0,1.0,10.0,107000.0,141.0,0.0,0.0,0.0,569.0,-1.629,12.8,-9.7,1.0,15.0,2400000.0,365.0,435.0,54.0,36166.0,-5.0,700000.0,0.0,3.2400000000000004e-07,-16.0,0.0,0.0,0.0,0.0,0.0,0.02,0.002,0.00407,0.004,,,5,Loc2_5m|TCP|UL|3,TCP,UL,3,9
Loc2_5m,2026-08-02 15:37:18.006757,0,0.0,0x4601,9.0,1.0,11.0,109000.0,107.0,0.0,0.0,0.0,734.0,-1.53,9.7,-9.2,1.0,16.0,1160000.0,309.0,491.0,61.0,36099.0,-5.0,700000.0,0.0,3.25e-07,-17.0,0.0,0.0,0.0,0.0,0.0,0.02,0.002,0.00404,0.004,,,5,Loc2_5m|TCP|UL|3,TCP,UL,3,10
Loc2_5m,2026-08-02 15:37:19.006678,0,0.0,0x4601,10.0,1.0,13.0,206000.0,209.0,5.0,2.0,0.0,827.0,-1.849,12.4,-10.2,1.0,13.0,4080000.0,478.0,322.0,40.0,36470.0,-4.956,700000.0,0.0,3.08e-07,-15.0,0.0,0.0,0.0,0.0,0.0,0.02,0.002,0.00407,0.004,,,5,Loc2_5m|TCP|UL|3,TCP,UL,3,11
Loc2_5m,2026-08-02 15:37:20.006751,0,0.0,0x4601,11.0,1.0,14.0,364000.0,331.0,7.0,2.0,298.0,1133.0,-2.248,17.0,-9.5,1.0,14.0,10700000.0,612.0,188.0,23.0,36812.0,-4.996,700000.0,0.0,3.18e-07,-15.0,0.0,0.0,0.0,0.0,0.0,0.02,0.002,0.00403,0.004,,,5,Loc2_5m|TCP|UL|3,TCP,UL,3,12
Loc2_5m,2026-08-02 15:37:21.006660,0,0.0,0x4601,10.0,1.0,13.0,324000.0,316.0,0.0,0.0,0.0,1078.0,-2.006,19.5,-8.9,1.0,15.0,15500000.0,701.0,99.0,12.0,37070.0,-4.996,700000.0,0.0,3.2e-07,-13.0,0.0,0.0,0.0,0.0,0.0,0.012,0.002,0.0040199999999999,0.004,,,5,Loc2_5m|TCP|UL|3,TCP,UL,3,13
Loc2_5m,2026-08-02 15:37:22.006714,0,0.0,0x4601,11.0,1.0,14.0,510000.0,335.0,0.0,0.0,0.0,1715.0,-1.731,20.6,-6.6,1.0,18.0,16600000.000000002,642.0,158.0,19.0,36924.0,-4.997,700000.0,0.0,3.25e-07,-11.0,0.0,0.0,0.0,0.0,0.0,0.015,0.002,0.00401,0.004,,,5,Loc2_5m|TCP|UL|3,TCP,UL,3,14
Loc2_5m,2026-08-02 15:37:23.006791,0,0.0,0x4601,10.0,1.0,13.0,358000.0,285.0,0.0,0.0,0.0,1335.0,-1.515,18.2,-7.1,1.0,16.0,11500000.0,584.0,216.0,27.0,36923.0,-4.999,700000.0,0.0,3.22e-07,-12.0,0.0,0.0,0.0,0.0,0.0,0.014,0.002,0.00401,0.004,,,5,Loc2_5m|TCP|UL|3,TCP,UL,3,15
Loc2_5m,2026-08-02 15:37:24.006712,0,0.0,0x4601,11.0,1.0,16.0,512000.0,377.0,4.0,1.0,0.0,1388.0,-1.61,18.4,-8.8,1.0,14.0,13400000.0,671.0,129.0,16.0,37010.0,-4.996,700000.0,0.0,3.15e-07,-13.0,0.0,0.0,0.0,0.0,0.0,0.014,0.002,0.0040199999999999,0.004,,,5,Loc2_5m|TCP|UL|3,TCP,UL,3,16
Loc2_5m,2026-08-02 15:37:25.006778,0,0.0,0x4601,12.0,1.0,16.0,552000.0,386.0,4.0,1.0,0.0,1509.0,-1.709,21.1,-7.6,1.0,17.0,18200000.0,697.0,103.0,12.0,37007.0,-4.997,700000.0,0.0,3.3600000000000004e-07,-13.0,0.0,0.0,0.0,0.0,0.0,0.01,0.002,0.00401,0.004,,,5,Loc2_5m|TCP|UL|3,TCP,UL,3,17
Loc2_5m,2026-08-02 15:37:26.006661,0,0.0,0x4601,12.0,1.0,16.0,363000.0,278.0,5.0,1.0,58.0,984.0,-2.033,20.3,-7.9,1.0,17.0,15400000.0,640.0,160.0,20.0,37048.0,-4.996,700000.0,0.0,3.3e-07,-13.0,0.0,0.0,0.0,0.0,0.0,0.01,0.002,0.00401,0.004,,,5,Loc2_5m|TCP|UL|3,TCP,UL,3,18
Loc2_5m,2026-08-02 15:37:27.006699,0,0.0,0x4601,12.0,1.0,16.0,215000.0,205.0,1.0,0.0,0.0,644.0,-1.974,16.8,-8.1,1.0,15.0,9680000.0,556.0,244.0,30.0,36877.0,-4.996,700000.0,0.0,3.32e-07,-12.0,0.0,0.0,0.0,0.0,0.0,0.02,0.002,0.0040199999999999,0.004,,,5,Loc2_5m|TCP|UL|3,TCP,UL,3,19
Loc2_5m,2026-08-02 15:37:28.006740,0,0.0,0x4601,12.0,1.0,16.0,231000.0,217.0,3.0,1.0,0.0,607.0,-2.081,17.3,-8.1,1.0,17.0,9810000.0,524.0,276.0,34.0,36628.0,-4.916,700000.0,0.0,2.86e-07,-13.0,0.0,0.0,0.0,0.0,0.0,0.025,0.002,0.00401,0.004,,,5,Loc2_5m|TCP|UL|3,TCP,UL,3,20
Loc2_5m,2026-08-02 15:37:59.006725,0,0.0,0x4601,10.0,1.0,14.0,190000.0,200.0,0.0,0.0,0.0,645.0,-1.154,16.7,-6.5,1.0,17.0,8020000.0,468.0,332.0,41.0,36550.0,-5.0,700000.0,0.0,2.99e-07,-10.0,0.0,0.0,0.0,0.0,0.0,0.025,0.002,0.00401,0.004,,,5,Loc2_5m|TCP|UL|4,TCP,UL,4,5
Loc2_5m,2026-08-02 15:38:00.006636,0,0.0,0x4601,10.0,1.0,15.0,105000.0,123.0,2.0,1.0,70.0,448.0,-1.23,11.9,-8.5,1.0,16.0,2710000.0,362.0,438.0,54.0,36210.0,-5.0,700000.0,0.0,3.0500000000000004e-07,-11.0,0.0,0.0,0.0,0.0,0.0,0.02,0.002,0.00403,0.004,,,5,Loc2_5m|TCP|UL|4,TCP,UL,4,6
Loc2_5m,2026-08-02 15:38:01.006681,0,0.0,0x4601,9.0,1.0,12.0,263000.0,248.0,5.0,1.0,0.0,1026.0,-1.524,17.5,-8.8,1.0,16.0,8029999.999999999,495.0,305.0,38.0,36502.0,-5.0,700000.0,0.0,3.4800000000000005e-07,-17.0,0.0,0.0,0.0,0.0,0.0,0.02,0.002,0.0040199999999999,0.004,,,5,Loc2_5m|TCP|UL|4,TCP,UL,4,7
Loc2_5m,2026-08-02 15:38:02.006739,0,0.0,0x4601,10.0,1.0,14.0,150000.0,164.0,1.0,0.0,0.0,564.0,-1.508,11.7,-7.7,1.0,16.0,2740000.0,369.0,431.0,53.0,36129.0,-5.0,700000.0,0.0,3.34e-07,-14.0,0.0,0.0,0.0,0.0,0.0,0.02,0.002,0.00403,0.004,,,5,Loc2_5m|TCP|UL|4,TCP,UL,4,8
Loc2_5m,2026-08-02 15:38:03.006664,0,0.0,0x4601,11.0,1.0,14.0,69300.0,109.0,3.0,2.0,0.0,302.0,-1.705,9.3,-10.7,1.0,11.0,2500000.0,452.0,348.0,43.0,36697.0,-4.999,700000.0,0.0,3.260000000000001e-07,-14.0,0.0,0.0,0.0,0.0,0.0,0.027,0.002,0.00414,0.004,,,5,Loc2_5m|TCP|UL|4,TCP,UL,4,9
Loc2_5m,2026-08-02 15:38:04.006708,0,0.0,0x4601,10.0,1.0,14.0,147000.0,162.0,0.0,0.0,0.0,519.0,-1.555,11.3,-10.1,1.0,13.0,3270000.0,441.0,359.0,44.0,36531.0,-5.0,700000.0,0.0,3.16e-07,-14.0,0.0,0.0,0.0,0.0,0.0,0.022,0.002,0.0040999999999999,0.004,,,5,Loc2_5m|TCP|UL|4,TCP,UL,4,10
Loc2_5m,2026-08-02 15:38:05.006650,0,0.0,0x4601,10.0,1.0,14.0,67500.0,54.0,8.0,12.0,0.0,542.0,,-3.1,-22.5,1.0,11.0,422000.0,179.0,598.0,76.0,32799.0,,700000.0,0.0,2.1e-07,-15.0,0.0,17.0,0.0,0.0,1.0,0.1,0.002,0.00401,0.004,,,5,Loc2_5m|TCP|UL|4,TCP,UL,4,11
Loc2_5m,2026-08-02 15:38:05.006657,0,1.0,0x4602,,,2.0,,1.0,0.0,0.0,0.0,4.0,0.0,,,1.0,0.0,0.0,0.0,0.0,0.0,0.0,,0.0,0.0,-4.7000000000000004e-08,,0.0,0.0,0.0,0.0,2.0,0.0,0.0,,,0.004,,5,Loc2_5m|TCP|UL|4,TCP,UL,4,12
Loc2_5m,2026-08-02 15:38:06.006697,0,1.0,0x4602,9.0,1.0,13.0,65400.00000000001,47.0,10.0,17.0,0.0,741.0,-0.951,2.1,-16.7,1.0,13.0,355000.0,211.0,510.0,70.0,31742.0,-5.0,531000.0,1.0,2.58e-07,-15.0,0.0,10.0,0.0,0.0,3.0,0.044,0.06,0.0040199999999999,0.004,0.004,0.0075,5,Loc2_5m|TCP|UL|4,TCP,UL,4,13
Loc2_5m,2026-08-02 15:38:07.006665,0,0.0,0x4604,10.0,1.0,14.0,156000.0,157.0,10.0,5.0,0.0,631.0,-0.866,11.8,-10.2,1.0,13.0,3080000.0,359.0,275.0,43.0,28964.0,-4.996,700000.0,1.0,3.11e-07,-14.0,0.0,0.0,0.0,0.0,5.0,0.045,0.042,0.00411,0.004,0.004,0.008,5,Loc2_5m|TCP|UL|4,TCP,UL,4,14
Loc2_5m,2026-08-02 15:38:07.006671,0,1.0,0x4602,,,0.0,0.0,0.0,0.0,0.0,0.0,0.0,-0.951,-24.4,-45.1,1.0,0.0,0.0,0.0,73.0,100.0,2722.0,,531000.0,0.0,6.8e-08,-15.0,0.0,4.0,0.0,0.0,1.0,0.0,0.002,0.004,,,,5,Loc2_5m|TCP|UL|4,TCP,UL,4,15
Loc2_5m,2026-08-02 15:38:08.006670,0,0.0,0x4604,9.0,1.0,13.0,213000.0,221.0,3.0,1.0,0.0,763.0,-0.964,11.2,-10.9,1.0,11.0,4690000.0,512.0,288.0,36.0,36617.0,-4.999,700000.0,0.0,3.23e-07,-15.0,0.0,0.0,0.0,0.0,0.0,0.02,0.002,0.0040599999999999,0.004,,,5,Loc2_5m|TCP|UL|4,TCP,UL,4,16
Loc2_5m,2026-08-02 15:38:09.006695,0,0.0,0x4604,9.0,1.0,12.0,97300.0,133.0,2.0,1.0,0.0,507.0,-1.041,11.2,-10.3,1.0,14.0,2700000.0,392.0,408.0,51.0,36311.0,-5.0,700000.0,0.0,3.27e-07,-15.0,0.0,0.0,0.0,0.0,0.0,0.02,0.002,0.00409,0.004,,,5,Loc2_5m|TCP|UL|4,TCP,UL,4,17
Loc2_5m,2026-08-02 15:38:10.006638,0,0.0,0x4604,9.0,1.0,12.0,71800.0,47.0,3.0,6.0,0.0,709.0,,-4.7,-22.0,1.0,11.0,293000.0,187.0,613.0,76.0,34062.0,-5.0,700000.0,0.0,1.7600000000000001e-07,-14.0,0.0,17.0,0.0,0.0,0.0,0.169,0.002,0.00401,0.004,,,5,Loc2_5m|TCP|UL|4,TCP,UL,4,18
Loc2_5m,2026-08-02 15:38:11.006688,0,0.0,0x4604,,,12.0,,1.0,0.0,0.0,0.0,2.0,-1.29,-24.5,-45.3,1.0,0.0,0.0,0.0,74.0,100.0,2738.0,,700000.0,0.0,-5.300000000000001e-08,-14.0,0.0,5.0,0.0,0.0,0.0,0.0,0.002,0.004,0.004,,,5,Loc2_5m|TCP|UL|4,TCP,UL,4,19
Loc2_5m,2026-08-02 15:38:11.006697,0,1.0,0x4606,9.0,1.0,12.0,59600.0,55.0,13.0,19.0,0.0,922.0,-1.152,1.5,-13.8,1.0,14.0,268000.0,208.0,410.0,66.0,27103.0,,700000.0,1.0,2.51e-07,-15.0,0.0,4.0,0.0,0.0,6.0,0.045,0.055,0.004,0.004,0.004,0.0075,5,Loc2_5m|TCP|UL|4,TCP,UL,4,20
Loc2_5m,2026-08-02 15:38:12.006598,0,0.0,0x4608,9.0,1.0,11.0,61200.0,54.0,1.0,1.0,0.0,405.0,-0.062,9.0,-10.3,1.0,16.0,349000.0,176.0,326.0,64.0,22416.0,-5.0,700000.0,2.0,2.84e-07,-14.0,0.0,1.0,0.0,0.0,6.0,0.045,0.057,0.00405,0.004,0.004,0.008,5,Loc2_5m|TCP|UL|4,TCP,UL,4,21
Loc2_5m,2026-08-02 15:38:12.006605,0,1.0,0x4606,2.0,1.0,3.0,1420.0,2.0,1.0,33.0,0.0,41.0,,-24.6,-45.2,1.0,0.0,0.0,0.0,170.0,100.0,6467.0,,700000.0,0.0,-3.1e-08,-15.0,0.0,10.0,0.0,0.0,0.0,0.1,0.002,0.004,0.004,,,5,Loc2_5m|TCP|UL|4,TCP,UL,4,22
Loc2_5m,2026-08-02 15:38:13.006686,0,0.0,0x4608,10.0,1.0,16.0,130000.0,84.0,2.0,2.0,0.0,259.0,-0.086,2.1,-10.2,1.0,14.0,407000.0,314.0,486.0,60.0,35879.0,-5.0,700000.0,0.0,3.22e-07,-14.0,0.0,0.0,0.0,0.0,0.0,0.02,0.002,0.0040599999999999,0.004,,,5,Loc2_5m|TCP|UL|4,TCP,UL,4,23
Loc2_5m,2026-08-02 15:38:14.006708,0,0.0,0x4608,10.0,1.0,15.0,143000.0,136.0,12.0,8.0,70.0,390.0,-1.147,11.9,-9.0,1.0,16.0,1560000.0,318.0,482.0,60.0,35872.0,-5.0,700000.0,0.0,3.16e-07,-16.0,0.0,0.0,0.0,0.0,0.0,0.02,0.002,0.00403,0.004,,,5,Loc2_5m|TCP|UL|4,TCP,UL,4,24
Loc2_5m,2026-08-02 15:39:13.006595,0,1.0,0x460d,11.0,1.0,18.0,25900000.0,1186.0,14.0,1.0,6100000.0,59046.0,-0.3489,26.8,-1.9,1.0,26.0,300000.0,51.0,26.0,33.0,496.0,-5.0,0.0,50.0,3.41e-07,-11.0,0.0,0.0,3.0,0.0,0.0,0.001,0.02,0.004,0.004,0.00397,0.0075,5,Loc2_5m|UDP|DL|1,UDP,DL,1,5
Loc2_5m,2026-08-02 15:39:14.006637,0,1.0,0x460d,11.0,1.0,18.0,26700000.0,1194.0,6.0,0.0,6100000.0,59046.0,0.1021,27.2,-1.2,1.0,27.0,292000.0,50.0,71.0,58.0,801.0,-4.999,0.0,50.0,3.53e-07,-5.0,0.0,0.0,0.0,0.0,0.0,0.001,0.02,0.004,0.004,0.00397,0.0075,5,Loc2_5m|UDP|DL|1,UDP,DL,1,6
Loc2_5m,2026-08-02 15:39:15.006570,0,1.0,0x460d,11.0,1.0,19.0,27200000.0,1193.0,7.0,0.0,6030000.0,59037.0,0.4541,27.1,-1.2,1.0,27.0,275000.0,49.0,87.0,63.0,901.0,,0.0,50.0,3.210000000000001e-07,-6.0,0.0,0.0,0.0,0.0,0.0,0.001,0.02,0.004,0.004,0.00398,0.0075,5,Loc2_5m|UDP|DL|1,UDP,DL,1,7
Loc2_5m,2026-08-02 15:39:16.006638,0,1.0,0x460d,11.0,1.0,19.0,27300000.0,1174.0,26.0,2.0,6100000.0,59046.0,-1.094,27.1,-1.4,1.0,27.0,295000.0,51.0,95.0,65.0,965.0,-5.0,0.0,50.0,3.29e-07,-8.0,0.0,0.0,0.0,0.0,0.0,0.001,0.02,0.004,0.004,0.00398,0.0075,5,Loc2_5m|UDP|DL|1,UDP,DL,1,8
Loc2_5m,2026-08-02 15:39:17.006622,0,1.0,0x460d,12.0,1.0,19.0,27200000.0,1193.0,7.0,0.0,6030000.0,59046.0,-0.6449,27.0,-1.5,1.0,27.0,275000.0,49.0,78.0,61.0,842.0,,0.0,50.0,3.380000000000001e-07,-6.0,0.0,0.0,0.0,0.0,0.0,0.001,0.02,0.004,0.004,0.00398,0.0075,5,Loc2_5m|UDP|DL|1,UDP,DL,1,9
Loc2_5m,2026-08-02 15:39:18.006547,0,1.0,0x460d,12.0,1.0,19.0,27100000.0,1191.0,9.0,0.0,6030000.0,59025.0,-0.4929,26.8,-1.8,1.0,27.0,279000.0,50.0,81.0,61.0,859.0,,0.0,50.0,3.49e-07,-6.0,0.0,0.0,0.0,0.0,0.0,0.001,0.02,0.004,0.004,0.00398,0.0075,5,Loc2_5m|UDP|DL|1,UDP,DL,1,10
Loc2_5m,2026-08-02 15:39:19.006650,0,1.0,0x460d,12.0,1.0,19.0,27100000.0,1182.0,18.0,1.0,6080000.0,58995.0,-1.042,26.9,-1.6,1.0,27.0,286000.0,51.0,82.0,61.0,866.0,-4.999,0.0,50.0,3.27e-07,-6.0,0.0,0.0,0.0,0.0,0.0,0.001,0.02,0.004,0.004,0.00398,0.0075,5,Loc2_5m|UDP|DL|1,UDP,DL,1,11
Loc2_5m,2026-08-02 15:39:20.006600,0,1.0,0x460d,12.0,1.0,19.0,27600000.0,1198.0,2.0,0.0,6090000.0,59046.0,-0.1909,27.0,-1.4,1.0,27.0,277000.0,49.0,87.0,63.0,898.0,-4.999,0.0,50.0,3.39e-07,-5.0,0.0,0.0,0.0,0.0,0.0,0.001,0.02,0.004,0.004,0.00398,0.0075,5,Loc2_5m|UDP|DL|1,UDP,DL,1,12
Loc2_5m,2026-08-02 15:39:21.006643,0,1.0,0x460d,12.0,1.0,19.0,27800000.0,1186.0,14.0,1.0,6020000.0,59046.0,-0.3419,27.0,-1.3,1.0,27.0,283000.0,49.0,103.0,67.0,1023.0,,0.0,50.0,3.3e-07,-5.0,0.0,0.0,0.0,0.0,0.0,0.001,0.02,0.004,0.004,0.00398,0.0075,5,Loc2_5m|UDP|DL|1,UDP,DL,1,13
Loc2_5m,2026-08-02 15:39:22.006674,0,1.0,0x460d,12.0,1.0,19.0,27500000.0,1178.0,22.0,1.0,6030000.0,59025.0,-1.094,27.2,-1.1,1.0,27.0,292000.0,50.0,105.0,67.0,1037.0,,0.0,50.0,3.06e-07,-7.0,0.0,0.0,0.0,0.0,0.0,0.001,0.02,0.004,0.004,0.00398,0.0075,5,Loc2_5m|UDP|DL|1,UDP,DL,1,14
Loc2_5m,2026-08-02 15:39:23.006621,0,1.0,0x460d,12.0,1.0,19.0,28000000.0,1200.0,0.0,0.0,6010000.0,59037.0,-0.04393,27.0,-1.4,1.0,27.0,287000.0,50.0,100.0,66.0,1000.0,,0.0,50.0,3.23e-07,-8.0,0.0,0.0,0.0,0.0,0.0,0.001,0.02,0.004,0.004,0.00398,0.0075,5,Loc2_5m|UDP|DL|1,UDP,DL,1,15
Loc2_5m,2026-08-02 15:39:24.006642,0,1.0,0x460d,12.0,1.0,19.0,27500000.0,1180.0,20.0,1.0,6090000.0,59004.0,-0.6939,27.2,-1.1,1.0,27.0,297000.0,51.0,106.0,67.0,1044.0,-4.999,0.0,50.0,3.29e-07,-5.0,0.0,0.0,0.0,0.0,0.0,0.001,0.02,0.004,0.004,0.00398,0.0075,5,Loc2_5m|UDP|DL|1,UDP,DL,1,16
Loc2_5m,2026-08-02 15:39:25.006599,0,1.0,0x460d,12.0,1.0,19.0,28100000.0,1196.0,4.0,0.0,6090000.0,59046.0,-0.04395,26.9,-1.5,1.0,27.0,269000.0,49.0,82.0,62.0,855.0,-4.999,0.0,50.0,3.39e-07,-5.0,0.0,0.0,0.0,0.0,0.0,0.001,0.02,0.004,0.004,0.00398,0.0075,5,Loc2_5m|UDP|DL|1,UDP,DL,1,17
Loc2_5m,2026-08-02 15:39:26.006648,0,1.0,0x460d,12.0,1.0,19.0,27500000.0,1184.0,16.0,1.0,6090000.0,59046.0,-0.593,27.0,-1.5,1.0,27.0,278000.0,50.0,80.0,61.0,850.0,-4.999,0.0,50.0,2.94e-07,-5.0,0.0,0.0,0.0,0.0,0.0,0.001,0.02,0.004,0.004,0.00397,0.0075,5,Loc2_5m|UDP|DL|1,UDP,DL,1,18
Loc2_5m,2026-08-02 15:39:27.006674,0,1.0,0x460d,12.0,1.0,20.0,28200000.0,1194.0,6.0,0.0,6010000.0,59016.0,-0.04296,27.0,-1.4,1.0,27.0,275000.0,48.0,104.0,68.0,1023.0,,0.0,50.0,2.96e-07,-8.0,0.0,0.0,0.0,0.0,0.0,0.001,0.02,0.004,0.004,0.00398,0.0075,5,Loc2_5m|UDP|DL|1,UDP,DL,1,19
Loc2_5m,2026-08-02 15:39:28.006611,0,1.0,0x460d,12.0,1.0,19.0,26900000.0,1183.0,17.0,1.0,6090000.0,59004.0,-0.6909,27.3,-0.9,1.0,27.0,305000.0,51.0,119.0,70.0,1141.0,-5.0,0.0,50.0,3.03e-07,-7.0,0.0,0.0,0.0,0.0,0.0,0.001,0.02,0.004,0.004,0.00398,0.0075,5,Loc2_5m|UDP|DL|1,UDP,DL,1,20
Loc2_5m,2026-08-02 15:39:46.006623,0,1.0,0x460d,11.0,1.0,11.0,14400000.0,1120.0,80.0,6.0,6080000.0,59046.0,-3.976,26.8,-1.6,1.0,26.0,261000.0,50.0,63.0,55.0,710.0,,0.0,50.0,3.25e-07,-6.0,0.0,0.0,0.0,0.0,0.0,0.001,0.02,0.004,0.004,0.00397,0.00749,5,Loc2_5m|UDP|DL|2,UDP,DL,2,5
Loc2_5m,2026-08-02 15:39:47.006594,0,1.0,0x460d,11.0,1.0,11.0,15700000.0,1200.0,0.0,0.0,6120000.0,59037.0,-2.926,26.1,-2.5,1.0,26.0,257000.0,50.0,65.0,56.0,744.0,-4.998,0.0,50.0,3.29e-07,-8.0,0.0,0.0,0.0,0.0,0.0,0.001,0.02,0.004,0.004,0.00397,0.0075,5,Loc2_5m|UDP|DL|2,UDP,DL,2,6
Loc2_5m,2026-08-02 15:39:48.006619,0,1.0,0x460d,11.0,1.0,11.0,14600000.0,1103.0,97.0,8.0,6080000.0,59046.0,-3.994,27.9,-0.8,1.0,27.0,285000.0,48.0,111.0,69.0,1095.0,,0.0,50.0,3.39e-07,-8.0,0.0,0.0,0.0,0.0,0.0,0.001,0.02,0.004,0.004,0.00398,0.0075,5,Loc2_5m|UDP|DL|2,UDP,DL,2,7
Loc2_5m,2026-08-02 15:39:49.006499,0,1.0,0x460d,11.0,1.0,11.0,14400000.0,1137.0,63.0,5.0,6100000.0,59046.0,-3.682,26.2,-2.4,1.0,26.0,254000.0,48.0,77.0,61.0,827.0,,0.0,50.0,3.06e-07,-5.0,0.0,0.0,0.0,0.0,0.0,0.001,0.02,0.004,0.004,0.00397,0.0075,5,Loc2_5m|UDP|DL|2,UDP,DL,2,8
Loc2_5m,2026-08-02 15:39:50.006595,0,1.0,0x460d,11.0,1.0,12.0,16600000.000000002,1200.0,0.0,0.0,6080000.0,59046.0,-2.632,26.2,-2.6,1.0,26.0,262000.0,49.0,70.0,58.0,770.0,,0.0,50.0,2.96e-07,-4.0,0.0,0.0,0.0,0.0,0.0,0.001,0.02,0.004,0.004,0.00397,0.0075,5,Loc2_5m|UDP|DL|2,UDP,DL,2,9
Loc2_5m,2026-08-02 15:39:51.006645,0,1.0,0x460d,11.0,1.0,14.0,19900000.0,1200.0,0.0,0.0,6110000.0,59037.0,-1.582,26.0,-3.2,1.0,26.0,250000.0,51.0,35.0,40.0,489.0,-4.996,0.0,50.0,2.8800000000000004e-07,-2.0,0.0,0.0,0.0,0.0,0.0,0.001,0.02,0.004,0.004,0.00397,0.0075,5,Loc2_5m|UDP|DL|2,UDP,DL,2,10
Loc2_5m,2026-08-02 15:39:52.006586,0,1.0,0x460d,12.0,1.0,18.0,25500000.0,1199.0,1.0,0.0,6090000.0,59025.0,-0.6321,24.9,-4.3,1.0,25.0,227000.0,49.0,28.0,36.0,445.0,-4.999,0.0,50.0,3.2400000000000004e-07,-4.0,0.0,0.0,0.0,0.0,0.0,0.001,0.02,0.004,0.004,0.00397,0.0075,5,Loc2_5m|UDP|DL|2,UDP,DL,2,11
Loc2_5m,2026-08-02 15:39:53.006575,0,1.0,0x460d,11.0,1.0,18.0,25800000.0,1185.0,15.0,1.0,6100000.0,59025.0,-0.3881,24.1,-5.1,1.0,23.0,232000.0,50.0,23.0,31.0,498.0,-4.999,0.0,50.0,3.0000000000000004e-07,-4.0,0.0,0.0,2.0,0.0,0.0,0.001,0.02,0.004,0.004,0.00397,0.0075,5,Loc2_5m|UDP|DL|2,UDP,DL,2,12
Loc2_5m,2026-08-02 15:39:54.006549,0,1.0,0x460d,11.0,1.0,16.0,23400000.0,1180.0,20.0,1.0,6110000.0,59004.0,-1.338,25.9,-3.0,1.0,25.0,267000.0,50.0,32.0,39.0,532.0,-4.994,0.0,50.0,2.82e-07,-9.0,0.0,0.0,0.0,0.0,0.0,0.001,0.02,0.004,0.004,0.00397,0.0075,5,Loc2_5m|UDP|DL|2,UDP,DL,2,13
Loc2_5m,2026-08-02 15:39:55.006569,0,1.0,0x460d,11.0,1.0,17.0,24300000.0,1200.0,0.0,0.0,6090000.0,59037.0,-0.2881,24.1,-4.9,1.0,23.0,239000.0,50.0,28.0,35.0,563.0,-4.981,0.0,50.0,3.18e-07,-9.0,0.0,0.0,0.0,0.0,0.0,0.001,0.02,0.004,0.004,0.00397,0.0075,5,Loc2_5m|UDP|DL|2,UDP,DL,2,14
Loc2_5m,2026-08-02 15:39:56.006662,0,1.0,0x460d,12.0,1.0,18.0,25900000.0,1178.0,22.0,1.0,6100000.0,59046.0,-1.438,20.7,-8.4,1.0,17.0,212000.0,49.0,8.0,14.0,531.0,-4.992,0.0,50.0,3.1200000000000004e-07,-6.0,0.0,0.0,0.0,0.0,0.0,0.001,0.02,0.004,0.004,0.00397,0.0075,5,Loc2_5m|UDP|DL|2,UDP,DL,2,15
Loc2_5m,2026-08-02 15:39:57.006580,0,1.0,0x460d,12.0,1.0,18.0,26300000.0,1190.0,10.0,0.0,6090000.0,59046.0,-1.19,23.5,-6.5,1.0,21.0,224000.0,50.0,10.0,16.0,389.0,-4.999,0.0,50.0,3.190000000000001e-07,-4.0,0.0,0.0,0.0,0.0,0.0,0.001,0.02,0.004,0.004,0.00397,0.0075,5,Loc2_5m|UDP|DL|2,UDP,DL,2,16
Loc2_5m,2026-08-02 15:39:58.006662,0,1.0,0x460d,12.0,1.0,18.0,26300000.0,1182.0,18.0,1.0,6090000.0,58983.0,-1.937,23.8,-6.0,1.0,22.0,227000.0,50.0,15.0,23.0,393.0,-4.996,0.0,50.0,3.47e-07,-5.0,0.0,0.0,0.0,0.0,0.0,0.001,0.02,0.004,0.004,0.00397,0.0075,5,Loc2_5m|UDP|DL|2,UDP,DL,2,17
Loc2_5m,2026-08-02 15:39:59.006529,0,1.0,0x460d,12.0,1.0,18.0,26700000.0,1197.0,3.0,0.0,6090000.0,59037.0,-1.187,19.7,-8.2,1.0,14.0,217000.0,50.0,0.0,0.0,488.0,-4.946,0.0,50.0,3.51e-07,-6.0,0.0,0.0,0.0,0.0,0.0,0.001,0.02,0.004,0.004,0.00397,0.0075,5,Loc2_5m|UDP|DL|2,UDP,DL,2,18
Loc2_5m,2026-08-02 15:40:00.006623,0,1.0,0x460d,12.0,1.0,18.0,26000000.0,1191.0,9.0,0.0,6090000.0,59004.0,-1.037,23.3,-6.5,1.0,22.0,220000.0,50.0,12.0,19.0,367.0,-4.996,0.0,50.0,3.500000000000001e-07,-4.0,0.0,0.0,0.0,0.0,0.0,0.001,0.02,0.004,0.004,0.00396,0.0075,5,Loc2_5m|UDP|DL|2,UDP,DL,2,19
Loc2_5m,2026-08-02 15:40:01.006646,0,1.0,0x460d,11.0,1.0,17.0,24200000.0,1193.0,7.0,0.0,6100000.0,59046.0,-0.6849,25.1,-3.7,1.0,24.0,252000.0,50.0,54.0,51.0,749.0,-4.984,0.0,50.0,3.53e-07,-9.0,0.0,0.0,0.0,0.0,0.0,0.001,0.02,0.004,0.004,0.00397,0.0075,5,Loc2_5m|UDP|DL|2,UDP,DL,2,20
Loc2_5m,2026-08-02 15:40:31.006572,0,1.0,0x460d,9.0,1.0,7.0,10000000.0,1109.0,91.0,7.0,6120000.0,59037.0,-3.994,27.1,-1.1,1.0,27.0,278000.0,49.0,95.0,65.0,963.0,,0.0,50.0,3.35e-07,-7.0,0.0,0.0,0.0,0.0,0.0,0.001,0.02,0.004,0.004,0.00398,0.0075,5,Loc2_5m|UDP|DL|3,UDP,DL,3,5
Loc2_5m,2026-08-02 15:40:32.006664,0,1.0,0x460d,9.0,1.0,7.0,9960000.0,1097.0,103.0,8.0,6140000.0,59046.0,-3.994,26.9,-1.4,1.0,27.0,276000.0,51.0,77.0,60.0,807.0,-4.997,0.0,50.0,3.3600000000000004e-07,-3.0,0.0,0.0,0.0,0.0,0.0,0.001,0.02,0.004,0.004,0.00398,0.0075,5,Loc2_5m|UDP|DL|3,UDP,DL,3,6
Loc2_5m,2026-08-02 15:40:33.006568,0,1.0,0x460d,9.0,1.0,7.0,9870000.0,1065.0,135.0,11.0,6120000.0,59046.0,-3.994,26.4,-2.3,1.0,26.0,250000.0,48.0,71.0,59.0,763.0,,0.0,50.0,3.210000000000001e-07,-7.0,0.0,0.0,0.0,0.0,0.0,0.001,0.02,0.004,0.004,0.00397,0.0075,5,Loc2_5m|UDP|DL|3,UDP,DL,3,7
Loc2_5m,2026-08-02 15:40:34.006585,0,1.0,0x460d,9.0,1.0,7.0,10100000.0,1090.0,110.0,9.0,6130000.0,59046.0,-3.994,26.9,-1.5,1.0,27.0,280000.0,51.0,79.0,60.0,836.0,-4.997,0.0,50.0,3.15e-07,-3.0,0.0,0.0,0.0,0.0,0.0,0.001,0.02,0.004,0.004,0.00398,0.0075,5,Loc2_5m|UDP|DL|3,UDP,DL,3,8
Loc2_5m,2026-08-02 15:40:35.006668,0,1.0,0x460d,10.0,1.0,9.0,12500000.0,1099.0,101.0,8.0,6130000.0,59037.0,-3.994,22.5,-5.3,1.0,20.0,217000.0,49.0,12.0,19.0,556.0,-4.999,0.0,49.0,2.98e-07,-6.0,0.0,0.0,0.0,0.0,0.0,0.001,0.04,0.004,0.004,0.00397,0.0075,5,Loc2_5m|UDP|DL|3,UDP,DL,3,9
Loc2_5m,2026-08-02 15:40:36.006569,0,1.0,0x460d,9.0,1.0,7.0,10200000.0,1105.0,95.0,7.0,6140000.0,59046.0,-3.994,24.7,-4.7,1.0,25.0,229000.0,50.0,16.0,24.0,352.0,-5.0,0.0,50.0,3.13e-07,-10.0,0.0,0.0,0.0,0.0,0.0,0.001,0.02,0.004,0.004,0.00397,0.0075,5,Loc2_5m|UDP|DL|3,UDP,DL,3,10
Loc2_5m,2026-08-02 15:40:37.006640,0,1.0,0x460d,9.0,1.0,7.0,10000000.0,1114.0,86.0,7.0,6140000.0,59046.0,-3.994,25.8,-3.3,1.0,26.0,251000.0,50.0,36.0,41.0,500.0,-4.999,0.0,50.0,2.94e-07,-7.0,0.0,0.0,0.0,0.0,0.0,0.001,0.02,0.004,0.004,0.00397,0.0075,5,Loc2_5m|UDP|DL|3,UDP,DL,3,11
Loc2_5m,2026-08-02 15:40:38.006581,0,1.0,0x460d,10.0,1.0,9.0,12600000.0,1118.0,82.0,6.0,6130000.0,59046.0,-3.994,25.5,-4.3,1.0,26.0,230000.0,50.0,20.0,28.0,350.0,-4.999,0.0,50.0,3.46e-07,-6.0,0.0,0.0,0.0,0.0,0.0,0.001,0.02,0.004,0.004,0.00396,0.0075,5,Loc2_5m|UDP|DL|3,UDP,DL,3,12
Loc2_5m,2026-08-02 15:40:39.006609,0,1.0,0x460d,10.0,1.0,10.0,13800000.0,1179.0,21.0,1.0,6140000.0,59037.0,-3.22,20.5,-7.8,1.0,16.0,218000.0,50.0,5.0,9.0,519.0,-4.962,0.0,50.0,3.59e-07,-9.0,0.0,0.0,0.0,0.0,0.0,0.001,0.02,0.004,0.004,0.00397,0.0075,5,Loc2_5m|UDP|DL|3,UDP,DL,3,13
Loc2_5m,2026-08-02 15:40:40.006501,0,1.0,0x460d,10.0,1.0,12.0,16600000.000000002,1200.0,0.0,0.0,6130000.0,59046.0,-2.17,24.5,-5.5,1.0,25.0,222000.0,50.0,18.0,26.0,347.0,-4.993,0.0,50.0,3.63e-07,-6.0,0.0,0.0,0.0,0.0,0.0,0.001,0.02,0.004,0.004,0.00397,0.0075,5,Loc2_5m|UDP|DL|3,UDP,DL,3,14
Loc2_5m,2026-08-02 15:40:41.006567,0,1.0,0x460d,10.0,1.0,13.0,18200000.0,1200.0,0.0,0.0,6070000.0,59046.0,-1.12,25.4,-4.6,1.0,26.0,223000.0,49.0,18.0,26.0,348.0,,0.0,50.0,3.430000000000001e-07,-6.0,0.0,0.0,0.0,0.0,0.0,0.001,0.02,0.004,0.004,0.00397,0.0075,5,Loc2_5m|UDP|DL|3,UDP,DL,3,15
Loc2_5m,2026-08-02 15:40:42.006639,0,1.0,0x460d,10.0,1.0,16.0,22300000.0,1200.0,0.0,0.0,6090000.0,59046.0,-0.07011,24.6,-5.6,1.0,25.0,232000.0,51.0,23.0,31.0,372.0,-4.999,0.0,50.0,3.450000000000001e-07,-6.0,0.0,0.0,0.0,0.0,0.0,0.001,0.02,0.004,0.004,0.00396,0.0075,5,Loc2_5m|UDP|DL|3,UDP,DL,3,16
Loc2_5m,2026-08-02 15:40:43.006572,0,1.0,0x460d,11.0,1.0,19.0,27000000.0,1185.0,15.0,1.0,6090000.0,59028.0,-0.4171,23.4,-6.9,1.0,22.0,221000.0,50.0,7.0,12.0,322.0,-4.997,0.0,50.0,3.520000000000001e-07,-7.0,0.0,0.0,0.0,0.0,0.0,0.001,0.02,0.004,0.004,0.00397,0.0075,5,Loc2_5m|UDP|DL|3,UDP,DL,3,17
Loc2_5m,2026-08-02 15:40:44.006612,0,1.0,0x460d,12.0,1.0,19.0,27600000.0,1187.0,13.0,1.0,6090000.0,59025.0,-0.5641,23.0,-7.3,1.0,21.0,218000.0,50.0,3.0,5.0,315.0,-4.976,0.0,50.0,3.570000000000001e-07,-9.0,0.0,0.0,0.0,0.0,0.0,0.001,0.02,0.004,0.004,0.00397,0.0075,5,Loc2_5m|UDP|DL|3,UDP,DL,3,18
Loc2_5m,2026-08-02 15:40:45.006522,0,1.0,0x460d,12.0,1.0,20.0,28200000.0,1187.0,13.0,1.0,6090000.0,59046.0,-0.8111,20.5,-9.3,1.0,15.0,212000.0,51.0,0.0,0.0,422.0,-4.925,0.0,50.0,3.66e-07,-9.0,0.0,0.0,0.0,0.0,0.0,0.001,0.02,0.004,0.004,0.00396,0.0075,5,Loc2_5m|UDP|DL|3,UDP,DL,3,19
Loc2_5m,2026-08-02 15:40:46.006619,0,1.0,0x460d,12.0,1.0,18.0,26400000.0,1177.0,23.0,1.0,6100000.0,59046.0,-1.663,18.4,-9.4,1.0,12.0,215000.0,50.0,0.0,0.0,558.0,-4.875,0.0,50.0,3.56e-07,-10.0,0.0,0.0,0.0,0.0,0.0,0.001,0.02,0.004,0.004,0.00397,0.0075,5,Loc2_5m|UDP|DL|3,UDP,DL,3,20
Loc2_5m,2026-08-02 15:40:56.006574,0,1.0,0x460d,13.0,1.0,20.0,28100000.0,1182.0,18.0,1.0,6100000.0,59004.0,-1.346,16.8,-11.0,1.0,9.0,209000.0,50.0,0.0,0.0,655.0,-4.771,0.0,50.0,2.950000000000001e-07,-8.0,0.0,0.0,0.0,0.0,0.0,0.001,0.02,0.004,0.004,0.00397,0.0075,5,Loc2_5m|UDP|DL|4,UDP,DL,4,5
Loc2_5m,2026-08-02 15:40:57.006509,0,1.0,0x460d,12.0,1.0,19.0,27500000.0,1198.0,2.0,0.0,6080000.0,59046.0,-0.4961,19.1,-11.0,1.0,13.0,216000.0,50.0,0.0,0.0,500.0,-4.721,0.0,50.0,2.470000000000001e-07,-8.0,0.0,0.0,0.0,0.0,0.0,0.001,0.02,0.004,0.004,0.00396,0.0075,5,Loc2_5m|UDP|DL|4,UDP,DL,4,6
Loc2_5m,2026-08-02 15:40:58.006569,0,1.0,0x460d,13.0,1.0,20.0,29100000.0,1182.0,18.0,1.0,6080000.0,59025.0,-1.143,19.6,-10.7,1.0,14.0,213000.0,50.0,0.0,0.0,462.0,-4.671,0.0,50.0,2.56e-07,-8.0,0.0,0.0,0.0,0.0,0.0,0.001,0.02,0.004,0.004,0.00397,0.0075,5,Loc2_5m|UDP|DL|4,UDP,DL,4,7
Loc2_5m,2026-08-02 15:40:59.006638,0,1.0,0x460d,13.0,1.0,20.0,28800000.0,1192.0,8.0,0.0,6080000.0,59037.0,-0.793,19.5,-10.9,1.0,14.0,213000.0,50.0,0.0,0.0,467.0,-4.621,0.0,50.0,2.760000000000001e-07,-9.0,0.0,0.0,0.0,0.0,0.0,0.001,0.02,0.004,0.004,0.00397,0.0075,5,Loc2_5m|UDP|DL|4,UDP,DL,4,8
Loc2_5m,2026-08-02 15:41:00.006569,0,1.0,0x460d,13.0,1.0,20.0,29200000.0,1186.0,14.0,1.0,6090000.0,59046.0,-1.042,18.8,-11.2,1.0,13.0,217000.0,50.0,0.0,0.0,504.0,-4.571,0.0,50.0,2.85e-07,-8.0,0.0,0.0,0.0,0.0,0.0,0.001,0.02,0.004,0.004,0.00397,0.0075,5,Loc2_5m|UDP|DL|4,UDP,DL,4,9
Loc2_5m,2026-08-02 15:41:01.006604,0,1.0,0x460d,13.0,1.0,20.0,29200000.0,1192.0,8.0,0.0,6080000.0,59046.0,-0.6919,20.9,-9.8,1.0,17.0,213000.0,50.0,0.0,0.0,376.0,-4.521,0.0,50.0,2.92e-07,-7.0,0.0,0.0,0.0,0.0,0.0,0.001,0.02,0.004,0.004,0.00396,0.0075,5,Loc2_5m|UDP|DL|4,UDP,DL,4,10
Loc2_5m,2026-08-02 15:41:02.006473,0,1.0,0x460d,13.0,1.0,20.0,29200000.0,1185.0,15.0,1.0,6080000.0,59046.0,-0.9419,21.1,-9.5,1.0,17.0,214000.0,50.0,0.0,0.0,357.0,-4.471,0.0,50.0,2.84e-07,-7.0,0.0,0.0,0.0,0.0,0.0,0.001,0.02,0.004,0.004,0.00397,0.0075,5,Loc2_5m|UDP|DL|4,UDP,DL,4,11
Loc2_5m,2026-08-02 15:41:03.006594,0,1.0,0x460d,13.0,1.0,20.0,29100000.0,1192.0,8.0,0.0,6080000.0,59016.0,-0.6909,21.1,-9.5,1.0,17.0,212000.0,50.0,0.0,0.0,351.0,-4.421,0.0,50.0,2.8100000000000004e-07,-7.0,0.0,0.0,0.0,0.0,0.0,0.001,0.02,0.004,0.004,0.00396,0.0075,5,Loc2_5m|UDP|DL|4,UDP,DL,4,12
Loc2_5m,2026-08-02 15:41:04.006639,0,1.0,0x460d,13.0,1.0,21.0,29700000.0,1190.0,10.0,0.0,6080000.0,59004.0,-0.6389,20.7,-9.7,1.0,17.0,211000.0,50.0,0.0,0.0,371.0,-4.371,0.0,50.0,2.87e-07,-7.0,0.0,0.0,0.0,0.0,0.0,0.001,0.02,0.004,0.004,0.00397,0.0075,5,Loc2_5m|UDP|DL|4,UDP,DL,4,13
Loc2_5m,2026-08-02 15:41:05.006559,0,1.0,0x460d,12.0,1.0,19.0,27300000.0,1187.0,13.0,1.0,6080000.0,59046.0,-0.7869,21.4,-9.3,1.0,18.0,220000.0,50.0,0.0,0.0,342.0,-4.321,0.0,50.0,2.96e-07,-7.0,0.0,0.0,0.0,0.0,0.0,0.001,0.02,0.004,0.004,0.00396,0.0075,5,Loc2_5m|UDP|DL|4,UDP,DL,4,14
Loc2_5m,2026-08-02 15:41:06.006608,0,1.0,0x460d,13.0,1.0,20.0,28700000.0,1186.0,14.0,1.0,6090000.0,59046.0,-0.8389,21.3,-9.2,1.0,18.0,219000.0,50.0,1.0,1.0,350.0,-4.37,0.0,50.0,2.97e-07,-7.0,0.0,0.0,0.0,0.0,0.0,0.001,0.02,0.004,0.004,0.00397,0.0075,5,Loc2_5m|UDP|DL|4,UDP,DL,4,15
Loc2_5m,2026-08-02 15:41:07.006577,0,1.0,0x460d,12.0,1.0,20.0,28700000.0,1192.0,8.0,0.0,6080000.0,59037.0,-0.5889,21.3,-9.2,1.0,18.0,217000.0,50.0,0.0,0.0,343.0,-4.32,0.0,50.0,2.8100000000000004e-07,-7.0,0.0,0.0,0.0,0.0,0.0,0.001,0.02,0.004,0.004,0.00397,0.0075,5,Loc2_5m|UDP|DL|4,UDP,DL,4,16
Loc2_5m,2026-08-02 15:41:08.006594,0,1.0,0x460d,13.0,1.0,21.0,29500000.0,1185.0,15.0,1.0,6080000.0,59046.0,-0.8399,21.1,-9.4,1.0,18.0,216000.0,50.0,0.0,0.0,348.0,-4.27,0.0,50.0,2.86e-07,-7.0,0.0,0.0,0.0,0.0,0.0,0.001,0.02,0.00401,0.004,0.00397,0.0075,5,Loc2_5m|UDP|DL|4,UDP,DL,4,17
Loc2_5m,2026-08-02 15:41:09.006675,0,1.0,0x460d,13.0,1.0,20.0,29100000.0,1190.0,10.0,0.0,6080000.0,59046.0,-0.6898,21.3,-9.2,1.0,18.0,221000.0,50.0,0.0,0.0,341.0,-4.22,0.0,50.0,2.590000000000001e-07,-7.0,0.0,0.0,0.0,0.0,0.0,0.001,0.02,0.004,0.004,0.00397,0.0075,5,Loc2_5m|UDP|DL|4,UDP,DL,4,18
Loc2_5m,2026-08-02 15:41:10.006509,0,1.0,0x460d,13.0,1.0,20.0,28700000.0,1183.0,17.0,1.0,6080000.0,59046.0,-1.338,21.4,-9.1,1.0,19.0,219000.0,50.0,0.0,0.0,334.0,-4.17,0.0,50.0,2.3700000000000002e-07,-7.0,0.0,0.0,0.0,0.0,0.0,0.001,0.02,0.004,0.004,0.00396,0.0075,5,Loc2_5m|UDP|DL|4,UDP,DL,4,19
Loc2_5m,2026-08-02 15:41:11.006625,0,1.0,0x460d,13.0,1.0,20.0,28800000.0,1195.0,5.0,0.0,6080000.0,59037.0,-0.7868,21.1,-9.2,1.0,18.0,218000.0,50.0,1.0,1.0,349.0,-4.219,0.0,50.0,2.520000000000001e-07,-6.0,0.0,0.0,0.0,0.0,0.0,0.001,0.02,0.004,0.004,0.00397,0.0075,5,Loc2_5m|UDP|DL|4,UDP,DL,4,20
Loc2_5m,2026-08-02 15:41:24.006562,0,1.0,0x460d,11.0,1.0,16.0,32000.0,61.0,0.0,0.0,0.0,234.0,-1.252,16.1,-8.3,1.0,18.0,2950000.0,295.0,505.0,63.0,36012.0,-5.0,700000.0,0.0,3.2400000000000004e-07,-12.0,0.0,0.0,0.0,0.0,0.0,0.02,0.002,0.00401,0.004,,,5,Loc2_5m|UDP|UL|1,UDP,UL,1,5
Loc2_5m,2026-08-02 15:41:25.006578,0,1.0,0x460d,11.0,1.0,16.0,32100.0,62.0,1.0,1.0,0.0,210.0,-1.289,15.9,-8.8,1.0,18.0,2960000.0,300.0,500.0,62.0,36023.0,-5.0,700000.0,0.0,2.97e-07,-12.0,0.0,0.0,0.0,0.0,0.0,0.02,0.002,0.00401,0.004,,,5,Loc2_5m|UDP|UL|1,UDP,UL,1,6
Loc2_5m,2026-08-02 15:41:26.006633,0,1.0,0x460d,11.0,1.0,16.0,31400.0,73.0,1.0,1.0,0.0,197.0,-1.318,16.8,-8.2,1.0,19.0,3500000.0,300.0,500.0,62.0,36011.0,-5.0,700000.0,0.0,2.780000000000001e-07,-13.0,0.0,0.0,0.0,0.0,0.0,0.02,0.002,0.00401,0.004,,,5,Loc2_5m|UDP|UL|1,UDP,UL,1,7
Loc2_5m,2026-08-02 15:41:27.006556,0,1.0,0x460d,11.0,1.0,16.0,31400.0,75.0,0.0,0.0,0.0,197.0,-1.245,16.9,-8.2,1.0,19.0,3520000.0,300.0,500.0,62.0,36020.0,-5.0,700000.0,0.0,3.140000000000001e-07,-13.0,0.0,0.0,0.0,0.0,0.0,0.02,0.002,0.00401,0.004,,,5,Loc2_5m|UDP|UL|1,UDP,UL,1,8
Loc2_5m,2026-08-02 15:41:28.006630,0,1.0,0x460d,11.0,1.0,16.0,29700.0,71.0,0.0,0.0,0.0,197.0,-1.175,16.4,-8.4,1.0,18.0,3290000.0,300.0,500.0,62.0,36010.0,-5.0,700000.0,0.0,2.91e-07,-12.0,0.0,0.0,0.0,0.0,0.0,0.02,0.002,0.00401,0.004,,,5,Loc2_5m|UDP|UL|1,UDP,UL,1,9
Loc2_5m,2026-08-02 15:41:29.006561,0,1.0,0x460d,11.0,1.0,16.0,29500.0,60.0,0.0,0.0,0.0,208.0,-1.116,17.1,-7.9,1.0,19.0,3530000.0,302.0,498.0,62.0,36035.0,-5.0,700000.0,0.0,2.97e-07,-12.0,0.0,0.0,0.0,0.0,0.0,0.02,0.002,0.00401,0.004,,,5,Loc2_5m|UDP|UL|1,UDP,UL,1,10
Loc2_5m,2026-08-02 15:41:30.006593,0,1.0,0x460d,11.0,1.0,16.0,37300.0,67.0,0.0,0.0,0.0,198.0,-1.054,17.6,-8.0,1.0,19.0,4070000.000000001,309.0,491.0,61.0,36047.0,-5.0,700000.0,0.0,3.1e-07,-13.0,0.0,0.0,0.0,0.0,0.0,0.02,0.002,0.00401,0.004,,,5,Loc2_5m|UDP|UL|1,UDP,UL,1,11
Loc2_5m,2026-08-02 15:41:31.006518,0,1.0,0x460d,11.0,1.0,16.0,29500.0,71.0,3.0,4.0,0.0,170.0,-1.283,18.7,-7.6,1.0,20.0,6030000.0,342.0,458.0,57.0,36118.0,-5.0,700000.0,0.0,2.86e-07,-13.0,0.0,0.0,0.0,0.0,0.0,0.02,0.002,0.00401,0.004,,,5,Loc2_5m|UDP|UL|1,UDP,UL,1,12
Loc2_5m,2026-08-02 15:41:32.006574,0,1.0,0x460d,11.0,1.0,16.0,68300.0,71.0,0.0,0.0,0.0,142.0,-1.212,18.6,-7.8,1.0,19.0,5990000.0,352.0,448.0,56.0,36123.0,-5.0,700000.0,0.0,2.91e-07,-13.0,0.0,0.0,0.0,0.0,0.0,0.02,0.002,0.00401,0.004,,,5,Loc2_5m|UDP|UL|1,UDP,UL,1,13
Loc2_5m,2026-08-02 15:41:33.006629,0,1.0,0x460d,11.0,1.0,16.0,72200.0,74.0,1.0,1.0,0.0,150.0,-1.241,18.3,-7.7,1.0,19.0,5440000.0,345.0,455.0,56.0,36166.0,-5.0,700000.0,0.0,2.62e-07,-13.0,0.0,0.0,0.0,0.0,0.0,0.02,0.002,0.00401,0.004,,,5,Loc2_5m|UDP|UL|1,UDP,UL,1,14
Loc2_5m,2026-08-02 15:41:34.006551,0,1.0,0x460d,11.0,1.0,16.0,68500.0,70.0,0.0,0.0,0.0,140.0,-1.173,18.4,-7.8,1.0,19.0,5680000.0,346.0,454.0,56.0,36185.0,-5.0,700000.0,0.0,2.66e-07,-13.0,0.0,0.0,0.0,0.0,0.0,0.02,0.002,0.00401,0.004,,,5,Loc2_5m|UDP|UL|1,UDP,UL,1,15
Loc2_5m,2026-08-02 15:41:35.006599,0,1.0,0x460d,11.0,1.0,16.0,61800.0,74.0,0.0,0.0,0.0,149.0,-1.1,18.4,-8.0,1.0,19.0,6460000.0,374.0,426.0,53.0,36231.0,-5.0,700000.0,0.0,2.72e-07,-13.0,0.0,0.0,0.0,0.0,0.0,0.028,0.002,0.004,0.004,,,5,Loc2_5m|UDP|UL|1,UDP,UL,1,16
Loc2_5m,2026-08-02 15:41:36.006542,0,1.0,0x460d,11.0,1.0,16.0,30900.0,75.0,0.0,0.0,0.0,163.0,-1.027,18.5,-7.9,1.0,19.0,6350000.0,362.0,438.0,54.0,36181.0,-5.0,700000.0,0.0,2.8e-07,-13.0,0.0,0.0,0.0,0.0,0.0,0.03,0.002,0.00401,0.004,,,5,Loc2_5m|UDP|UL|1,UDP,UL,1,17
Loc2_5m,2026-08-02 15:41:37.006579,0,1.0,0x460d,11.0,1.0,16.0,60500.0,72.0,1.0,1.0,0.0,158.0,-1.056,18.4,-7.8,1.0,19.0,5800000.0,354.0,446.0,55.0,36206.0,-5.0,700000.0,0.0,2.900000000000001e-07,-13.0,0.0,0.0,0.0,0.0,0.0,0.033,0.002,0.00401,0.004,,,5,Loc2_5m|UDP|UL|1,UDP,UL,1,18
Loc2_5m,2026-08-02 15:41:38.006631,0,1.0,0x460d,11.0,1.0,16.0,69600.0,76.0,1.0,1.0,0.0,155.0,-1.079,18.4,-7.9,1.0,19.0,6870000.0,386.0,414.0,51.0,36241.0,-5.0,700000.0,0.0,2.92e-07,-13.0,0.0,0.0,0.0,0.0,0.0,0.025,0.002,0.00401,0.004,,,5,Loc2_5m|UDP|UL|1,UDP,UL,1,19
Loc2_5m,2026-08-02 15:41:39.006538,0,1.0,0x460d,11.0,1.0,16.0,57100.0,75.0,0.0,0.0,0.0,152.0,-1.008,18.4,-8.0,1.0,19.0,6760000.0,381.0,419.0,52.0,36220.0,-5.0,700000.0,0.0,2.72e-07,-13.0,0.0,0.0,0.0,0.0,0.0,0.025,0.002,0.00401,0.004,,,5,Loc2_5m|UDP|UL|1,UDP,UL,1,20
Loc2_5m,2026-08-02 15:41:51.006554,0,1.0,0x460d,11.0,1.0,13.0,28500.0,74.0,12.0,13.0,0.0,204.0,-3.351,20.2,-6.2,1.0,21.0,7690000.0,365.0,435.0,54.0,36114.0,-5.0,700000.0,0.0,2.96e-07,-12.0,0.0,0.0,0.0,0.0,0.0,0.023,0.002,0.004,0.004,,,5,Loc2_5m|UDP|UL|2,UDP,UL,2,5
Loc2_5m,2026-08-02 15:41:52.006596,0,1.0,0x460d,11.0,1.0,11.0,39800.0,82.0,5.0,5.0,0.0,195.0,-3.764,20.5,-6.2,1.0,21.0,9040000.0,399.0,401.0,50.0,36246.0,-5.0,700000.0,0.0,3.0500000000000004e-07,-12.0,0.0,0.0,0.0,0.0,0.0,0.02,0.002,0.004,0.004,,,5,Loc2_5m|UDP|UL|2,UDP,UL,2,6
Loc2_5m,2026-08-02 15:41:53.006544,0,1.0,0x460d,11.0,1.0,11.0,41400.0,86.0,10.0,10.0,0.0,200.0,-3.995,20.9,-6.0,1.0,21.0,9570000.0,414.0,386.0,48.0,36390.0,-5.0,700000.0,0.0,3.1200000000000004e-07,-12.0,0.0,0.0,0.0,0.0,0.0,0.023,0.002,0.004,0.004,,,5,Loc2_5m|UDP|UL|2,UDP,UL,2,7
Loc2_5m,2026-08-02 15:41:54.006573,0,1.0,0x460d,11.0,1.0,11.0,43900.0,84.0,16.0,16.0,0.0,213.0,-3.996,20.9,-5.9,1.0,21.0,9100000.0,396.0,404.0,50.0,36415.0,-4.998,700000.0,0.0,3.090000000000001e-07,-12.0,0.0,0.0,0.0,0.0,0.0,0.039,0.002,0.004,0.004,,,5,Loc2_5m|UDP|UL|2,UDP,UL,2,8
Loc2_5m,2026-08-02 15:41:55.006618,0,1.0,0x460d,11.0,1.0,11.0,28600.0,80.0,6.0,6.0,0.0,201.0,-3.942,20.5,-6.2,1.0,21.0,8980000.0,397.0,403.0,50.0,36394.0,-5.0,700000.0,0.0,2.950000000000001e-07,-11.0,0.0,0.0,0.0,0.0,0.0,0.027,0.002,0.004,0.004,,,5,Loc2_5m|UDP|UL|2,UDP,UL,2,9
Loc2_5m,2026-08-02 15:41:56.006570,0,1.0,0x460d,11.0,1.0,11.0,45400.0,84.0,0.0,0.0,0.0,175.0,-3.863,20.3,-6.3,1.0,21.0,8780000.0,395.0,405.0,50.0,36295.0,-5.0,700000.0,0.0,3.04e-07,-11.0,0.0,0.0,0.0,0.0,0.0,0.025,0.002,0.004,0.004,,,5,Loc2_5m|UDP|UL|2,UDP,UL,2,10
Loc2_5m,2026-08-02 15:41:57.006606,0,1.0,0x460d,11.0,1.0,11.0,45600.0,76.0,0.0,0.0,0.0,157.0,-3.787,20.3,-6.2,1.0,21.0,8580000.0,387.0,413.0,51.0,36201.0,-5.0,700000.0,0.0,3.11e-07,-11.0,0.0,0.0,0.0,0.0,0.0,0.025,0.002,0.004,0.004,,,5,Loc2_5m|UDP|UL|2,UDP,UL,2,11
Loc2_5m,2026-08-02 15:41:58.006542,0,1.0,0x460d,11.0,1.0,11.0,45800.0,78.0,0.0,0.0,0.0,158.0,-3.71,20.4,-6.2,1.0,21.0,8359999.999999999,380.0,420.0,52.0,36217.0,-5.0,700000.0,0.0,3.0500000000000004e-07,-11.0,0.0,0.0,0.0,0.0,0.0,0.023,0.002,0.004,0.004,,,5,Loc2_5m|UDP|UL|2,UDP,UL,2,12
Loc2_5m,2026-08-02 15:41:59.006573,0,1.0,0x460d,11.0,1.0,11.0,49000.0,74.0,0.0,0.0,0.0,149.0,-3.64,20.3,-6.2,1.0,21.0,8039999.999999999,370.0,430.0,53.0,36125.0,-5.0,700000.0,0.0,2.91e-07,-11.0,0.0,0.0,0.0,0.0,0.0,0.02,0.002,0.004,0.004,,,5,Loc2_5m|UDP|UL|2,UDP,UL,2,13
Loc2_5m,2026-08-02 15:42:00.006620,0,1.0,0x460d,11.0,1.0,11.0,38600.0,77.0,0.0,0.0,0.0,181.0,-3.564,20.1,-6.3,1.0,21.0,7880000.0,367.0,433.0,54.0,36174.0,-5.0,700000.0,0.0,3.06e-07,-11.0,0.0,0.0,0.0,0.0,0.0,0.022,0.002,0.004,0.004,,,5,Loc2_5m|UDP|UL|2,UDP,UL,2,14
Loc2_5m,2026-08-02 15:42:01.006594,0,1.0,0x460d,11.0,1.0,11.0,40500.0,80.0,3.0,3.0,0.0,188.0,-3.783,20.2,-6.3,1.0,21.0,8090000.0,377.0,423.0,52.0,36188.0,-5.0,700000.0,0.0,3.090000000000001e-07,-11.0,0.0,0.0,0.0,0.0,0.0,0.02,0.002,0.00401,0.004,,,5,Loc2_5m|UDP|UL|2,UDP,UL,2,15
Loc2_5m,2026-08-02 15:42:02.006600,0,1.0,0x460d,11.0,1.0,11.0,37900.0,75.0,5.0,6.0,0.0,167.0,-3.96,20.6,-6.1,1.0,21.0,8820000.0,391.0,409.0,51.0,36277.0,-5.0,700000.0,0.0,2.96e-07,-11.0,0.0,0.0,0.0,0.0,0.0,0.033,0.002,0.004,0.004,,,5,Loc2_5m|UDP|UL|2,UDP,UL,2,16
Loc2_5m,2026-08-02 15:42:03.006542,0,1.0,0x460d,11.0,1.0,11.0,35700.0,82.0,0.0,0.0,0.0,188.0,-3.879,20.6,-6.1,1.0,21.0,8820000.0,392.0,408.0,51.0,36291.0,-4.997,700000.0,0.0,2.8800000000000004e-07,-11.0,0.0,0.0,0.0,0.0,0.0,0.03,0.002,0.004,0.004,,,5,Loc2_5m|UDP|UL|2,UDP,UL,2,17
Loc2_5m,2026-08-02 15:42:04.006602,0,1.0,0x460d,11.0,1.0,11.0,35700.0,74.0,0.0,0.0,0.0,152.0,-3.808,20.3,-6.3,1.0,21.0,8500000.0,387.0,413.0,51.0,36273.0,-5.0,700000.0,0.0,2.99e-07,-11.0,0.0,0.0,0.0,0.0,0.0,0.038,0.002,0.004,0.004,,,5,Loc2_5m|UDP|UL|2,UDP,UL,2,18
Loc2_5m,2026-08-02 15:42:05.006518,0,1.0,0x460d,11.0,1.0,11.0,44900.0,77.0,0.0,0.0,0.0,164.0,-3.731,20.4,-6.1,1.0,21.0,8620000.0,391.0,409.0,51.0,36259.0,-5.0,700000.0,0.0,3.08e-07,-11.0,0.0,0.0,0.0,0.0,0.0,0.02,0.002,0.004,0.004,,,5,Loc2_5m|UDP|UL|2,UDP,UL,2,19
Loc2_5m,2026-08-02 15:42:06.006555,0,1.0,0x460d,11.0,1.0,11.0,42000.0,77.0,0.0,0.0,0.0,165.0,-3.656,20.8,-5.9,1.0,21.0,9190000.0,400.0,400.0,50.0,36365.0,-5.0,700000.0,0.0,2.94e-07,-11.0,0.0,0.0,0.0,0.0,0.0,0.04,0.002,0.004,0.004,,,5,Loc2_5m|UDP|UL|2,UDP,UL,2,20
Loc2_5m,2026-08-02 15:42:22.006501,0,1.0,0x460d,10.0,1.0,10.0,26800.0,85.0,0.0,0.0,0.0,240.0,-3.193,19.4,-3.8,1.0,20.0,7720000.0,386.0,414.0,51.0,36313.0,-5.0,700000.0,0.0,3.1700000000000005e-07,-12.0,0.0,0.0,0.0,0.0,0.0,0.02,0.002,0.004,0.004,,,5,Loc2_5m|UDP|UL|3,UDP,UL,3,5
Loc2_5m,2026-08-02 15:42:23.006577,0,1.0,0x460d,11.0,1.0,12.0,72600.0,56.0,0.0,0.0,0.0,744.0,-3.139,9.1,-6.5,1.0,17.0,1210000.0,288.0,512.0,64.0,35891.0,-5.0,700000.0,0.0,3.190000000000001e-07,-11.0,0.0,1.0,0.0,0.0,0.0,0.02,0.002,0.004,0.004,,,5,Loc2_5m|UDP|UL|3,UDP,UL,3,6
Loc2_5m,2026-08-02 15:42:24.006641,0,0.0,0x460f,12.0,1.0,16.0,36800.0,38.0,12.0,24.0,0.0,430.0,-1.061,5.9,-6.8,1.0,17.0,229000.0,145.0,264.0,64.0,18547.0,-5.0,700000.0,1.0,2.85e-07,-11.0,0.0,0.0,0.0,0.0,5.0,0.045,0.05,0.004,0.004,0.004,0.008,5,Loc2_5m|UDP|UL|3,UDP,UL,3,7
Loc2_5m,2026-08-02 15:42:24.006648,0,1.0,0x460d,,,0.0,0.0,0.0,0.0,0.0,0.0,0.0,-3.139,-24.4,-45.3,1.0,0.0,0.0,0.0,297.0,100.0,11494.0,,700000.0,0.0,3.900000000000001e-08,-11.0,0.0,18.0,0.0,0.0,1.0,0.0,0.002,0.004,,,,5,Loc2_5m|UDP|UL|3,UDP,UL,3,8
Loc2_5m,2026-08-02 15:42:25.006566,0,0.0,0x460f,11.0,1.0,16.0,27900.0,14.0,1.0,6.0,0.0,223.0,,-9.1,-27.4,1.0,8.0,100000.0,70.0,323.0,82.0,16008.0,,700000.0,0.0,1.21e-07,-11.0,0.0,12.0,0.0,0.0,1.0,0.02,0.002,0.004,0.004,,,5,Loc2_5m|UDP|UL|3,UDP,UL,3,9
Loc2_5m,2026-08-02 15:42:25.006575,0,1.0,0x4611,12.0,1.0,15.0,18300.0,29.0,9.0,23.0,0.0,208.0,-0.774,11.3,-7.4,1.0,18.0,1200000.0,132.0,181.0,57.0,14162.0,-4.997,700000.0,1.0,2.8800000000000004e-07,-12.0,0.0,0.0,0.0,0.0,5.0,0.045,0.05,0.004,0.004,0.004,0.0075,5,Loc2_5m|UDP|UL|3,UDP,UL,3,10
Loc2_5m,2026-08-02 15:42:26.006599,0,1.0,0x4611,11.0,1.0,16.0,80600.0,56.0,3.0,5.0,0.0,222.0,-1.016,10.0,-6.2,1.0,17.0,1220000.0,305.0,495.0,61.0,36034.0,-5.0,700000.0,0.0,3.18e-07,-12.0,0.0,0.0,0.0,0.0,0.0,0.022,0.002,0.004,0.004,,,5,Loc2_5m|UDP|UL|3,UDP,UL,3,11
Loc2_5m,2026-08-02 15:42:27.006534,0,1.0,0x4611,11.0,1.0,16.0,68900.0,64.0,0.0,0.0,0.0,133.0,-0.954,14.8,-5.7,1.0,18.0,2190000.0,304.0,496.0,62.0,36060.0,-5.0,700000.0,0.0,3.260000000000001e-07,-11.0,0.0,0.0,0.0,0.0,0.0,0.02,0.002,0.004,0.004,,,5,Loc2_5m|UDP|UL|3,UDP,UL,3,12
Loc2_5m,2026-08-02 15:42:28.006563,0,1.0,0x4611,11.0,1.0,16.0,74400.0,71.0,0.0,0.0,0.0,143.0,-0.884,16.3,-5.8,1.0,19.0,3810000.0,335.0,465.0,58.0,36153.0,-4.999,700000.0,0.0,3.34e-07,-11.0,0.0,0.0,0.0,0.0,0.0,0.02,0.002,0.004,0.004,,,5,Loc2_5m|UDP|UL|3,UDP,UL,3,13
Loc2_5m,2026-08-02 15:42:29.006620,0,1.0,0x4611,11.0,1.0,16.0,62200.0,62.0,2.0,3.0,0.0,133.0,-1.02,16.1,-5.9,1.0,19.0,3350000.0,317.0,483.0,60.0,36108.0,-5.0,700000.0,0.0,3.140000000000001e-07,-11.0,0.0,0.0,0.0,0.0,0.0,0.02,0.002,0.00401,0.004,,,5,Loc2_5m|UDP|UL|3,UDP,UL,3,14
Loc2_5m,2026-08-02 15:42:30.006564,0,1.0,0x4611,11.0,1.0,16.0,58300.0,61.0,2.0,3.0,0.0,149.0,-1.157,16.2,-5.8,1.0,19.0,3280000.0,319.0,481.0,60.0,35938.0,-5.0,700000.0,0.0,3.1700000000000005e-07,-11.0,0.0,0.0,0.0,0.0,0.0,0.023,0.002,0.004,0.004,,,5,Loc2_5m|UDP|UL|3,UDP,UL,3,15
Loc2_5m,2026-08-02 15:42:31.006591,0,1.0,0x4611,10.0,1.0,15.0,30900.0,68.0,0.0,0.0,0.0,227.0,-1.09,16.1,-5.6,1.0,19.0,2890000.0,304.0,496.0,62.0,35774.0,-4.999,700000.0,0.0,3.1700000000000005e-07,-11.0,0.0,0.0,0.0,0.0,0.0,0.02,0.002,0.00401,0.004,,,5,Loc2_5m|UDP|UL|3,UDP,UL,3,16
Loc2_5m,2026-08-02 15:42:32.006537,0,1.0,0x4611,11.0,1.0,16.0,32800.0,60.0,0.0,0.0,0.0,254.0,-1.03,15.0,-5.8,1.0,18.0,2270000.0,300.0,500.0,62.0,35786.0,-4.999,700000.0,0.0,3.0000000000000004e-07,-11.0,0.0,0.0,0.0,0.0,0.0,0.02,0.002,0.004,0.004,,,5,Loc2_5m|UDP|UL|3,UDP,UL,3,17
Loc2_5m,2026-08-02 15:42:33.006565,0,1.0,0x4611,11.0,1.0,16.0,41900.0,57.0,1.0,1.0,0.0,322.0,-1.072,13.9,-5.7,1.0,18.0,1730000.0,300.0,500.0,62.0,35893.0,-5.0,700000.0,0.0,3.08e-07,-11.0,0.0,0.0,0.0,0.0,0.0,0.02,0.002,0.004,0.004,,,5,Loc2_5m|UDP|UL|3,UDP,UL,3,18
Loc2_5m,2026-08-02 15:42:34.006627,0,1.0,0x4611,11.0,1.0,15.0,49700.0,55.0,0.0,0.0,0.0,411.0,-1.017,14.4,-5.5,1.0,18.0,1740000.0,300.0,500.0,62.0,36035.0,-5.0,700000.0,0.0,3.16e-07,-12.0,0.0,0.0,0.0,0.0,0.0,0.02,0.002,0.004,0.004,,,5,Loc2_5m|UDP|UL|3,UDP,UL,3,19
Loc2_5m,2026-08-02 15:42:35.006568,0,1.0,0x4611,10.0,1.0,15.0,52500.0,54.0,1.0,1.0,0.0,444.0,-1.062,14.2,-5.5,1.0,18.0,1680000.0,296.0,504.0,63.0,36030.0,-5.0,700000.0,0.0,3.2400000000000004e-07,-12.0,0.0,0.0,0.0,0.0,0.0,0.02,0.002,0.004,0.004,,,5,Loc2_5m|UDP|UL|3,UDP,UL,3,20
Loc2_5m,2026-08-02 15:42:36.006597,0,1.0,0x4611,10.0,1.0,15.0,51400.0,54.0,0.0,0.0,0.0,422.0,-1.008,14.4,-5.7,1.0,18.0,1750000.0,292.0,508.0,63.0,36022.0,-5.0,700000.0,0.0,3.330000000000001e-07,-11.0,0.0,0.0,0.0,0.0,0.0,0.02,0.002,0.00401,0.004,,,5,Loc2_5m|UDP|UL|3,UDP,UL,3,21
Loc2_5m,2026-08-02 15:42:37.006543,0,1.0,0x4611,11.0,1.0,15.0,34100.0,56.0,1.0,1.0,0.0,267.0,-1.051,15.1,-5.8,1.0,19.0,2150000.0,291.0,509.0,63.0,35997.0,-5.0,700000.0,0.0,3.39e-07,-11.0,0.0,0.0,0.0,0.0,0.0,0.02,0.002,0.00401,0.004,,,5,Loc2_5m|UDP|UL|3,UDP,UL,3,22
Loc3_10m,2026-08-02 15:50:30.006793,0,0.0,0x4601,7.0,1.0,3.0,4450000.0,1156.0,44.0,3.0,482000.0,59046.0,-3.994,26.5,-1.9,1.0,27.0,339000.0,50.0,0.0,0.0,350.0,-1.187,0.0,50.0,3.32e-07,-9.0,0.0,0.0,0.0,0.0,0.0,0.001,0.02,0.004,0.004,0.00397,0.0075,10,Loc3_10m|TCP|DL|1,TCP,DL,1,5
Loc3_10m,2026-08-02 15:50:31.006831,0,0.0,0x4601,7.0,1.0,3.0,4550000.0,1150.0,50.0,4.0,621000.0,59046.0,-3.994,26.5,-1.8,1.0,27.0,339000.0,50.0,0.0,0.0,350.0,-1.187,0.0,50.0,3.63e-07,-10.0,0.0,0.0,0.0,0.0,0.0,0.001,0.02,0.004,0.004,0.00397,0.0075,10,Loc3_10m|TCP|DL|1,TCP,DL,1,6
Loc3_10m,2026-08-02 15:50:32.006767,0,0.0,0x4601,8.0,1.0,5.0,7630000.0,1125.0,75.0,6.0,924000.0,59037.0,-3.994,26.3,-1.6,1.0,27.0,339000.0,50.0,1.0,1.0,357.0,-1.286,0.0,50.0,3.6200000000000004e-07,-10.0,0.0,0.0,0.0,0.0,0.0,0.001,0.02,0.004,0.004,0.00397,0.0075,10,Loc3_10m|TCP|DL|1,TCP,DL,1,7
Loc3_10m,2026-08-02 15:50:33.006758,0,0.0,0x4601,8.0,1.0,5.0,7630000.0,1125.0,75.0,6.0,1260000.0,59046.0,-3.994,26.6,-1.4,1.0,27.0,346000.0,51.0,0.0,0.0,357.0,-1.286,0.0,50.0,3.29e-07,-9.0,0.0,0.0,0.0,0.0,0.0,0.001,0.02,0.004,0.004,0.00397,0.0075,10,Loc3_10m|TCP|DL|1,TCP,DL,1,8
Loc3_10m,2026-08-02 15:50:34.006703,0,0.0,0x4601,8.0,1.0,5.0,7640000.0,1131.0,69.0,5.0,1660000.0,59046.0,-3.994,26.9,-1.3,1.0,27.0,339000.0,50.0,0.0,0.0,350.0,-1.286,0.0,50.0,3.3e-07,-9.0,0.0,0.0,0.0,0.0,0.0,0.001,0.02,0.004,0.004,0.00397,0.0075,10,Loc3_10m|TCP|DL|1,TCP,DL,1,9
Loc3_10m,2026-08-02 15:50:35.006774,0,0.0,0x4601,7.0,1.0,3.0,4660000.0,1148.0,52.0,4.0,1950000.0,59046.0,-3.994,26.9,-1.1,1.0,27.0,339000.0,50.0,0.0,0.0,350.0,-1.286,0.0,50.0,3.1200000000000004e-07,-10.0,0.0,0.0,0.0,0.0,0.0,0.001,0.02,0.004,0.004,0.00397,0.0075,10,Loc3_10m|TCP|DL|1,TCP,DL,1,10
Loc3_10m,2026-08-02 15:50:36.006828,0,0.0,0x4601,7.0,1.0,3.0,4470000.0,1146.0,54.0,4.0,2230000.0,59037.0,-3.994,26.7,-1.5,1.0,27.0,339000.0,50.0,0.0,0.0,350.0,-1.286,0.0,50.0,3.25e-07,-10.0,0.0,0.0,0.0,0.0,0.0,0.001,0.02,0.004,0.004,0.00397,0.0075,10,Loc3_10m|TCP|DL|1,TCP,DL,1,11
Loc3_10m,2026-08-02 15:50:37.006795,0,0.0,0x4601,7.0,1.0,3.0,4460000.0,1137.0,63.0,5.0,2500000.0,59046.0,-3.994,26.2,-2.5,1.0,27.0,339000.0,50.0,0.0,0.0,350.0,-1.286,0.0,50.0,3.29e-07,-12.0,0.0,0.0,0.0,0.0,0.0,0.001,0.02,0.004,0.004,0.00397,0.0075,10,Loc3_10m|TCP|DL|1,TCP,DL,1,12
Loc3_10m,2026-08-02 15:50:38.006859,0,0.0,0x4601,8.0,1.0,6.0,8680000.0,1130.0,70.0,5.0,3030000.0,59046.0,-3.994,26.4,-2.0,1.0,27.0,373000.0,55.0,0.0,0.0,385.0,-1.286,0.0,50.0,3.260000000000001e-07,-10.0,0.0,0.0,0.0,0.0,0.0,0.001,0.02,0.004,0.004,0.00397,0.0075,10,Loc3_10m|TCP|DL|1,TCP,DL,1,13
Loc3_10m,2026-08-02 15:50:39.006748,0,0.0,0x4601,8.0,1.0,5.0,7530000.0,1138.0,62.0,5.0,3500000.0,59046.0,-3.994,26.2,-2.4,1.0,27.0,339000.0,50.0,0.0,0.0,350.0,-1.286,0.0,50.0,3.2400000000000004e-07,-11.0,0.0,0.0,0.0,0.0,0.0,0.001,0.02,0.004,0.004,0.00397,0.0075,10,Loc3_10m|TCP|DL|1,TCP,DL,1,14
Loc3_10m,2026-08-02 15:50:40.006783,0,0.0,0x4601,7.0,1.0,3.0,4460000.0,1147.0,53.0,4.0,3780000.0,59037.0,-3.994,26.3,-2.4,1.0,27.0,339000.0,50.0,0.0,0.0,350.0,-1.286,0.0,50.0,3.140000000000001e-07,-12.0,0.0,0.0,3.0,0.0,0.0,0.001,0.02,0.004,0.004,0.00397,0.0075,10,Loc3_10m|TCP|DL|1,TCP,DL,1,15
Loc3_10m,2026-08-02 15:50:41.006897,0,0.0,0x4601,7.0,1.0,3.0,5370000.0,1148.0,52.0,4.0,4100000.0,59046.0,-3.993,26.3,-2.3,1.0,27.0,339000.0,50.0,0.0,0.0,350.0,-1.286,0.0,50.0,3.210000000000001e-07,-11.0,0.0,0.0,0.0,0.0,0.0,0.001,0.02,0.004,0.004,0.00396,0.0075,10,Loc3_10m|TCP|DL|1,TCP,DL,1,16
Loc3_10m,2026-08-02 15:50:42.006769,0,0.0,0x4601,6.0,1.0,2.0,2900000.0,1191.0,9.0,0.0,4290000.0,59046.0,-3.217,23.0,-2.9,1.0,26.0,327000.0,49.0,7.0,12.0,478.0,-1.879,0.0,49.0,3.3e-07,-12.0,0.0,0.0,0.0,0.0,0.0,0.001,0.022,0.004,0.004,0.00397,0.0075,10,Loc3_10m|TCP|DL|1,TCP,DL,1,17
Loc3_10m,2026-08-02 15:50:43.006824,0,0.0,0x4601,6.0,1.0,2.0,3520000.0,1182.0,18.0,1.0,4470000.0,59046.0,-3.967,26.2,-2.4,1.0,27.0,339000.0,50.0,1.0,1.0,357.0,-1.978,0.0,50.0,3.13e-07,-11.0,0.0,0.0,0.0,0.0,0.0,0.001,0.02,0.004,0.004,0.00397,0.0075,10,Loc3_10m|TCP|DL|1,TCP,DL,1,18
Loc3_10m,2026-08-02 15:50:44.006762,0,0.0,0x4601,7.0,1.0,3.0,4480000.0,1149.0,51.0,4.0,4560000.0,59037.0,-3.994,26.2,-2.4,1.0,27.0,339000.0,50.0,0.0,0.0,350.0,-1.978,0.0,50.0,3.2e-07,-12.0,0.0,0.0,0.0,0.0,0.0,0.001,0.02,0.004,0.004,0.00397,0.0075,10,Loc3_10m|TCP|DL|1,TCP,DL,1,19
Loc3_10m,2026-08-02 15:50:45.006814,0,0.0,0x4601,7.0,1.0,3.0,4480000.0,1150.0,50.0,4.0,4660000.0,59046.0,-3.994,26.3,-2.4,1.0,27.0,339000.0,50.0,0.0,0.0,350.0,-1.978,0.0,50.0,3.570000000000001e-07,-11.0,0.0,0.0,0.0,0.0,0.0,0.001,0.02,0.004,0.004,0.00397,0.0075,10,Loc3_10m|TCP|DL|1,TCP,DL,1,20
Loc3_10m,2026-08-02 15:51:13.006769,0,0.0,0x4601,7.0,1.0,3.0,4490000.0,1157.0,43.0,3.0,551000.0,59046.0,-3.994,25.9,-2.5,1.0,26.0,242000.0,50.0,0.0,0.0,256.0,-4.832,0.0,50.0,3.15e-07,-9.0,0.0,0.0,0.0,0.0,0.0,0.001,0.02,0.004,0.004,0.00397,0.0075,10,Loc3_10m|TCP|DL|2,TCP,DL,2,5
Loc3_10m,2026-08-02 15:51:14.006819,0,0.0,0x4601,7.0,1.0,3.0,4500000.0,1168.0,32.0,2.0,701000.0,59046.0,-3.994,26.0,-2.5,1.0,26.0,260000.0,51.0,0.0,0.0,274.0,-4.791,0.0,50.0,3.18e-07,-8.0,0.0,0.0,0.0,0.0,0.0,0.001,0.02,0.004,0.004,0.00397,0.0075,10,Loc3_10m|TCP|DL|2,TCP,DL,2,6
Loc3_10m,2026-08-02 15:51:15.006861,0,0.0,0x4601,7.0,1.0,3.0,4510000.0,1171.0,29.0,2.0,926000.0,59046.0,-3.994,25.9,-2.7,1.0,26.0,260000.0,51.0,0.0,0.0,274.0,-4.749,0.0,50.0,3.28e-07,-11.0,0.0,0.0,0.0,0.0,0.0,0.001,0.02,0.004,0.004,0.00397,0.0075,10,Loc3_10m|TCP|DL|2,TCP,DL,2,7
Loc3_10m,2026-08-02 15:51:16.006768,0,0.0,0x4601,7.0,1.0,3.0,4480000.0,1151.0,49.0,4.0,1180000.0,59037.0,-3.994,25.9,-2.5,1.0,26.0,242000.0,50.0,0.0,0.0,256.0,-4.703,0.0,50.0,3.1e-07,-8.0,0.0,0.0,0.0,0.0,0.0,0.001,0.02,0.004,0.004,0.00397,0.0075,10,Loc3_10m|TCP|DL|2,TCP,DL,2,8
Loc3_10m,2026-08-02 15:51:17.006879,0,0.0,0x4601,7.0,1.0,3.0,4460000.0,1137.0,63.0,5.0,1460000.0,59046.0,-3.976,25.9,-2.7,1.0,26.0,243000.0,50.0,0.0,0.0,258.0,-4.657,0.0,50.0,3.11e-07,-9.0,0.0,0.0,0.0,0.0,0.0,0.001,0.02,0.004,0.004,0.00397,0.0075,10,Loc3_10m|TCP|DL|2,TCP,DL,2,9
Loc3_10m,2026-08-02 15:51:18.006745,0,0.0,0x4601,7.0,1.0,3.0,4470000.0,1144.0,56.0,4.0,1740000.0,59046.0,-3.994,26.0,-2.6,1.0,26.0,259000.0,50.0,0.0,0.0,272.0,-4.618,0.0,50.0,3.2e-07,-9.0,0.0,0.0,0.0,0.0,0.0,0.001,0.02,0.004,0.004,0.00397,0.0075,10,Loc3_10m|TCP|DL|2,TCP,DL,2,10
Loc3_10m,2026-08-02 15:51:19.006832,0,0.0,0x4601,7.0,1.0,3.0,4470000.0,1146.0,54.0,4.0,2010000.0,59046.0,-3.994,25.9,-2.7,1.0,26.0,254000.0,52.0,1.0,1.0,275.0,-4.67,0.0,50.0,3.28e-07,-9.0,0.0,0.0,0.0,0.0,0.0,0.001,0.02,0.004,0.004,0.00396,0.0075,10,Loc3_10m|TCP|DL|2,TCP,DL,2,11
Loc3_10m,2026-08-02 15:51:20.006873,0,0.0,0x4601,7.0,1.0,3.0,4480000.0,1153.0,47.0,3.0,2290000.0,59037.0,-3.994,25.0,-2.7,1.0,26.0,243000.0,50.0,6.0,10.0,292.0,-4.998,0.0,50.0,3.34e-07,-9.0,0.0,0.0,0.0,0.0,0.0,0.001,0.02,0.004,0.004,0.00396,0.0075,10,Loc3_10m|TCP|DL|2,TCP,DL,2,12
Loc3_10m,2026-08-02 15:51:21.006794,0,0.0,0x4601,7.0,1.0,3.0,4480000.0,1150.0,50.0,4.0,2570000.0,59046.0,-3.994,25.7,-2.7,1.0,26.0,233000.0,50.0,0.0,0.0,250.0,-4.948,0.0,50.0,3.46e-07,-8.0,0.0,0.0,0.0,0.0,0.0,0.001,0.02,0.004,0.004,0.00397,0.0075,10,Loc3_10m|TCP|DL|2,TCP,DL,2,13
Loc3_10m,2026-08-02 15:51:22.006856,0,0.0,0x4601,7.0,1.0,3.0,4480000.0,1151.0,49.0,4.0,2840000.0,59046.0,-3.994,26.0,-2.4,1.0,26.0,240000.0,50.0,0.0,0.0,254.0,-4.9,0.0,50.0,3.2e-07,-9.0,0.0,0.0,0.0,0.0,0.0,0.001,0.02,0.004,0.004,0.00397,0.0075,10,Loc3_10m|TCP|DL|2,TCP,DL,2,14
Loc3_10m,2026-08-02 15:51:23.006783,0,0.0,0x4601,6.0,1.0,2.0,2960000.0,1192.0,8.0,0.0,3020000.0,59046.0,-3.259,24.4,-2.8,1.0,26.0,240000.0,50.0,3.0,5.0,273.0,-4.971,0.0,50.0,3.27e-07,-8.0,0.0,0.0,0.0,0.0,0.0,0.001,0.02,0.004,0.004,0.00396,0.0075,10,Loc3_10m|TCP|DL|2,TCP,DL,2,15
Loc3_10m,2026-08-02 15:51:24.006832,0,0.0,0x4601,6.0,1.0,2.0,3150000.0,1192.0,8.0,0.0,3210000.0,59037.0,-3.009,24.6,-2.6,1.0,26.0,243000.0,50.0,3.0,5.0,273.0,-4.988,0.0,50.0,3.310000000000001e-07,-9.0,0.0,0.0,0.0,0.0,0.0,0.001,0.02,0.004,0.004,0.00397,0.0075,10,Loc3_10m|TCP|DL|2,TCP,DL,2,16
Loc3_10m,2026-08-02 15:51:25.006766,0,0.0,0x4601,6.0,1.0,2.0,3190000.0,1189.0,11.0,0.0,3410000.0,59046.0,-3.059,25.9,-2.6,1.0,26.0,240000.0,50.0,0.0,0.0,256.0,-4.941,0.0,50.0,3.3600000000000004e-07,-9.0,0.0,0.0,0.0,0.0,0.0,0.001,0.02,0.00401,0.004,0.00397,0.0075,10,Loc3_10m|TCP|DL|2,TCP,DL,2,17
Loc3_10m,2026-08-02 15:51:26.006832,0,0.0,0x4601,7.0,1.0,3.0,4430000.0,1173.0,27.0,2.0,3670000.0,59046.0,-3.994,26.0,-2.5,1.0,26.0,247000.0,51.0,1.0,1.0,269.0,-4.976,0.0,50.0,3.34e-07,-11.0,0.0,0.0,0.0,0.0,0.0,0.001,0.02,0.004,0.004,0.00397,0.0075,10,Loc3_10m|TCP|DL|2,TCP,DL,2,18
Loc3_10m,2026-08-02 15:51:27.006875,0,0.0,0x4601,7.0,1.0,3.0,4500000.0,1168.0,32.0,2.0,3950000.0,59046.0,-3.994,25.4,-2.8,1.0,26.0,235000.0,50.0,1.0,1.0,257.0,-4.985,0.0,50.0,3.2400000000000004e-07,-8.0,0.0,0.0,0.0,0.0,0.0,0.001,0.02,0.004,0.004,0.00397,0.0075,10,Loc3_10m|TCP|DL|2,TCP,DL,2,19
Loc3_10m,2026-08-02 15:51:28.006817,0,0.0,0x4601,7.0,1.0,2.0,3980000.0,1168.0,32.0,2.0,4200000.0,59037.0,-3.784,26.1,-2.2,1.0,26.0,249000.0,50.0,0.0,0.0,264.0,-4.941,0.0,50.0,3.3e-07,-10.0,0.0,0.0,0.0,0.0,0.0,0.001,0.02,0.004,0.004,0.00397,0.0075,10,Loc3_10m|TCP|DL|2,TCP,DL,2,20
Loc3_10m,2026-08-02 15:51:57.006821,0,0.0,0x4601,8.0,1.0,5.0,7690000.0,1152.0,48.0,4.0,598000.0,59046.0,-3.994,26.7,-1.4,1.0,27.0,361000.0,58.0,0.0,0.0,374.0,-4.717,0.0,50.0,3.11e-07,-10.0,0.0,0.0,0.0,0.0,0.0,0.001,0.02,0.004,0.004,0.00396,0.0075,10,Loc3_10m|TCP|DL|3,TCP,DL,3,5
Loc3_10m,2026-08-02 15:51:58.006883,0,0.0,0x4601,8.0,1.0,5.0,7690000.0,1150.0,50.0,4.0,790000.0,59046.0,-3.994,26.7,-1.5,1.0,27.0,350000.0,55.0,0.0,0.0,362.0,-4.706,0.0,50.0,3.25e-07,-10.0,0.0,0.0,0.0,0.0,0.0,0.001,0.02,0.004,0.004,0.00396,0.0075,10,Loc3_10m|TCP|DL|3,TCP,DL,3,6
Loc3_10m,2026-08-02 15:51:59.006793,0,0.0,0x4601,8.0,1.0,5.0,7170000.0,1150.0,50.0,4.0,1070000.0,59046.0,-3.952,26.7,-1.3,1.0,27.0,328000.0,55.0,4.0,6.0,365.0,-4.994,0.0,49.0,3.27e-07,-9.0,0.0,0.0,0.0,0.0,0.0,0.001,0.02,0.004,0.004,0.00397,0.0075,10,Loc3_10m|TCP|DL|3,TCP,DL,3,7
Loc3_10m,2026-08-02 15:52:00.006875,0,0.0,0x4601,7.0,1.0,3.0,4500000.0,1166.0,34.0,2.0,1320000.0,59037.0,-3.973,26.7,-1.1,1.0,26.0,284000.0,50.0,2.0,3.0,310.0,-4.988,0.0,50.0,3.3600000000000004e-07,-10.0,0.0,0.0,0.0,0.0,0.0,0.001,0.02,0.004,0.004,0.00397,0.0075,10,Loc3_10m|TCP|DL|3,TCP,DL,3,8
Loc3_10m,2026-08-02 15:52:01.006902,0,0.0,0x4601,7.0,1.0,3.0,4510000.0,1172.0,28.0,2.0,1600000.0,59046.0,-3.994,26.7,-1.2,1.0,27.0,288000.0,50.0,0.0,0.0,300.0,-4.964,0.0,50.0,3.380000000000001e-07,-7.0,0.0,0.0,0.0,0.0,0.0,0.001,0.02,0.004,0.004,0.00397,0.0075,10,Loc3_10m|TCP|DL|3,TCP,DL,3,9
Loc3_10m,2026-08-02 15:52:02.006853,0,0.0,0x4601,7.0,1.0,3.0,4500000.0,1168.0,32.0,2.0,1870000.0,59046.0,-3.973,26.8,-1.2,1.0,27.0,294000.0,50.0,2.0,3.0,316.0,-4.991,0.0,50.0,3.16e-07,-7.0,0.0,0.0,0.0,0.0,0.0,0.001,0.02,0.004,0.004,0.00397,0.0075,10,Loc3_10m|TCP|DL|3,TCP,DL,3,10
Loc3_10m,2026-08-02 15:52:03.006853,0,0.0,0x4601,6.0,1.0,2.0,3090000.0,1188.0,12.0,1.0,2070000.0,59046.0,-3.322,26.2,-1.2,1.0,26.0,286000.0,50.0,1.0,1.0,303.0,-4.998,0.0,50.0,3.22e-07,-8.0,0.0,0.0,0.0,0.0,0.0,0.001,0.02,0.004,0.004,0.00396,0.0075,10,Loc3_10m|TCP|DL|3,TCP,DL,3,11
Loc3_10m,2026-08-02 15:52:04.006771,0,0.0,0x4601,6.0,1.0,2.0,3380000.0,1193.0,7.0,0.0,2280000.0,59037.0,-2.966,23.4,-1.4,1.0,26.0,279000.0,51.0,12.0,19.0,419.0,-5.0,0.0,49.0,3.28e-07,-9.0,0.0,0.0,0.0,0.0,0.0,0.001,0.025,0.004,0.004,0.00397,0.0075,10,Loc3_10m|TCP|DL|3,TCP,DL,3,12
Loc3_10m,2026-08-02 15:52:05.006863,0,0.0,0x4601,5.0,1.0,2.0,2920000.0,1189.0,11.0,0.0,2450000.0,59046.0,-3.016,26.2,-1.2,1.0,26.0,282000.0,50.0,3.0,5.0,309.0,-4.992,0.0,50.0,3.41e-07,-8.0,0.0,0.0,0.0,0.0,0.0,0.001,0.02,0.004,0.004,0.00397,0.0075,10,Loc3_10m|TCP|DL|3,TCP,DL,3,13
Loc3_10m,2026-08-02 15:52:06.006930,0,0.0,0x4601,6.0,1.0,2.0,3920000.0,1184.0,16.0,1.0,2680000.0,59046.0,-3.566,26.6,-1.2,1.0,26.0,285000.0,51.0,0.0,0.0,298.0,-4.963,0.0,50.0,3.29e-07,-8.0,0.0,0.0,0.0,0.0,0.0,0.001,0.02,0.004,0.004,0.00397,0.0075,10,Loc3_10m|TCP|DL|3,TCP,DL,3,14
Loc3_10m,2026-08-02 15:52:07.006840,0,0.0,0x4601,7.0,1.0,3.0,4490000.0,1162.0,38.0,3.0,2960000.0,59046.0,-3.952,26.6,-1.3,1.0,27.0,290000.0,50.0,0.0,0.0,302.0,-4.938,0.0,50.0,3.47e-07,-9.0,0.0,0.0,0.0,0.0,0.0,0.001,0.02,0.00401,0.004,0.00397,0.0075,10,Loc3_10m|TCP|DL|3,TCP,DL,3,15
Loc3_10m,2026-08-02 15:52:08.006864,0,0.0,0x4601,7.0,1.0,3.0,4520000.0,1181.0,19.0,1.0,3240000.0,59037.0,-3.973,26.7,-1.3,1.0,27.0,292000.0,50.0,0.0,0.0,304.0,-4.916,0.0,50.0,3.37e-07,-7.0,0.0,0.0,0.0,0.0,0.0,0.001,0.02,0.004,0.004,0.00397,0.0075,10,Loc3_10m|TCP|DL|3,TCP,DL,3,16
Loc3_10m,2026-08-02 15:52:09.006807,0,0.0,0x4601,7.0,1.0,3.0,4520000.0,1179.0,21.0,1.0,3520000.0,59046.0,-3.905,26.7,-1.3,1.0,27.0,292000.0,50.0,0.0,0.0,304.0,-4.893,0.0,50.0,3.32e-07,-7.0,0.0,0.0,0.0,0.0,0.0,0.001,0.02,0.004,0.004,0.00397,0.0075,10,Loc3_10m|TCP|DL|3,TCP,DL,3,17
Loc3_10m,2026-08-02 15:52:10.006863,0,0.0,0x4601,7.0,1.0,3.0,4530000.0,1192.0,8.0,0.0,3790000.0,59046.0,-3.655,26.6,-1.2,1.0,27.0,297000.0,51.0,0.0,0.0,309.0,-4.868,0.0,50.0,3.430000000000001e-07,-9.0,0.0,0.0,0.0,0.0,0.0,0.001,0.02,0.004,0.004,0.00397,0.0075,10,Loc3_10m|TCP|DL|3,TCP,DL,3,18
Loc3_10m,2026-08-02 15:52:11.006904,0,0.0,0x4601,7.0,1.0,4.0,5950000.0,1196.0,4.0,0.0,4150000.000000001,59046.0,-3.005,26.6,-1.2,1.0,27.0,299000.0,51.0,0.0,0.0,311.0,-4.846,0.0,50.0,3.56e-07,-7.0,0.0,0.0,0.0,0.0,0.0,0.001,0.02,0.004,0.004,0.00397,0.0075,10,Loc3_10m|TCP|DL|3,TCP,DL,3,19
Loc3_10m,2026-08-02 15:52:12.006853,0,0.0,0x4601,7.0,1.0,4.0,6270000.0,1180.0,20.0,1.0,4540000.0,59037.0,-3.955,26.6,-1.3,1.0,27.0,312000.0,52.0,0.0,0.0,331.0,-4.825,20.0,50.0,3.42e-07,-7.0,0.0,0.0,0.0,0.0,0.0,0.001,0.02,0.004,0.004,0.00397,0.0075,10,Loc3_10m|TCP|DL|3,TCP,DL,3,20
Loc3_10m,2026-08-02 15:52:39.006921,0,0.0,0x4601,9.0,1.0,9.0,328000.0,391.0,2.0,0.0,58.0,1241.0,-2.664,17.9,-9.8,1.0,12.0,15200000.0,793.0,7.0,0.0,37290.0,-4.487,700000.0,0.0,3.23e-07,-15.0,0.0,0.0,0.0,0.0,0.0,0.01,0.002,0.00401,0.004,,,10,Loc3_10m|TCP|UL|1,TCP,UL,1,5
Loc3_10m,2026-08-02 15:52:40.006937,0,0.0,0x4601,10.0,1.0,11.0,263000.0,314.0,2.0,0.0,244.0,895.0,-2.487,18.1,-9.8,1.0,12.0,15500000.0,791.0,9.0,1.0,37312.0,-4.587,700000.0,0.0,3.06e-07,-15.0,0.0,0.0,0.0,0.0,0.0,0.01,0.002,0.004,0.004,,,10,Loc3_10m|TCP|UL|1,TCP,UL,1,6
Loc3_10m,2026-08-02 15:52:41.006896,0,0.0,0x4601,10.0,1.0,12.0,416000.0,461.0,2.0,0.0,0.0,1274.0,-2.292,17.8,-9.8,1.0,12.0,15100000.0,794.0,6.0,0.0,37252.0,-4.387,700000.0,0.0,3.06e-07,-15.0,0.0,0.0,0.0,0.0,0.0,0.01,0.002,0.00401,0.004,,,10,Loc3_10m|TCP|UL|1,TCP,UL,1,7
Loc3_10m,2026-08-02 15:52:42.006942,0,0.0,0x4601,10.0,1.0,12.0,365000.0,406.0,4.0,0.0,0.0,1150.0,-2.342,17.8,-9.9,1.0,12.0,15000000.0,790.0,10.0,1.0,37277.0,-4.587,700000.0,0.0,3.140000000000001e-07,-15.0,0.0,0.0,0.0,0.0,0.0,0.01,0.002,0.00401,0.004,,,10,Loc3_10m|TCP|UL|1,TCP,UL,1,8
Loc3_10m,2026-08-02 15:52:43.006865,0,0.0,0x4601,10.0,1.0,12.0,267000.0,336.0,7.0,2.0,0.0,935.0,-2.642,18.1,-9.9,1.0,12.0,15800000.0,794.0,6.0,0.0,37314.0,-4.387,700000.0,0.0,3.210000000000001e-07,-15.0,0.0,0.0,0.0,0.0,0.0,0.01,0.002,0.004,0.004,,,10,Loc3_10m|TCP|UL|1,TCP,UL,1,9
Loc3_10m,2026-08-02 15:52:44.006889,0,0.0,0x4601,10.0,1.0,10.0,174000.0,280.0,9.0,3.0,0.0,849.0,-3.281,18.2,-9.9,1.0,12.0,15100000.0,773.0,27.0,3.0,37338.0,-4.805,700000.0,0.0,3.27e-07,-15.0,0.0,0.0,0.0,0.0,0.0,0.01,0.002,0.00401,0.004,,,10,Loc3_10m|TCP|UL|1,TCP,UL,1,10
Loc3_10m,2026-08-02 15:52:45.006935,0,0.0,0x4601,10.0,1.0,10.0,171000.0,289.0,2.0,0.0,0.0,797.0,-3.229,18.4,-9.9,1.0,13.0,15800000.0,794.0,6.0,0.0,37341.0,-4.605,700000.0,0.0,3.03e-07,-15.0,0.0,0.0,0.0,0.0,0.0,0.01,0.002,0.004,0.004,,,10,Loc3_10m|TCP|UL|1,TCP,UL,1,11
Loc3_10m,2026-08-02 15:52:46.006893,0,0.0,0x4601,8.0,1.0,6.0,116000.0,225.0,74.0,24.0,0.0,1417.0,-3.99,14.4,-10.8,1.0,11.0,10800000.0,603.0,197.0,24.0,37021.0,-4.995,700000.0,0.0,2.9300000000000004e-07,-18.0,0.0,3.0,1.0,0.0,0.0,0.017,0.002,0.00405,0.004,,,10,Loc3_10m|TCP|UL|1,TCP,UL,1,12
Loc3_10m,2026-08-02 15:52:47.006921,0,0.0,0x4601,9.0,1.0,6.0,139000.0,289.0,17.0,5.0,0.0,1064.0,-3.918,17.9,-10.2,1.0,12.0,14900000.0,773.0,27.0,3.0,37336.0,-4.911,700000.0,0.0,2.65e-07,-15.0,0.0,1.0,0.0,0.0,0.0,0.01,0.002,0.00401,0.004,,,10,Loc3_10m|TCP|UL|1,TCP,UL,1,13
Loc3_10m,2026-08-02 15:52:48.006845,0,0.0,0x4601,7.0,1.0,3.0,109000.0,277.0,0.0,0.0,0.0,1723.0,-3.696,18.1,-10.0,1.0,12.0,15000000.0,782.0,18.0,2.0,37342.0,-4.977,700000.0,0.0,2.62e-07,-15.0,0.0,0.0,0.0,0.0,0.0,0.01,0.002,0.00401,0.004,,,10,Loc3_10m|TCP|UL|1,TCP,UL,1,14
Loc3_10m,2026-08-02 15:52:49.006926,0,0.0,0x4601,7.0,1.0,3.0,114000.0,282.0,0.0,0.0,58.0,1584.0,-3.459,18.4,-9.9,1.0,12.0,15500000.0,792.0,8.0,1.0,37392.0,-4.641,700000.0,0.0,2.7e-07,-15.0,0.0,0.0,0.0,0.0,0.0,0.01,0.002,0.00401,0.004,,,10,Loc3_10m|TCP|UL|1,TCP,UL,1,15
Loc3_10m,2026-08-02 15:52:50.006811,0,0.0,0x4601,7.0,1.0,4.0,125000.0,267.0,0.0,0.0,0.0,1112.0,-3.227,18.1,-9.9,1.0,12.0,15300000.0,790.0,10.0,1.0,37335.0,-4.841,700000.0,0.0,2.760000000000001e-07,-15.0,0.0,0.0,0.0,0.0,0.0,0.01,0.002,0.004,0.004,,,10,Loc3_10m|TCP|UL|1,TCP,UL,1,16
Loc3_10m,2026-08-02 15:52:51.006864,0,0.0,0x4601,9.0,1.0,7.0,162000.0,267.0,0.0,0.0,0.0,876.0,-2.987,18.3,-9.9,1.0,12.0,15700000.0,796.0,4.0,0.0,37356.0,-4.441,700000.0,0.0,2.830000000000001e-07,-15.0,0.0,0.0,0.0,0.0,0.0,0.01,0.002,0.004,0.004,,,10,Loc3_10m|TCP|UL|1,TCP,UL,1,17
Loc3_10m,2026-08-02 15:52:52.006928,0,0.0,0x4601,10.0,1.0,11.0,173000.0,244.0,0.0,0.0,0.0,651.0,-2.766,18.4,-9.9,1.0,13.0,16300000.0,794.0,6.0,0.0,37359.0,-4.241,700000.0,0.0,2.92e-07,-15.0,0.0,0.0,0.0,0.0,0.0,0.01,0.002,0.00401,0.004,,,10,Loc3_10m|TCP|UL|1,TCP,UL,1,18
Loc3_10m,2026-08-02 15:52:53.006867,0,0.0,0x4601,10.0,1.0,11.0,205000.0,275.0,1.0,0.0,0.0,764.0,-2.611,18.4,-9.8,1.0,13.0,16200000.0,793.0,7.0,0.0,37343.0,-4.141,700000.0,0.0,3.01e-07,-14.0,0.0,0.0,0.0,0.0,0.0,0.01,0.002,0.00401,0.004,,,10,Loc3_10m|TCP|UL|1,TCP,UL,1,19
Loc3_10m,2026-08-02 15:52:54.006886,0,0.0,0x4601,10.0,1.0,12.0,199000.0,261.0,1.0,0.0,0.0,659.0,-2.48,18.4,-9.7,1.0,13.0,16399999.999999998,789.0,11.0,1.0,37350.0,-4.441,700000.0,0.0,3.090000000000001e-07,-15.0,0.0,0.0,0.0,0.0,0.0,0.01,0.002,0.00401,0.004,,,10,Loc3_10m|TCP|UL|1,TCP,UL,1,20
Loc3_10m,2026-08-02 15:53:12.006866,0,0.0,0x4601,10.0,1.0,10.0,268000.0,308.0,7.0,2.0,116.0,1058.0,-2.9,17.7,-10.5,1.0,12.0,14800000.0,791.0,9.0,1.0,37309.0,-4.347,700000.0,0.0,2.9300000000000004e-07,-16.0,0.0,0.0,0.0,0.0,0.0,0.01,0.002,0.004,0.004,,,10,Loc3_10m|TCP|UL|2,TCP,UL,2,5
Loc3_10m,2026-08-02 15:53:13.006934,0,0.0,0x4601,10.0,1.0,10.0,353000.0,409.0,0.0,0.0,58.0,1206.0,-2.589,17.5,-10.5,1.0,12.0,15200000.0,797.0,3.0,0.0,37278.0,-3.847,700000.0,0.0,2.9300000000000004e-07,-16.0,0.0,0.0,0.0,0.0,0.0,0.01,0.002,0.004,0.004,,,10,Loc3_10m|TCP|UL|2,TCP,UL,2,6
Loc3_10m,2026-08-02 15:53:14.006971,0,0.0,0x4601,10.0,1.0,11.0,363000.0,401.0,3.0,0.0,0.0,1131.0,-2.577,17.5,-10.5,1.0,12.0,15000000.0,790.0,10.0,1.0,37253.0,-4.047,700000.0,0.0,3.01e-07,-15.0,0.0,0.0,0.0,0.0,0.0,0.01,0.002,0.004,0.004,,,10,Loc3_10m|TCP|UL|2,TCP,UL,2,7
Loc3_10m,2026-08-02 15:53:15.006903,0,0.0,0x4601,10.0,1.0,11.0,374000.0,438.0,3.0,0.0,0.0,1196.0,-2.532,17.1,-10.7,1.0,12.0,14800000.0,795.0,5.0,0.0,37248.0,-3.747,700000.0,0.0,3.08e-07,-15.0,0.0,0.0,0.0,0.0,0.0,0.01,0.002,0.004,0.004,,,10,Loc3_10m|TCP|UL|2,TCP,UL,2,8
Loc3_10m,2026-08-02 15:53:16.006924,0,0.0,0x4601,10.0,1.0,12.0,260000.0,309.0,1.0,0.0,58.0,813.0,-2.408,17.6,-10.7,1.0,12.0,15500000.0,790.0,10.0,1.0,37318.0,-3.947,700000.0,0.0,3.0500000000000004e-07,-15.0,0.0,0.0,0.0,0.0,0.0,0.01,0.002,0.004,0.004,,,10,Loc3_10m|TCP|UL|2,TCP,UL,2,9
Loc3_10m,2026-08-02 15:53:17.006854,0,0.0,0x4601,10.0,1.0,12.0,248000.0,300.0,2.0,0.0,0.0,780.0,-2.389,17.8,-10.6,1.0,13.0,16000000.0,793.0,7.0,0.0,37305.0,-3.848,700000.0,0.0,3.34e-07,-15.0,0.0,0.0,0.0,0.0,0.0,0.01,0.002,0.004,0.004,,,10,Loc3_10m|TCP|UL|2,TCP,UL,2,10
Loc3_10m,2026-08-02 15:53:18.006912,0,0.0,0x4601,10.0,1.0,12.0,245000.0,299.0,4.0,1.0,0.0,756.0,-2.569,17.8,-10.5,1.0,13.0,16000000.0,792.0,8.0,1.0,37315.0,-3.848,700000.0,0.0,3.400000000000001e-07,-15.0,0.0,0.0,0.0,0.0,0.0,0.01,0.002,0.004,0.004,,,10,Loc3_10m|TCP|UL|2,TCP,UL,2,11
Loc3_10m,2026-08-02 15:53:19.006958,0,0.0,0x4601,10.0,1.0,11.0,205000.0,283.0,5.0,1.0,0.0,694.0,-2.863,17.9,-10.5,1.0,13.0,16100000.000000002,793.0,7.0,0.0,37291.0,-3.748,700000.0,0.0,3.42e-07,-15.0,0.0,0.0,0.0,0.0,0.0,0.01,0.002,0.004,0.004,,,10,Loc3_10m|TCP|UL|2,TCP,UL,2,12
Loc3_10m,2026-08-02 15:53:20.006907,0,0.0,0x4601,10.0,1.0,11.0,219000.0,289.0,0.0,0.0,0.0,786.0,-2.655,17.9,-10.5,1.0,13.0,15900000.0,789.0,11.0,1.0,37315.0,-4.048,700000.0,0.0,3.3e-07,-15.0,0.0,0.0,0.0,0.0,0.0,0.01,0.002,0.004,0.004,,,10,Loc3_10m|TCP|UL|2,TCP,UL,2,13
Loc3_10m,2026-08-02 15:53:21.006954,0,0.0,0x4601,10.0,1.0,11.0,227000.0,299.0,2.0,0.0,58.0,756.0,-2.632,18.0,-10.4,1.0,13.0,16100000.000000002,794.0,6.0,0.0,37319.0,-3.848,700000.0,0.0,3.2e-07,-15.0,0.0,0.0,0.0,0.0,0.0,0.01,0.002,0.004,0.004,,,10,Loc3_10m|TCP|UL|2,TCP,UL,2,14
Loc3_10m,2026-08-02 15:53:22.006878,0,0.0,0x4601,10.0,1.0,11.0,193000.0,265.0,0.0,0.0,0.0,687.0,-2.444,18.2,-10.2,1.0,13.0,16399999.999999998,790.0,10.0,1.0,37314.0,-4.048,700000.0,0.0,3.3600000000000004e-07,-15.0,0.0,0.0,0.0,0.0,0.0,0.01,0.002,0.004,0.004,,,10,Loc3_10m|TCP|UL|2,TCP,UL,2,15
Loc3_10m,2026-08-02 15:53:23.006932,0,0.0,0x4601,10.0,1.0,11.0,209000.0,277.0,2.0,0.0,0.0,682.0,-2.443,18.0,-10.3,1.0,13.0,16300000.0,794.0,6.0,0.0,37321.0,-3.848,700000.0,0.0,3.32e-07,-15.0,0.0,0.0,0.0,0.0,0.0,0.01,0.002,0.004,0.004,,,10,Loc3_10m|TCP|UL|2,TCP,UL,2,16
Loc3_10m,2026-08-02 15:53:24.006816,0,0.0,0x4601,10.0,1.0,12.0,203000.0,259.0,1.0,0.0,0.0,611.0,-2.365,18.6,-9.9,1.0,13.0,16399999.999999998,785.0,15.0,1.0,37326.0,-4.548,700000.0,0.0,3.500000000000001e-07,-14.0,0.0,0.0,0.0,0.0,0.0,0.01,0.002,0.00401,0.004,,,10,Loc3_10m|TCP|UL|2,TCP,UL,2,17
Loc3_10m,2026-08-02 15:53:25.006896,0,0.0,0x4601,10.0,1.0,11.0,205000.0,273.0,1.0,0.0,0.0,653.0,-2.281,18.0,-10.5,1.0,12.0,15400000.0,797.0,3.0,0.0,37333.0,-4.048,700000.0,0.0,3.32e-07,-16.0,0.0,0.0,0.0,0.0,0.0,0.01,0.002,0.004,0.004,,,10,Loc3_10m|TCP|UL|2,TCP,UL,2,18
Loc3_10m,2026-08-02 15:53:26.006952,0,0.0,0x4601,10.0,1.0,11.0,200000.0,266.0,2.0,0.0,58.0,653.0,-2.3,17.8,-10.8,1.0,13.0,15700000.0,791.0,9.0,1.0,37360.0,-4.148,700000.0,0.0,3.2400000000000004e-07,-17.0,0.0,0.0,0.0,0.0,0.0,0.01,0.002,0.004,0.004,,,10,Loc3_10m|TCP|UL|2,TCP,UL,2,19
Loc3_10m,2026-08-02 15:53:27.006881,0,0.0,0x4601,10.0,1.0,11.0,206000.0,270.0,3.0,1.0,0.0,679.0,-2.402,18.0,-10.8,1.0,13.0,15700000.0,791.0,9.0,1.0,37336.0,-4.248,700000.0,0.0,3.090000000000001e-07,-17.0,0.0,0.0,0.0,0.0,0.0,0.01,0.002,0.004,0.004,,,10,Loc3_10m|TCP|UL|2,TCP,UL,2,20
Loc3_10m,2026-08-02 15:53:47.006916,0,0.0,0x4601,10.0,1.0,9.0,347000.0,397.0,0.0,0.0,0.0,1223.0,-3.095,18.2,-9.7,1.0,12.0,14900000.0,789.0,11.0,1.0,37285.0,-4.78,700000.0,0.0,3.020000000000001e-07,-15.0,0.0,0.0,0.0,0.0,0.0,0.01,0.002,0.004,0.004,,,10,Loc3_10m|TCP|UL|3,TCP,UL,3,5
Loc3_10m,2026-08-02 15:53:48.006992,0,0.0,0x4601,10.0,1.0,9.0,302000.0,354.0,1.0,0.0,0.0,1078.0,-2.936,18.4,-9.8,1.0,12.0,15200000.0,787.0,13.0,1.0,37311.0,-4.837,700000.0,0.0,3.1e-07,-15.0,0.0,0.0,0.0,0.0,0.0,0.01,0.002,0.004,0.004,,,10,Loc3_10m|TCP|UL|3,TCP,UL,3,6
Loc3_10m,2026-08-02 15:53:49.006897,0,0.0,0x4601,9.0,1.0,8.0,231000.0,321.0,3.0,0.0,0.0,866.0,-2.994,18.1,-10.3,1.0,12.0,15100000.0,796.0,4.0,0.0,37319.0,-4.417,700000.0,0.0,3.15e-07,-15.0,0.0,0.0,0.0,0.0,0.0,0.01,0.002,0.004,0.004,,,10,Loc3_10m|TCP|UL|3,TCP,UL,3,7
Loc3_10m,2026-08-02 15:53:50.006954,0,0.0,0x4601,10.0,1.0,9.0,269000.0,344.0,3.0,0.0,0.0,986.0,-3.032,18.1,-10.3,1.0,12.0,15500000.0,793.0,7.0,0.0,37306.0,-4.317,700000.0,0.0,3.18e-07,-14.0,0.0,0.0,0.0,0.0,0.0,0.01,0.002,0.004,0.004,,,10,Loc3_10m|TCP|UL|3,TCP,UL,3,8
Loc3_10m,2026-08-02 15:53:51.006889,0,0.0,0x4601,10.0,1.0,10.0,290000.0,359.0,3.0,0.0,0.0,1029.0,-3.056,17.8,-10.3,1.0,12.0,15000000.0,790.0,10.0,1.0,37296.0,-4.417,700000.0,0.0,3.1200000000000004e-07,-14.0,0.0,0.0,0.0,0.0,0.0,0.01,0.002,0.004,0.004,,,10,Loc3_10m|TCP|UL|3,TCP,UL,3,9
Loc3_10m,2026-08-02 15:53:52.006933,0,0.0,0x4601,10.0,1.0,11.0,307000.0,378.0,1.0,0.0,0.0,1098.0,-2.848,18.1,-10.1,1.0,12.0,15000000.0,788.0,12.0,1.0,37305.0,-4.917,700000.0,0.0,3.08e-07,-15.0,0.0,0.0,0.0,0.0,0.0,0.01,0.002,0.004,0.004,,,10,Loc3_10m|TCP|UL|3,TCP,UL,3,10
Loc3_10m,2026-08-02 15:53:53.006984,0,0.0,0x4601,10.0,1.0,10.0,224000.0,313.0,0.0,0.0,0.0,752.0,-2.581,18.2,-10.2,1.0,12.0,15000000.0,792.0,8.0,1.0,37320.0,-4.729,700000.0,0.0,2.99e-07,-15.0,0.0,0.0,0.0,0.0,0.0,0.01,0.002,0.004,0.004,,,10,Loc3_10m|TCP|UL|3,TCP,UL,3,11
Loc3_10m,2026-08-02 15:53:54.006895,0,0.0,0x4601,10.0,1.0,11.0,238000.0,299.0,0.0,0.0,0.0,708.0,-2.328,17.5,-10.7,1.0,11.0,14000000.0,796.0,4.0,0.0,37328.0,-4.329,700000.0,0.0,3.020000000000001e-07,-15.0,0.0,0.0,0.0,0.0,0.0,0.01,0.002,0.004,0.004,,,10,Loc3_10m|TCP|UL|3,TCP,UL,3,12
Loc3_10m,2026-08-02 15:53:55.006989,0,0.0,0x4601,10.0,1.0,12.0,219000.0,286.0,1.0,0.0,0.0,659.0,-2.17,17.4,-10.9,1.0,12.0,14900000.0,796.0,4.0,0.0,37349.0,-3.929,700000.0,0.0,2.900000000000001e-07,-16.0,0.0,0.0,0.0,0.0,0.0,0.01,0.002,0.004,0.004,,,10,Loc3_10m|TCP|UL|3,TCP,UL,3,13
Loc3_10m,2026-08-02 15:53:56.006873,0,0.0,0x4601,10.0,1.0,12.0,221000.0,278.0,6.0,2.0,58.0,726.0,-2.522,18.7,-9.8,1.0,13.0,16000000.0,783.0,17.0,2.0,37336.0,-4.829,700000.0,0.0,2.73e-07,-15.0,0.0,0.0,0.0,0.0,0.0,0.01,0.002,0.00401,0.004,,,10,Loc3_10m|TCP|UL|3,TCP,UL,3,14
Loc3_10m,2026-08-02 15:53:57.006934,0,0.0,0x4601,10.0,1.0,11.0,198000.0,273.0,5.0,1.0,58.0,660.0,-2.781,18.6,-9.8,1.0,13.0,15800000.0,792.0,8.0,1.0,37348.0,-4.715,700000.0,0.0,2.79e-07,-15.0,0.0,0.0,0.0,0.0,0.0,0.01,0.002,0.004,0.004,,,10,Loc3_10m|TCP|UL|3,TCP,UL,3,15
Loc3_10m,2026-08-02 15:53:58.006866,0,0.0,0x4601,10.0,1.0,11.0,203000.0,275.0,0.0,0.0,0.0,638.0,-2.559,18.7,-9.6,1.0,13.0,15900000.0,788.0,12.0,1.0,37344.0,-4.761,700000.0,0.0,2.8800000000000004e-07,-15.0,0.0,0.0,0.0,0.0,0.0,0.01,0.002,0.004,0.004,,,10,Loc3_10m|TCP|UL|3,TCP,UL,3,16
Loc3_10m,2026-08-02 15:53:59.006953,0,0.0,0x4601,10.0,1.0,10.0,191000.0,266.0,2.0,0.0,58.0,648.0,-2.573,18.9,-9.7,1.0,13.0,16300000.0,790.0,10.0,1.0,37348.0,-4.857,700000.0,0.0,3.1e-07,-15.0,0.0,0.0,0.0,0.0,0.0,0.01,0.002,0.00401,0.004,,,10,Loc3_10m|TCP|UL|3,TCP,UL,3,17
Loc3_10m,2026-08-02 15:54:00.007024,0,0.0,0x4601,10.0,1.0,11.0,157000.0,275.0,1.0,0.0,0.0,661.0,-2.432,18.8,-9.8,1.0,13.0,16300000.0,795.0,5.0,0.0,37353.0,-4.557,700000.0,0.0,3.32e-07,-15.0,0.0,0.0,0.0,0.0,0.0,0.01,0.002,0.004,0.004,,,10,Loc3_10m|TCP|UL|3,TCP,UL,3,18
Loc3_10m,2026-08-02 15:54:01.006901,0,0.0,0x4601,10.0,1.0,11.0,188000.0,279.0,4.0,1.0,0.0,667.0,-2.596,18.6,-9.8,1.0,12.0,15600000.0,787.0,13.0,1.0,37336.0,-4.987,700000.0,0.0,3.41e-07,-15.0,0.0,0.0,0.0,0.0,0.0,0.01,0.002,0.00401,0.004,,,10,Loc3_10m|TCP|UL|3,TCP,UL,3,19
Loc3_10m,2026-08-02 15:54:02.006948,0,0.0,0x4601,10.0,1.0,11.0,195000.0,280.0,3.0,1.0,0.0,665.0,-2.652,18.4,-9.8,1.0,12.0,15300000.0,794.0,6.0,0.0,37323.0,-4.773,700000.0,0.0,3.27e-07,-15.0,0.0,0.0,0.0,0.0,0.0,0.01,0.002,0.004,0.004,,,10,Loc3_10m|TCP|UL|3,TCP,UL,3,20
Loc3_10m,2026-08-02 15:54:29.007006,0,0.0,0x4601,9.0,1.0,7.0,10100000.0,1136.0,64.0,5.0,6150000.0,59046.0,-3.994,25.1,-2.6,1.0,26.0,236000.0,50.0,3.0,5.0,267.0,-4.972,0.0,50.0,3.37e-07,-10.0,0.0,0.0,0.0,0.0,0.0,0.001,0.02,0.004,0.004,0.00397,0.0075,10,Loc3_10m|UDP|DL|1,UDP,DL,1,5
Loc3_10m,2026-08-02 15:54:30.006917,0,0.0,0x4601,9.0,1.0,7.0,10000000.0,1126.0,74.0,6.0,6150000.0,59046.0,-3.994,25.7,-3.1,1.0,26.0,236000.0,50.0,0.0,0.0,254.0,-4.924,0.0,50.0,3.46e-07,-10.0,0.0,0.0,0.0,0.0,0.0,0.001,0.02,0.00401,0.004,0.00396,0.0075,10,Loc3_10m|UDP|DL|1,UDP,DL,1,6
Loc3_10m,2026-08-02 15:54:31.006963,0,0.0,0x4601,9.0,1.0,7.0,10100000.0,1130.0,70.0,5.0,6140000.0,59046.0,-3.994,25.4,-3.2,1.0,26.0,238000.0,50.0,4.0,7.0,282.0,-4.995,0.0,50.0,3.46e-07,-10.0,0.0,0.0,0.0,0.0,0.0,0.001,0.02,0.004,0.004,0.00397,0.0075,10,Loc3_10m|UDP|DL|1,UDP,DL,1,7
Loc3_10m,2026-08-02 15:54:32.006867,0,0.0,0x4601,10.0,1.0,8.0,11900000.0,1125.0,75.0,6.0,6140000.0,59037.0,-3.994,25.7,-3.0,1.0,26.0,233000.0,50.0,0.0,0.0,252.0,-4.946,0.0,50.0,3.27e-07,-9.0,0.0,0.0,0.0,0.0,0.0,0.001,0.02,0.004,0.004,0.00397,0.0075,10,Loc3_10m|UDP|DL|1,UDP,DL,1,8
Loc3_10m,2026-08-02 15:54:33.006969,0,0.0,0x4601,9.0,1.0,7.0,10400000.0,1125.0,75.0,6.0,6150000.0,59046.0,-3.994,26.0,-2.6,1.0,26.0,244000.0,50.0,0.0,0.0,258.0,-4.9,0.0,50.0,3.35e-07,-9.0,0.0,0.0,0.0,0.0,0.0,0.001,0.02,0.004,0.004,0.00397,0.0075,10,Loc3_10m|UDP|DL|1,UDP,DL,1,9
Loc3_10m,2026-08-02 15:54:34.007005,0,0.0,0x4601,9.0,1.0,7.0,10000000.0,1126.0,74.0,6.0,6150000.0,59046.0,-3.994,25.8,-2.8,1.0,26.0,240000.0,50.0,0.0,0.0,256.0,-4.853,0.0,50.0,3.430000000000001e-07,-10.0,0.0,0.0,0.0,0.0,0.0,0.001,0.02,0.004,0.004,0.00396,0.0075,10,Loc3_10m|UDP|DL|1,UDP,DL,1,10
Loc3_10m,2026-08-02 15:54:35.006938,0,0.0,0x4601,9.0,1.0,7.0,10000000.0,1123.0,77.0,6.0,6150000.0,59046.0,-3.994,25.4,-3.6,1.0,26.0,223000.0,48.0,0.0,0.0,240.0,-4.805,0.0,48.0,3.400000000000001e-07,-10.0,0.0,0.0,0.0,0.0,0.0,0.001,0.04,0.004,0.004,0.00397,0.0075,10,Loc3_10m|UDP|DL|1,UDP,DL,1,11
Loc3_10m,2026-08-02 15:54:36.006964,0,0.0,0x4601,9.0,1.0,7.0,10000000.0,1125.0,75.0,6.0,6150000.0,59037.0,-3.994,25.7,-3.0,1.0,26.0,237000.0,50.0,0.0,0.0,252.0,-4.756,0.0,50.0,3.22e-07,-10.0,0.0,0.0,0.0,0.0,0.0,0.001,0.02,0.004,0.004,0.00396,0.0075,10,Loc3_10m|UDP|DL|1,UDP,DL,1,12
Loc3_10m,2026-08-02 15:54:37.006854,0,0.0,0x4601,9.0,1.0,7.0,11000000.0,1200.0,0.0,0.0,6140000.0,59046.0,-2.944,25.7,-3.1,1.0,26.0,238000.0,50.0,0.0,0.0,254.0,-4.708,0.0,50.0,3.32e-07,-10.0,0.0,0.0,0.0,0.0,0.0,0.001,0.02,0.004,0.004,0.00397,0.0075,10,Loc3_10m|UDP|DL|1,UDP,DL,1,13
Loc3_10m,2026-08-02 15:54:38.006963,0,0.0,0x4601,9.0,1.0,10.0,13500000.0,1200.0,0.0,0.0,6130000.0,59046.0,-1.894,25.6,-3.3,1.0,26.0,236000.0,50.0,1.0,1.0,259.0,-4.758,0.0,50.0,3.39e-07,-10.0,0.0,0.0,0.0,0.0,0.0,0.001,0.02,0.004,0.004,0.00396,0.0075,10,Loc3_10m|UDP|DL|1,UDP,DL,1,14
Loc3_10m,2026-08-02 15:54:39.007024,0,0.0,0x4601,9.0,1.0,12.0,15900000.0,1200.0,0.0,0.0,6110000.0,59046.0,-0.8441,25.6,-3.1,1.0,26.0,236000.0,50.0,1.0,1.0,259.0,-4.808,0.0,50.0,3.39e-07,-10.0,0.0,0.0,0.0,0.0,0.0,0.001,0.02,0.004,0.004,0.00396,0.0075,10,Loc3_10m|UDP|DL|1,UDP,DL,1,15
Loc3_10m,2026-08-02 15:54:40.006920,0,0.0,0x4601,10.0,1.0,15.0,21000000.0,1200.0,0.0,0.0,6080000.0,59037.0,0.2059,25.9,-3.0,1.0,26.0,242000.0,50.0,0.0,0.0,256.0,-4.761,0.0,50.0,3.28e-07,-10.0,0.0,0.0,0.0,0.0,0.0,0.001,0.02,0.004,0.004,0.00397,0.0075,10,Loc3_10m|UDP|DL|1,UDP,DL,1,16
Loc3_10m,2026-08-02 15:54:41.006997,0,0.0,0x4601,11.0,1.0,19.0,27500000.0,1192.0,8.0,0.0,6070000.0,59046.0,0.4559,25.8,-3.0,1.0,26.0,249000.0,50.0,3.0,5.0,285.0,-4.996,0.0,50.0,3.34e-07,-10.0,0.0,0.0,0.0,0.0,0.0,0.001,0.02,0.004,0.004,0.00397,0.0075,10,Loc3_10m|UDP|DL|1,UDP,DL,1,17
Loc3_10m,2026-08-02 15:54:42.006902,0,0.0,0x4601,11.0,1.0,19.0,27700000.0,1187.0,13.0,1.0,6070000.0,59046.0,0.2069,25.6,-3.4,1.0,26.0,231000.0,50.0,0.0,0.0,250.0,-4.946,0.0,50.0,3.39e-07,-10.0,0.0,0.0,0.0,0.0,0.0,0.001,0.02,0.004,0.004,0.00397,0.0075,10,Loc3_10m|UDP|DL|1,UDP,DL,1,18
Loc3_10m,2026-08-02 15:54:43.007004,0,0.0,0x4601,11.0,1.0,15.0,21400000.0,1145.0,55.0,4.0,6140000.0,59025.0,-3.994,24.0,-3.5,1.0,25.0,231000.0,50.0,6.0,10.0,284.0,-4.996,0.0,50.0,3.090000000000001e-07,-10.0,0.0,0.0,0.0,0.0,0.0,0.001,0.02,0.004,0.004,0.00397,0.0075,10,Loc3_10m|UDP|DL|1,UDP,DL,1,19
Loc3_10m,2026-08-02 15:54:44.007026,0,0.0,0x4601,10.0,1.0,9.0,12700000.0,1144.0,56.0,4.0,6140000.0,59037.0,-3.994,25.6,-3.4,1.0,26.0,232000.0,50.0,0.0,0.0,250.0,-4.946,0.0,50.0,3.16e-07,-10.0,0.0,0.0,0.0,0.0,0.0,0.001,0.02,0.00401,0.004,0.00397,0.0075,10,Loc3_10m|UDP|DL|1,UDP,DL,1,20
Loc3_10m,2026-08-02 15:54:58.006998,0,0.0,0x4601,10.0,1.0,9.0,12600000.0,1124.0,76.0,6.0,6140000.0,59046.0,-3.994,25.8,-3.1,1.0,26.0,237000.0,49.0,4.0,7.0,281.0,-5.0,0.0,49.0,3.29e-07,-9.0,0.0,0.0,0.0,0.0,0.0,0.001,0.04,0.004,0.004,0.00397,0.0075,10,Loc3_10m|UDP|DL|2,UDP,DL,2,5
Loc3_10m,2026-08-02 15:54:59.006944,0,0.0,0x4601,11.0,1.0,10.0,14000000.0,1125.0,75.0,6.0,6130000.0,59046.0,-3.994,25.7,-3.0,1.0,26.0,232000.0,50.0,0.0,0.0,250.0,-4.95,0.0,50.0,3.44e-07,-9.0,0.0,0.0,0.0,0.0,0.0,0.001,0.02,0.004,0.004,0.00397,0.0075,10,Loc3_10m|UDP|DL|2,UDP,DL,2,6
Loc3_10m,2026-08-02 15:55:00.006997,0,0.0,0x4601,11.0,1.0,11.0,14400000.0,1125.0,75.0,6.0,6130000.0,59037.0,-3.994,25.7,-3.2,1.0,26.0,236000.0,50.0,0.0,0.0,254.0,-4.902,0.0,50.0,3.400000000000001e-07,-9.0,0.0,0.0,0.0,0.0,0.0,0.001,0.02,0.004,0.004,0.00397,0.0075,10,Loc3_10m|UDP|DL|2,UDP,DL,2,7
Loc3_10m,2026-08-02 15:55:01.007058,0,0.0,0x4601,11.0,1.0,11.0,14500000.0,1155.0,45.0,3.0,6130000.0,59046.0,-3.574,25.6,-3.3,1.0,26.0,232000.0,50.0,0.0,0.0,250.0,-4.852,0.0,50.0,2.87e-07,-10.0,0.0,0.0,0.0,0.0,0.0,0.001,0.02,0.004,0.004,0.00397,0.0075,10,Loc3_10m|UDP|DL|2,UDP,DL,2,8
Loc3_10m,2026-08-02 15:55:02.007003,0,0.0,0x4601,11.0,1.0,12.0,16900000.0,1200.0,0.0,0.0,6110000.0,59046.0,-2.524,25.6,-3.4,1.0,26.0,235000.0,50.0,1.0,1.0,259.0,-4.902,0.0,50.0,2.950000000000001e-07,-10.0,0.0,0.0,0.0,0.0,0.0,0.001,0.02,0.004,0.004,0.00397,0.0075,10,Loc3_10m|UDP|DL|2,UDP,DL,2,9
Loc3_10m,2026-08-02 15:55:03.007010,0,0.0,0x4601,11.0,1.0,14.0,19300000.0,1200.0,0.0,0.0,6110000.0,59046.0,-1.474,25.6,-3.4,1.0,26.0,236000.0,50.0,1.0,1.0,261.0,-4.953,0.0,50.0,3.01e-07,-10.0,0.0,0.0,0.0,0.0,0.0,0.001,0.02,0.004,0.004,0.00397,0.0075,10,Loc3_10m|UDP|DL|2,UDP,DL,2,10
Loc3_10m,2026-08-02 15:55:04.006964,0,0.0,0x4601,11.0,1.0,16.0,22600000.0,1200.0,0.0,0.0,6080000.0,59037.0,-0.4241,25.6,-3.2,1.0,26.0,232000.0,50.0,0.0,0.0,250.0,-4.903,0.0,50.0,3.330000000000001e-07,-9.0,0.0,0.0,0.0,0.0,0.0,0.001,0.02,0.004,0.004,0.00397,0.0075,10,Loc3_10m|UDP|DL|2,UDP,DL,2,11
Loc3_10m,2026-08-02 15:55:05.007009,0,0.0,0x4601,11.0,1.0,18.0,26800000.0,1199.0,1.0,0.0,6070000.0,59025.0,0.5259,25.6,-3.2,1.0,26.0,232000.0,50.0,0.0,0.0,250.0,-4.853,0.0,50.0,3.41e-07,-9.0,0.0,0.0,0.0,0.0,0.0,0.001,0.02,0.004,0.004,0.00397,0.0075,10,Loc3_10m|UDP|DL|2,UDP,DL,2,12
Loc3_10m,2026-08-02 15:55:06.006879,0,0.0,0x4601,11.0,1.0,19.0,27800000.0,1189.0,11.0,0.0,6070000.0,59046.0,0.4759,25.5,-3.2,1.0,26.0,232000.0,50.0,0.0,0.0,250.0,-4.803,0.0,50.0,3.29e-07,-9.0,0.0,0.0,0.0,0.0,0.0,0.001,0.02,0.004,0.004,0.00397,0.0075,10,Loc3_10m|UDP|DL|2,UDP,DL,2,13
Loc3_10m,2026-08-02 15:55:07.006978,0,0.0,0x4601,11.0,1.0,19.0,27700000.0,1190.0,10.0,0.0,6070000.0,59025.0,0.5259,25.5,-3.3,1.0,26.0,233000.0,50.0,0.0,0.0,250.0,-4.753,0.0,50.0,3.37e-07,-9.0,0.0,0.0,0.0,0.0,0.0,0.001,0.02,0.004,0.004,0.00397,0.0075,10,Loc3_10m|UDP|DL|2,UDP,DL,2,14
Loc3_10m,2026-08-02 15:55:08.007042,0,0.0,0x4601,11.0,1.0,19.0,27800000.0,1190.0,10.0,0.0,6070000.0,59016.0,0.5759,25.6,-3.3,1.0,26.0,234000.0,50.0,1.0,1.0,259.0,-4.803,0.0,50.0,3.47e-07,-9.0,0.0,0.0,0.0,0.0,0.0,0.001,0.02,0.004,0.004,0.00397,0.0075,10,Loc3_10m|UDP|DL|2,UDP,DL,2,15
Loc3_10m,2026-08-02 15:55:09.006949,0,0.0,0x4601,11.0,1.0,19.0,27700000.0,1188.0,12.0,1.0,6070000.0,59025.0,0.4258,25.6,-3.4,1.0,26.0,238000.0,50.0,2.0,3.0,268.0,-4.953,0.0,50.0,3.500000000000001e-07,-9.0,0.0,0.0,0.0,0.0,0.0,0.001,0.02,0.004,0.004,0.00397,0.0075,10,Loc3_10m|UDP|DL|2,UDP,DL,2,16
Loc3_10m,2026-08-02 15:55:10.006975,0,0.0,0x4601,11.0,1.0,19.0,27700000.0,1190.0,10.0,0.0,6070000.0,59025.0,0.4758,25.6,-3.3,1.0,26.0,231000.0,50.0,0.0,0.0,250.0,-4.903,0.0,50.0,3.1200000000000004e-07,-9.0,0.0,0.0,0.0,0.0,0.0,0.001,0.02,0.004,0.004,0.00396,0.0075,10,Loc3_10m|UDP|DL|2,UDP,DL,2,17
Loc3_10m,2026-08-02 15:55:11.006914,0,0.0,0x4601,11.0,1.0,19.0,27300000.0,1188.0,12.0,1.0,6070000.0,59046.0,0.4258,25.7,-3.4,1.0,26.0,234000.0,50.0,1.0,1.0,259.0,-4.953,0.0,50.0,3.090000000000001e-07,-9.0,0.0,0.0,0.0,0.0,0.0,0.001,0.02,0.004,0.004,0.00396,0.0075,10,Loc3_10m|UDP|DL|2,UDP,DL,2,18
Loc3_10m,2026-08-02 15:55:12.006951,0,0.0,0x4601,11.0,1.0,19.0,27600000.0,1188.0,12.0,1.0,6070000.0,59037.0,0.2758,25.7,-3.2,1.0,26.0,232000.0,50.0,0.0,0.0,250.0,-4.903,0.0,50.0,3.430000000000001e-07,-9.0,0.0,0.0,0.0,0.0,0.0,0.001,0.02,0.004,0.004,0.00397,0.0075,10,Loc3_10m|UDP|DL|2,UDP,DL,2,19
Loc3_10m,2026-08-02 15:55:13.007005,0,0.0,0x4601,11.0,1.0,19.0,27600000.0,1190.0,10.0,0.0,6070000.0,59046.0,0.3258,25.7,-3.0,1.0,26.0,240000.0,50.0,0.0,0.0,258.0,-4.857,0.0,50.0,3.2e-07,-10.0,0.0,0.0,0.0,0.0,0.0,0.001,0.02,0.004,0.004,0.00397,0.0075,10,Loc3_10m|UDP|DL|2,UDP,DL,2,20
Loc3_10m,2026-08-02 15:55:28.006841,0,0.0,0x4601,11.0,1.0,19.0,27700000.0,1190.0,10.0,0.0,6070000.0,59037.0,0.4908,25.8,-3.0,1.0,26.0,233000.0,50.0,0.0,0.0,250.0,-4.937,0.0,50.0,3.35e-07,-10.0,0.0,0.0,0.0,0.0,0.0,0.001,0.02,0.004,0.004,0.00397,0.0075,10,Loc3_10m|UDP|DL|3,UDP,DL,3,5
Loc3_10m,2026-08-02 15:55:29.006874,0,0.0,0x4601,11.0,1.0,19.0,27600000.0,1189.0,11.0,0.0,6070000.0,59046.0,0.4418,25.8,-3.1,1.0,26.0,236000.0,50.0,1.0,1.0,259.0,-4.972,0.0,50.0,3.42e-07,-10.0,0.0,0.0,0.0,0.0,0.0,0.001,0.02,0.004,0.004,0.00397,0.0075,10,Loc3_10m|UDP|DL|3,UDP,DL,3,6
Loc3_10m,2026-08-02 15:55:30.006949,0,0.0,0x4601,11.0,1.0,19.0,27700000.0,1190.0,10.0,0.0,6070000.0,59046.0,0.4927,25.7,-3.0,1.0,26.0,232000.0,50.0,0.0,0.0,250.0,-4.922,0.0,50.0,3.51e-07,-10.0,0.0,0.0,0.0,0.0,0.0,0.001,0.02,0.004,0.004,0.00397,0.0075,10,Loc3_10m|UDP|DL|3,UDP,DL,3,7
Loc3_10m,2026-08-02 15:55:31.006814,0,0.0,0x4601,11.0,1.0,19.0,27700000.0,1187.0,13.0,1.0,6070000.0,59046.0,0.2427,25.7,-3.0,1.0,26.0,236000.0,50.0,1.0,1.0,259.0,-4.972,0.0,50.0,3.53e-07,-10.0,0.0,0.0,0.0,0.0,0.0,0.001,0.02,0.004,0.004,0.00397,0.0075,10,Loc3_10m|UDP|DL|3,UDP,DL,3,8
Loc3_10m,2026-08-02 15:55:32.006910,0,0.0,0x4601,11.0,1.0,19.0,27800000.0,1192.0,8.0,0.0,6070000.0,59037.0,0.5927,25.8,-3.0,1.0,26.0,235000.0,50.0,1.0,1.0,259.0,-4.963,0.0,50.0,3.32e-07,-10.0,0.0,0.0,0.0,0.0,0.0,0.001,0.02,0.004,0.004,0.00396,0.0075,10,Loc3_10m|UDP|DL|3,UDP,DL,3,9
Loc3_10m,2026-08-02 15:55:33.006825,0,0.0,0x4601,11.0,1.0,19.0,27800000.0,1187.0,13.0,1.0,6070000.0,59004.0,0.4417,25.8,-3.1,1.0,26.0,239000.0,50.0,2.0,3.0,270.0,-4.973,0.0,50.0,3.37e-07,-10.0,0.0,0.0,0.0,0.0,0.0,0.001,0.02,0.004,0.004,0.00397,0.0075,10,Loc3_10m|UDP|DL|3,UDP,DL,3,10
Loc3_10m,2026-08-02 15:55:34.006871,0,0.0,0x4601,11.0,1.0,19.0,27600000.0,1189.0,11.0,0.0,6070000.0,59025.0,0.3917,25.5,-3.5,1.0,25.0,230000.0,50.0,0.0,0.0,250.0,-4.923,0.0,50.0,3.47e-07,-10.0,0.0,0.0,0.0,0.0,0.0,0.001,0.02,0.004,0.004,0.00396,0.0075,10,Loc3_10m|UDP|DL|3,UDP,DL,3,11
Loc3_10m,2026-08-02 15:55:35.006901,0,0.0,0x4601,11.0,1.0,19.0,27200000.0,1188.0,12.0,1.0,6070000.0,59025.0,0.2427,25.5,-3.5,1.0,26.0,233000.0,50.0,0.0,0.0,252.0,-4.874,0.0,50.0,3.47e-07,-10.0,0.0,0.0,0.0,0.0,0.0,0.001,0.02,0.004,0.004,0.00397,0.0075,10,Loc3_10m|UDP|DL|3,UDP,DL,3,12
Loc3_10m,2026-08-02 15:55:36.006837,0,0.0,0x4601,11.0,1.0,19.0,27600000.0,1190.0,10.0,0.0,6070000.0,59037.0,0.2927,26.1,-2.6,1.0,26.0,263000.0,50.0,0.0,0.0,276.0,-4.837,0.0,50.0,3.29e-07,-11.0,0.0,0.0,0.0,0.0,0.0,0.001,0.02,0.004,0.004,0.00396,0.0075,10,Loc3_10m|UDP|DL|3,UDP,DL,3,13
Loc3_10m,2026-08-02 15:55:37.006884,0,0.0,0x4601,11.0,1.0,19.0,27300000.0,1191.0,9.0,0.0,6070000.0,59016.0,0.4437,25.8,-2.9,1.0,26.0,246000.0,50.0,0.0,0.0,262.0,-4.793,0.0,50.0,3.39e-07,-12.0,0.0,0.0,0.0,0.0,0.0,0.001,0.02,0.004,0.004,0.00397,0.0075,10,Loc3_10m|UDP|DL|3,UDP,DL,3,14
Loc3_10m,2026-08-02 15:55:38.006836,0,0.0,0x4601,11.0,1.0,19.0,27400000.0,1188.0,12.0,1.0,6070000.0,59025.0,0.2937,26.1,-2.4,1.0,26.0,260000.0,50.0,0.0,0.0,274.0,-4.754,0.0,50.0,3.450000000000001e-07,-14.0,0.0,0.0,0.0,0.0,0.0,0.001,0.02,0.004,0.004,0.00397,0.0075,10,Loc3_10m|UDP|DL|3,UDP,DL,3,15
Loc3_10m,2026-08-02 15:55:39.006871,0,0.0,0x4601,11.0,1.0,19.0,27500000.0,1189.0,11.0,0.0,6060000.0,59046.0,0.2437,26.1,-2.2,1.0,26.0,259000.0,50.0,0.0,0.0,272.0,-4.715,0.0,50.0,3.66e-07,-14.0,0.0,0.0,0.0,0.0,0.0,0.001,0.02,0.004,0.004,0.00397,0.0075,10,Loc3_10m|UDP|DL|3,UDP,DL,3,16
Loc3_10m,2026-08-02 15:55:40.006741,0,0.0,0x4601,11.0,1.0,19.0,27100000.0,1188.0,12.0,1.0,6070000.0,58995.0,0.1936,26.2,-2.3,1.0,26.0,265000.0,50.0,0.0,0.0,278.0,-4.679,0.0,50.0,3.28e-07,-15.0,0.0,0.0,0.0,0.0,0.0,0.001,0.02,0.004,0.004,0.00397,0.0075,10,Loc3_10m|UDP|DL|3,UDP,DL,3,17
Loc3_10m,2026-08-02 15:55:41.006845,0,0.0,0x4601,11.0,1.0,19.0,27200000.0,1190.0,10.0,0.0,6060000.0,59046.0,0.2446,26.1,-2.4,1.0,26.0,263000.0,50.0,0.0,0.0,276.0,-4.643,0.0,50.0,3.37e-07,-13.0,0.0,0.0,0.0,0.0,0.0,0.001,0.02,0.004,0.004,0.00397,0.0075,10,Loc3_10m|UDP|DL|3,UDP,DL,3,18
Loc3_10m,2026-08-02 15:55:42.006859,0,0.0,0x4601,11.0,1.0,19.0,27300000.0,1190.0,10.0,0.0,6070000.0,59046.0,0.2946,26.0,-2.3,1.0,26.0,253000.0,50.0,0.0,0.0,266.0,-4.601,0.0,50.0,3.46e-07,-13.0,0.0,0.0,0.0,0.0,0.0,0.001,0.02,0.004,0.004,0.00397,0.0075,10,Loc3_10m|UDP|DL|3,UDP,DL,3,19
Loc3_10m,2026-08-02 15:55:43.006815,0,0.0,0x4601,11.0,1.0,19.0,27100000.0,1191.0,9.0,0.0,6060000.0,59025.0,0.4456,26.1,-2.7,1.0,26.0,263000.0,49.0,1.0,2.0,289.0,,0.0,50.0,3.53e-07,-13.0,0.0,0.0,0.0,0.0,0.0,0.001,0.02,0.004,0.004,0.00397,0.0075,10,Loc3_10m|UDP|DL|3,UDP,DL,3,20
Loc3_10m,2026-08-02 15:55:56.006824,0,0.0,0x4601,10.0,1.0,15.0,97000.0,100.0,1.0,0.0,0.0,202.0,-0.6464,18.2,-11.0,1.0,12.0,15300000.0,793.0,7.0,0.0,37442.0,-4.504,700000.0,0.0,3.34e-07,-17.0,0.0,0.0,0.0,0.0,0.0,0.01,0.002,0.004,0.004,,,10,Loc3_10m|UDP|UL|1,UDP,UL,1,5
Loc3_10m,2026-08-02 15:55:57.006718,0,0.0,0x4601,10.0,1.0,15.0,99000.0,100.0,1.0,0.0,0.0,202.0,-0.6954,18.2,-11.0,1.0,12.0,15500000.0,792.0,8.0,1.0,37449.0,-4.504,700000.0,0.0,3.42e-07,-17.0,0.0,0.0,0.0,0.0,0.0,0.01,0.002,0.004,0.004,,,10,Loc3_10m|UDP|UL|1,UDP,UL,1,6
Loc3_10m,2026-08-02 15:55:58.006766,0,0.0,0x4601,10.0,1.0,15.0,99700.0,100.0,0.0,0.0,0.0,200.0,-0.6454,18.2,-11.0,1.0,12.0,15400000.0,792.0,8.0,1.0,37450.0,-4.504,700000.0,0.0,3.23e-07,-17.0,0.0,0.0,0.0,0.0,0.0,0.01,0.002,0.004,0.004,,,10,Loc3_10m|UDP|UL|1,UDP,UL,1,7
Loc3_10m,2026-08-02 15:55:59.006818,0,0.0,0x4601,10.0,1.0,15.0,97700.0,100.0,0.0,0.0,0.0,200.0,-0.5954,18.1,-11.1,1.0,12.0,15300000.0,793.0,7.0,0.0,37443.0,-4.404,700000.0,0.0,3.27e-07,-17.0,0.0,0.0,0.0,0.0,0.0,0.01,0.002,0.004,0.004,,,10,Loc3_10m|UDP|UL|1,UDP,UL,1,8
Loc3_10m,2026-08-02 15:56:00.006741,0,0.0,0x4601,10.0,1.0,15.0,99200.0,100.0,0.0,0.0,0.0,200.0,-0.5454,18.1,-11.1,1.0,12.0,15600000.0,792.0,8.0,1.0,37436.0,-4.404,700000.0,0.0,3.35e-07,-17.0,0.0,0.0,0.0,0.0,0.0,0.01,0.002,0.004,0.004,,,10,Loc3_10m|UDP|UL|1,UDP,UL,1,9
Loc3_10m,2026-08-02 15:56:01.006783,0,0.0,0x4601,10.0,1.0,15.0,100000.0,100.0,1.0,0.0,0.0,202.0,-0.4954,18.1,-11.1,1.0,12.0,15500000.0,792.0,8.0,1.0,37449.0,-4.405,700000.0,0.0,3.2400000000000004e-07,-18.0,0.0,0.0,0.0,0.0,0.0,0.01,0.002,0.004,0.004,,,10,Loc3_10m|UDP|UL|1,UDP,UL,1,10
Loc3_10m,2026-08-02 15:56:02.006708,0,0.0,0x4601,10.0,1.0,16.0,103000.0,100.0,2.0,1.0,0.0,204.0,-0.6434,18.1,-11.1,1.0,12.0,15500000.0,793.0,7.0,0.0,37448.0,-4.305,700000.0,0.0,3.16e-07,-17.0,0.0,0.0,0.0,0.0,0.0,0.01,0.002,0.004,0.004,,,10,Loc3_10m|UDP|UL|1,UDP,UL,1,11
Loc3_10m,2026-08-02 15:56:03.006772,0,0.0,0x4601,10.0,1.0,15.0,99500.0,100.0,0.0,0.0,0.0,200.0,-0.5934,18.4,-10.8,1.0,13.0,15700000.0,790.0,10.0,1.0,37450.0,-4.505,700000.0,0.0,3.2400000000000004e-07,-17.0,0.0,0.0,0.0,0.0,0.0,0.01,0.002,0.004,0.004,,,10,Loc3_10m|UDP|UL|1,UDP,UL,1,12
Loc3_10m,2026-08-02 15:56:04.006737,0,0.0,0x4601,10.0,1.0,15.0,102000.0,100.0,0.0,0.0,0.0,200.0,-0.5434,18.4,-10.8,1.0,13.0,15800000.0,791.0,9.0,1.0,37443.0,-4.605,700000.0,0.0,3.32e-07,-17.0,0.0,0.0,0.0,0.0,0.0,0.01,0.002,0.004,0.004,,,10,Loc3_10m|UDP|UL|1,UDP,UL,1,13
Loc3_10m,2026-08-02 15:56:05.006742,0,0.0,0x4601,10.0,1.0,15.0,103000.0,100.0,0.0,0.0,0.0,200.0,-0.4934,18.2,-11.1,1.0,12.0,15400000.0,795.0,5.0,0.0,37450.0,-4.305,700000.0,0.0,3.1200000000000004e-07,-17.0,0.0,0.0,0.0,0.0,0.0,0.01,0.002,0.004,0.004,,,10,Loc3_10m|UDP|UL|1,UDP,UL,1,14
Loc3_10m,2026-08-02 15:56:06.006782,0,0.0,0x4601,10.0,1.0,14.0,67800.0,100.0,9.0,8.0,0.0,218.0,-1.202,18.0,-11.1,1.0,12.0,15300000.0,792.0,8.0,1.0,37461.0,-4.305,700000.0,0.0,3.13e-07,-17.0,0.0,0.0,0.0,0.0,0.0,0.016,0.002,0.004,0.004,,,10,Loc3_10m|UDP|UL|1,UDP,UL,1,15
Loc3_10m,2026-08-02 15:56:07.006712,0,0.0,0x4601,10.0,1.0,14.0,92100.0,100.0,0.0,0.0,0.0,200.0,-1.102,17.8,-11.1,1.0,12.0,15300000.0,793.0,7.0,0.0,37442.0,-4.205,700000.0,0.0,3.070000000000001e-07,-17.0,0.0,0.0,0.0,0.0,0.0,0.01,0.002,0.004,0.004,,,10,Loc3_10m|UDP|UL|1,UDP,UL,1,16
Loc3_10m,2026-08-02 15:56:08.006763,0,0.0,0x4601,10.0,1.0,14.0,92900.0,100.0,0.0,0.0,0.0,200.0,-1.002,17.8,-11.0,1.0,12.0,15100000.0,792.0,8.0,1.0,37450.0,-4.205,700000.0,0.0,3.3e-07,-17.0,0.0,0.0,0.0,0.0,0.0,0.01,0.002,0.004,0.004,,,10,Loc3_10m|UDP|UL|1,UDP,UL,1,17
Loc3_10m,2026-08-02 15:56:09.006777,0,0.0,0x4601,10.0,1.0,15.0,104000.0,101.0,1.0,0.0,0.0,211.0,-1.0,17.8,-11.1,1.0,12.0,15100000.0,790.0,10.0,1.0,37440.0,-4.405,700000.0,0.0,3.54e-07,-17.0,0.0,0.0,0.0,0.0,0.0,0.01,0.002,0.004,0.004,,,10,Loc3_10m|UDP|UL|1,UDP,UL,1,18
Loc3_10m,2026-08-02 15:56:10.006721,0,0.0,0x4601,10.0,1.0,15.0,99100.0,100.0,0.0,0.0,0.0,200.0,-0.9004,17.9,-11.0,1.0,12.0,14500000.0,789.0,11.0,1.0,37418.0,-4.705,700000.0,0.0,3.32e-07,-20.0,0.0,0.0,0.0,0.0,0.0,0.01,0.002,0.004,0.004,,,10,Loc3_10m|UDP|UL|1,UDP,UL,1,19
Loc3_10m,2026-08-02 15:56:11.006762,0,0.0,0x4601,10.0,1.0,15.0,96100.0,100.0,1.0,0.0,0.0,202.0,-0.8994,16.7,-11.9,1.0,10.0,12700000.0,797.0,3.0,0.0,37449.0,-4.205,700000.0,0.0,3.190000000000001e-07,-19.0,0.0,0.0,0.0,0.0,0.0,0.01,0.002,0.004,0.004,,,10,Loc3_10m|UDP|UL|1,UDP,UL,1,20
Loc3_10m,2026-08-02 15:56:23.006697,0,0.0,0x4601,11.0,1.0,16.0,109000.0,101.0,1.0,0.0,0.0,204.0,-1.063,18.2,-10.7,1.0,12.0,15700000.0,793.0,7.0,0.0,37432.0,-4.461,700000.0,0.0,3.15e-07,-17.0,0.0,0.0,0.0,0.0,0.0,0.01,0.002,0.004,0.004,,,10,Loc3_10m|UDP|UL|2,UDP,UL,2,5
Loc3_10m,2026-08-02 15:56:24.006633,0,0.0,0x4601,11.0,1.0,15.0,100000.0,100.0,1.0,0.0,0.0,202.0,-1.062,18.2,-10.7,1.0,12.0,15500000.0,792.0,8.0,1.0,37417.0,-4.461,700000.0,0.0,3.2400000000000004e-07,-17.0,0.0,0.0,0.0,0.0,0.0,0.01,0.002,0.004,0.004,,,10,Loc3_10m|UDP|UL|2,UDP,UL,2,6
Loc3_10m,2026-08-02 15:56:25.006677,0,0.0,0x4601,11.0,1.0,16.0,110000.0,101.0,0.0,0.0,0.0,202.0,-0.9614,18.1,-10.8,1.0,12.0,15100000.0,791.0,9.0,1.0,37434.0,-4.561,700000.0,0.0,3.32e-07,-17.0,0.0,0.0,0.0,0.0,0.0,0.01,0.002,0.004,0.004,,,10,Loc3_10m|UDP|UL|2,UDP,UL,2,7
Loc3_10m,2026-08-02 15:56:26.006714,0,0.0,0x4601,11.0,1.0,16.0,105000.0,100.0,2.0,1.0,0.0,204.0,-1.059,18.1,-10.8,1.0,12.0,15500000.0,793.0,7.0,0.0,37432.0,-4.461,700000.0,0.0,3.210000000000001e-07,-17.0,0.0,0.0,0.0,0.0,0.0,0.01,0.002,0.004,0.004,,,10,Loc3_10m|UDP|UL|2,UDP,UL,2,8
Loc3_10m,2026-08-02 15:56:27.006698,0,0.0,0x4601,11.0,1.0,16.0,111000.0,101.0,0.0,0.0,0.0,209.0,-0.9584,18.1,-10.7,1.0,12.0,15400000.0,791.0,9.0,1.0,37442.0,-4.561,700000.0,0.0,3.140000000000001e-07,-17.0,0.0,0.0,0.0,0.0,0.0,0.01,0.002,0.004,0.004,,,10,Loc3_10m|UDP|UL|2,UDP,UL,2,9
Loc3_10m,2026-08-02 15:56:28.006695,0,0.0,0x4601,11.0,1.0,16.0,108000.0,100.0,2.0,1.0,0.0,204.0,-1.056,18.1,-10.8,1.0,12.0,15300000.0,794.0,6.0,0.0,37432.0,-4.362,700000.0,0.0,3.22e-07,-17.0,0.0,0.0,0.0,0.0,0.0,0.01,0.002,0.004,0.004,,,10,Loc3_10m|UDP|UL|2,UDP,UL,2,10
Loc3_10m,2026-08-02 15:56:29.006643,0,0.0,0x4601,11.0,1.0,16.0,110000.0,101.0,0.0,0.0,0.0,202.0,-0.9554,18.1,-10.8,1.0,12.0,15400000.0,792.0,8.0,1.0,37433.0,-4.362,700000.0,0.0,3.310000000000001e-07,-17.0,0.0,0.0,0.0,0.0,0.0,0.01,0.002,0.004,0.004,,,10,Loc3_10m|UDP|UL|2,UDP,UL,2,11
Loc3_10m,2026-08-02 15:56:30.006672,0,0.0,0x4601,11.0,1.0,16.0,108000.0,100.0,2.0,1.0,0.0,204.0,-1.053,18.1,-10.8,1.0,12.0,15300000.0,790.0,10.0,1.0,37440.0,-4.562,700000.0,0.0,3.090000000000001e-07,-17.0,0.0,0.0,0.0,0.0,0.0,0.01,0.002,0.004,0.004,,,10,Loc3_10m|UDP|UL|2,UDP,UL,2,12
Loc3_10m,2026-08-02 15:56:31.006606,0,0.0,0x4601,11.0,1.0,16.0,110000.0,101.0,0.0,0.0,0.0,202.0,-0.9524,18.1,-10.8,1.0,12.0,15300000.0,793.0,7.0,0.0,37449.0,-4.462,700000.0,0.0,3.06e-07,-17.0,0.0,0.0,0.0,0.0,0.0,0.01,0.002,0.004,0.004,,,10,Loc3_10m|UDP|UL|2,UDP,UL,2,13
Loc3_10m,2026-08-02 15:56:32.006644,0,0.0,0x4601,11.0,1.0,16.0,110000.0,100.0,0.0,0.0,0.0,200.0,-0.8524,18.1,-10.8,1.0,12.0,15400000.0,792.0,8.0,1.0,37442.0,-4.462,700000.0,0.0,3.22e-07,-17.0,0.0,0.0,0.0,0.0,0.0,0.01,0.002,0.004,0.004,,,10,Loc3_10m|UDP|UL|2,UDP,UL,2,14
Loc3_10m,2026-08-02 15:56:33.006717,0,0.0,0x4601,11.0,1.0,17.0,115000.0,101.0,1.0,0.0,0.0,204.0,-0.8504,18.0,-10.8,1.0,12.0,15300000.0,792.0,8.0,1.0,37440.0,-4.462,700000.0,0.0,3.3e-07,-17.0,0.0,0.0,0.0,0.0,0.0,0.01,0.002,0.004,0.004,,,10,Loc3_10m|UDP|UL|2,UDP,UL,2,15
Loc3_10m,2026-08-02 15:56:34.006612,0,0.0,0x4601,11.0,1.0,16.0,108000.0,100.0,3.0,2.0,0.0,206.0,-1.047,17.9,-10.8,1.0,12.0,15000000.0,790.0,10.0,1.0,37445.0,-4.662,700000.0,0.0,3.25e-07,-17.0,0.0,0.0,0.0,0.0,0.0,0.01,0.002,0.004,0.004,,,10,Loc3_10m|UDP|UL|2,UDP,UL,2,16
Loc3_10m,2026-08-02 15:56:35.006631,0,0.0,0x4601,11.0,1.0,15.0,86500.0,99.0,7.0,6.0,0.0,212.0,-1.649,18.0,-10.9,1.0,12.0,14000000.0,765.0,35.0,4.0,37491.0,-4.963,700000.0,0.0,3.1200000000000004e-07,-17.0,0.0,0.0,0.0,0.0,0.0,0.016,0.002,0.00401,0.004,,,10,Loc3_10m|UDP|UL|2,UDP,UL,2,17
Loc3_10m,2026-08-02 15:56:36.006599,0,0.0,0x4601,11.0,1.0,14.0,90200.0,99.0,0.0,0.0,0.0,200.0,-1.594,18.1,-10.9,1.0,11.0,14300000.0,787.0,13.0,1.0,37447.0,-4.931,700000.0,0.0,3.2e-07,-17.0,0.0,0.0,0.0,0.0,0.0,0.012,0.002,0.004,0.004,,,10,Loc3_10m|UDP|UL|2,UDP,UL,2,18
Loc3_10m,2026-08-02 15:56:37.006633,0,0.0,0x4601,11.0,1.0,14.0,68300.0,100.0,10.0,9.0,0.0,220.0,-2.4,17.7,-11.0,1.0,11.0,13500000.0,768.0,32.0,4.0,37453.0,-4.951,700000.0,0.0,3.27e-07,-17.0,0.0,0.0,0.0,0.0,0.0,0.013,0.002,0.004,0.004,,,10,Loc3_10m|UDP|UL|2,UDP,UL,2,19
Loc3_10m,2026-08-02 15:56:38.006672,0,0.0,0x4601,10.0,1.0,12.0,45900.0,100.0,6.0,5.0,110.0,212.0,-2.894,18.2,-10.8,1.0,12.0,14100000.0,772.0,28.0,3.0,37467.0,-4.893,700000.0,0.0,3.04e-07,-17.0,0.0,0.0,0.0,0.0,0.0,0.013,0.002,0.004,0.004,,,10,Loc3_10m|UDP|UL|2,UDP,UL,2,20
Loc3_10m,2026-08-02 15:56:47.006560,0,0.0,0x4601,11.0,1.0,10.0,64800.0,100.0,1.0,0.0,0.0,202.0,-3.955,17.7,-11.4,1.0,11.0,13500000.0,790.0,10.0,1.0,37449.0,-4.793,700000.0,0.0,3.08e-07,-18.0,0.0,0.0,0.0,0.0,0.0,0.01,0.002,0.004,0.004,,,10,Loc3_10m|UDP|UL|3,UDP,UL,3,5
Loc3_10m,2026-08-02 15:56:48.006524,0,0.0,0x4601,11.0,1.0,10.0,66200.0,100.0,1.0,0.0,0.0,202.0,-3.905,18.0,-11.1,1.0,11.0,14300000.0,788.0,12.0,1.0,37444.0,-4.951,700000.0,0.0,3.13e-07,-17.0,0.0,0.0,0.0,0.0,0.0,0.01,0.002,0.004,0.004,,,10,Loc3_10m|UDP|UL|3,UDP,UL,3,6
Loc3_10m,2026-08-02 15:56:49.006575,0,0.0,0x4601,11.0,1.0,10.0,37100.0,99.0,13.0,11.0,0.0,226.0,-3.997,18.2,-11.0,1.0,12.0,14300000.0,780.0,20.0,2.0,37464.0,-4.851,700000.0,0.0,3.190000000000001e-07,-17.0,0.0,0.0,0.0,0.0,0.0,0.016,0.002,0.004,0.004,,,10,Loc3_10m|UDP|UL|3,UDP,UL,3,7
Loc3_10m,2026-08-02 15:56:50.006626,0,0.0,0x4601,11.0,1.0,11.0,62300.0,99.0,4.0,3.0,0.0,206.0,-3.978,18.2,-11.0,1.0,11.0,14400000.0,789.0,11.0,1.0,37524.0,-4.913,700000.0,0.0,3.28e-07,-17.0,0.0,0.0,0.0,0.0,0.0,0.014,0.002,0.004,0.004,,,10,Loc3_10m|UDP|UL|3,UDP,UL,3,8
Loc3_10m,2026-08-02 15:56:51.006550,0,0.0,0x4601,11.0,1.0,10.0,41500.0,100.0,15.0,13.0,0.0,230.0,-3.997,18.2,-11.0,1.0,12.0,14600000.0,789.0,11.0,1.0,37494.0,-4.813,700000.0,0.0,3.35e-07,-17.0,0.0,0.0,0.0,0.0,0.0,0.011,0.002,0.004,0.004,,,10,Loc3_10m|UDP|UL|3,UDP,UL,3,9
Loc3_10m,2026-08-02 15:56:52.006605,0,0.0,0x4601,11.0,1.0,10.0,39100.0,99.0,12.0,10.0,0.0,222.0,-3.964,18.1,-11.0,1.0,12.0,14500000.0,786.0,14.0,1.0,37464.0,-4.947,700000.0,0.0,3.16e-07,-17.0,0.0,0.0,0.0,0.0,0.0,0.012,0.002,0.004,0.004,,,10,Loc3_10m|UDP|UL|3,UDP,UL,3,10
Loc3_10m,2026-08-02 15:56:53.006527,0,0.0,0x4601,11.0,1.0,11.0,37500.0,99.0,11.0,10.0,0.0,220.0,-3.997,18.1,-11.0,1.0,11.0,14100000.0,783.0,17.0,2.0,37468.0,-4.981,700000.0,0.0,2.82e-07,-17.0,0.0,0.0,0.0,0.0,0.0,0.011,0.002,0.004,0.004,,,10,Loc3_10m|UDP|UL|3,UDP,UL,3,11
Loc3_10m,2026-08-02 15:56:54.006575,0,0.0,0x4601,11.0,1.0,11.0,15700.0,100.0,14.0,12.0,0.0,228.0,-3.997,18.2,-11.0,1.0,12.0,14600000.0,790.0,10.0,1.0,37482.0,-4.757,700000.0,0.0,3.0500000000000004e-07,-17.0,0.0,0.0,0.0,0.0,0.0,0.01,0.002,0.004,0.004,,,10,Loc3_10m|UDP|UL|3,UDP,UL,3,12
Loc3_10m,2026-08-02 15:56:55.006626,0,0.0,0x4601,10.0,1.0,9.0,40400.0,97.0,20.0,17.0,0.0,234.0,-3.988,17.0,-10.9,1.0,11.0,13400000.0,749.0,51.0,6.0,37433.0,-4.999,700000.0,0.0,2.97e-07,-17.0,0.0,0.0,0.0,0.0,0.0,0.016,0.002,0.00401,0.004,,,10,Loc3_10m|UDP|UL|3,UDP,UL,3,13
Loc3_10m,2026-08-02 15:56:56.006561,0,0.0,0x4601,10.0,1.0,9.0,57000.0,99.0,0.0,0.0,0.0,200.0,-3.888,17.9,-10.9,1.0,11.0,14000000.0,775.0,25.0,3.0,37484.0,-4.947,700000.0,0.0,3.08e-07,-17.0,0.0,1.0,0.0,0.0,0.0,0.017,0.002,0.004,0.004,,,10,Loc3_10m|UDP|UL|3,UDP,UL,3,14
Loc3_10m,2026-08-02 15:56:57.006628,0,0.0,0x4601,11.0,1.0,10.0,16100.000000000002,99.0,6.0,5.0,0.0,210.0,-3.981,17.9,-10.8,1.0,12.0,14100000.0,757.0,43.0,5.0,37470.0,-4.981,700000.0,0.0,3.140000000000001e-07,-17.0,0.0,0.0,0.0,0.0,0.0,0.011,0.002,0.00401,0.004,,,10,Loc3_10m|UDP|UL|3,UDP,UL,3,15
Loc3_10m,2026-08-02 15:56:58.006535,0,0.0,0x4601,11.0,1.0,10.0,19200.0,98.0,14.0,12.0,0.0,224.0,-3.987,18.1,-10.8,1.0,12.0,13700000.0,737.0,63.0,7.0,37432.0,-4.989,700000.0,0.0,3.210000000000001e-07,-17.0,0.0,0.0,0.0,0.0,0.0,0.012,0.002,0.00401,0.004,,,10,Loc3_10m|UDP|UL|3,UDP,UL,3,16
Loc3_10m,2026-08-02 15:56:59.006523,0,0.0,0x4601,11.0,1.0,10.0,15000.0,100.0,5.0,4.0,0.0,210.0,-3.998,18.2,-10.9,1.0,12.0,14400000.0,783.0,17.0,2.0,37488.0,-4.989,700000.0,0.0,3.29e-07,-18.0,0.0,0.0,0.0,0.0,0.0,0.01,0.002,0.004,0.004,,,10,Loc3_10m|UDP|UL|3,UDP,UL,3,17
Loc3_10m,2026-08-02 15:57:00.006619,0,0.0,0x4601,11.0,1.0,10.0,15300.0,100.0,1.0,0.0,0.0,202.0,-3.969,18.2,-11.0,1.0,12.0,14500000.0,792.0,8.0,1.0,37499.0,-4.831,700000.0,0.0,3.23e-07,-17.0,0.0,0.0,0.0,0.0,0.0,0.01,0.002,0.004,0.004,,,10,Loc3_10m|UDP|UL|3,UDP,UL,3,18
Loc3_10m,2026-08-02 15:57:01.006529,0,0.0,0x4601,11.0,1.0,10.0,15400.0,100.0,9.0,8.0,0.0,218.0,-3.993,18.3,-11.0,1.0,12.0,15100000.0,795.0,5.0,0.0,37483.0,-4.531,700000.0,0.0,3.0500000000000004e-07,-17.0,0.0,0.0,0.0,0.0,0.0,0.01,0.002,0.004,0.004,,,10,Loc3_10m|UDP|UL|3,UDP,UL,3,19
Loc3_10m,2026-08-02 15:57:02.006601,0,0.0,0x4601,11.0,1.0,10.0,37500.0,100.0,7.0,6.0,0.0,212.0,-3.954,18.0,-11.0,1.0,12.0,14700000.0,791.0,9.0,1.0,37472.0,-4.631,700000.0,0.0,2.84e-07,-17.0,0.0,0.0,0.0,0.0,0.0,0.011,0.002,0.004,0.004,,,10,Loc3_10m|UDP|UL|3,UDP,UL,3,20
