tech,distance_m,location,protocol,direction,sample,pci,rnti,dl_cqi,dl_ri,dl_mcs,dl_brate,dl_ok,dl_nok,dl_bler,dl_bs,ul_snr,ul_pucch_snr,ul_rsrp,ul_phr,ul_ri,ul_mcs,ul_brate,ul_ok,ul_nok,ul_bler,ul_bsr,ul_ta
4G,2,Loc_1_2m,TCP,DL,0,1.0,46,11.0,0.0,2.0,3700.0,16.0,8.0,33.0,,5.7,15.1,,17.0,,2.0,63000.0,30.0,3.0,9.0,0.0,
4G,2,Loc_1_2m,TCP,DL,1,1.0,46,9.0,0.0,0.0,392.0,7.0,0.0,0.0,,14.4,16.0,,20.0,,12.0,29000.0,7.0,0.0,0.0,0.0,
4G,2,Loc_1_2m,TCP,DL,2,1.0,46,12.0,0.0,0.0,168.0,3.0,0.0,0.0,,13.1,13.8,,23.0,,12.0,13000.0,3.0,0.0,0.0,0.0,
4G,2,Loc_1_2m,TCP,DL,3,1.0,46,12.0,0.0,0.0,224.0,4.0,0.0,0.0,,7.4,7.7,,20.0,,5.0,24000.0,7.0,0.0,0.0,0.0,
4G,2,Loc_1_2m,TCP,DL,4,1.0,46,12.0,0.0,0.0,280.0,5.0,0.0,0.0,,10.6,12.0,,20.0,,6.0,16000.0,4.0,0.0,0.0,0.0,
4G,2,Loc_1_2m,TCP,DL,5,1.0,46,12.0,0.0,0.0,168.0,3.0,0.0,0.0,,9.7,12.6,,20.0,,9.0,13000.0,3.0,0.0,0.0,0.0,
4G,2,Loc_1_2m,TCP,DL,6,1.0,46,12.0,0.0,0.0,112.0,2.0,0.0,0.0,,6.8,7.6,,18.0,,3.0,12000.0,4.0,0.0,0.0,0.0,
4G,2,Loc_1_2m,TCP,DL,7,1.0,46,13.0,0.0,0.0,504.0,9.0,3.0,25.0,,1.3,4.9,,19.0,,0.0,13000.0,8.0,27.0,77.0,0.0,
4G,2,Loc_1_2m,TCP,DL,8,1.0,46,13.0,0.0,0.0,224.0,4.0,0.0,0.0,,3.1,6.2,,20.0,,1.0,7000.0,4.0,2.0,33.0,0.0,
4G,2,Loc_1_2m,TCP,DL,9,1.0,46,11.0,0.0,0.0,112.0,2.0,0.0,0.0,,12.7,14.5,,19.0,,7.0,9800.0,3.0,0.0,0.0,0.0,
4G,2,Loc_1_2m,TCP,DL,10,1.0,46,12.0,0.0,0.0,280.0,5.0,0.0,0.0,,12.6,17.5,,22.0,,10.0,17000.0,4.0,0.0,0.0,0.0,
4G,2,Loc_1_2m,TCP,DL,11,1.0,46,11.0,0.0,4.0,5600.0,12.0,0.0,0.0,,11.3,16.8,,20.0,,9.0,43000.0,10.0,0.0,0.0,0.0,
4G,2,Loc_1_2m,TCP,DL,12,1.0,46,13.0,0.0,25.0,30000000.0,740.0,148.0,16.0,,9.5,14.8,,20.0,,6.0,988000.0,272.0,1.0,0.0,0.0,
4G,2,Loc_1_2m,TCP,DL,13,1.0,46,13.0,0.0,22.0,30000000.0,858.0,136.0,13.0,,15.2,17.7,,25.0,,14.0,954000.0,217.0,0.0,0.0,0.0,
4G,2,Loc_1_2m,TCP,DL,14,1.0,46,13.0,0.0,20.0,29000000.0,921.0,78.0,7.0,,11.1,13.6,,23.0,,9.0,870000.0,253.0,0.0,0.0,172.0,
4G,2,Loc_1_2m,TCP,DL,15,1.0,46,12.0,0.0,17.0,27000000.0,964.0,35.0,3.0,,13.4,15.7,,23.0,,12.0,751000.0,205.0,0.0,0.0,0.0,
4G,2,Loc_1_2m,TCP,DL,16,1.0,46,12.0,0.0,16.0,24000000.0,944.0,54.0,5.0,,13.8,16.1,,26.0,,13.0,697000.0,201.0,0.0,0.0,0.0,
4G,2,Loc_1_2m,TCP,DL,17,1.0,46,12.0,0.0,17.0,26000000.0,952.0,48.0,4.0,,14.6,16.7,,26.0,,14.0,668000.0,189.0,0.0,0.0,0.0,
4G,2,Loc_1_2m,TCP,DL,18,1.0,46,12.0,0.0,16.0,24000000.0,953.0,48.0,4.0,,15.5,17.7,,27.0,,14.0,516000.0,183.0,0.0,0.0,0.0,
4G,2,Loc_1_2m,TCP,DL,19,1.0,46,11.0,0.0,15.0,23000000.0,953.0,46.0,4.0,,16.2,18.4,,27.0,,15.0,537000.0,183.0,0.0,0.0,0.0,
4G,2,Loc_1_2m,TCP,DL,20,1.0,46,12.0,0.0,17.0,26000000.0,935.0,63.0,6.0,,14.6,16.7,,26.0,,14.0,554000.0,198.0,0.0,0.0,0.0,
4G,2,Loc_1_2m,TCP,DL,21,1.0,46,12.0,0.0,18.0,26000000.0,946.0,52.0,5.0,,14.0,15.8,,26.0,,13.0,619000.0,192.0,0.0,0.0,0.0,
4G,2,Loc_1_2m,TCP,DL,22,1.0,46,13.0,0.0,18.0,27000000.0,920.0,77.0,7.0,,13.3,14.9,,26.0,,13.0,562000.0,178.0,0.0,0.0,0.0,
4G,2,Loc_1_2m,TCP,DL,23,1.0,46,13.0,0.0,18.0,26000000.0,936.0,60.0,6.0,,13.9,15.5,,27.0,,14.0,600000.0,203.0,0.0,0.0,0.0,
4G,2,Loc_1_2m,TCP,DL,24,1.0,46,13.0,0.0,18.0,26000000.0,918.0,79.0,7.0,,14.4,15.8,,27.0,,15.0,616000.0,197.0,0.0,0.0,0.0,
4G,2,Loc_1_2m,TCP,DL,25,1.0,46,12.0,0.0,16.0,25000000.0,982.0,17.0,1.0,,16.2,17.9,,26.0,,16.0,584000.0,186.0,0.0,0.0,0.0,
4G,2,Loc_1_2m,TCP,DL,26,1.0,46,13.0,0.0,18.0,25000000.0,876.0,122.0,12.0,,14.5,16.1,,27.0,,15.0,509000.0,168.0,0.0,0.0,0.0,
4G,2,Loc_1_2m,TCP,DL,27,1.0,46,13.0,0.0,20.0,28000000.0,901.0,96.0,9.0,,12.0,13.7,,27.0,,13.0,576000.0,176.0,0.0,0.0,0.0,
4G,2,Loc_1_2m,TCP,DL,28,1.0,46,13.0,0.0,19.0,29000000.0,953.0,47.0,4.0,,12.0,13.8,,27.0,,13.0,603000.0,196.0,0.0,0.0,0.0,
4G,2,Loc_1_2m,TCP,DL,29,1.0,46,13.0,0.0,19.0,27000000.0,914.0,83.0,8.0,,14.6,16.5,,28.0,,16.0,571000.0,202.0,0.0,0.0,0.0,
4G,2,Loc_1_2m,TCP,DL,30,1.0,46,13.0,0.0,18.0,27000000.0,971.0,26.0,2.0,,15.1,17.1,,27.0,,16.0,609000.0,189.0,0.0,0.0,0.0,
4G,2,Loc_1_2m,TCP,DL,31,1.0,46,13.0,0.0,18.0,26000000.0,909.0,87.0,8.0,,15.3,17.2,,28.0,,17.0,585000.0,192.0,0.0,0.0,0.0,
4G,2,Loc_1_2m,TCP,DL,32,1.0,46,12.0,0.0,18.0,16000000.0,569.0,52.0,8.0,,15.1,17.0,,29.0,,16.0,294000.0,102.0,0.0,0.0,0.0,
4G,2,Loc_1_2m,TCP,DL,33,1.0,46,11.0,0.0,0.0,168.0,3.0,0.0,0.0,,15.1,18.5,,26.0,,18.0,13000.0,3.0,0.0,0.0,0.0,
4G,2,Loc_1_2m,TCP,DL,34,1.0,46,11.0,0.0,0.0,0.0,0.0,0.0,0.0,,,99.9,,0.0,,0.0,0.0,0.0,0.0,0.0,0.0,
4G,2,Loc_1_2m,TCP,DL,35,1.0,46,10.0,0.0,0.0,168.0,3.0,0.0,0.0,,15.2,17.5,,25.0,,18.0,13000.0,3.0,0.0,0.0,0.0,
4G,2,Loc_1_2m,TCP,UL,0,1.0,46,11.0,0.0,2.0,4800.0,14.0,0.0,0.0,,15.3,20.5,,21.0,,11.0,104000.0,15.0,0.0,0.0,0.0,
4G,2,Loc_1_2m,TCP,UL,1,1.0,46,11.0,0.0,0.0,112.0,2.0,0.0,0.0,,15.0,20.5,,24.0,,14.0,4100.0,1.0,0.0,0.0,0.0,
4G,2,Loc_1_2m,TCP,UL,2,1.0,46,12.0,0.0,7.0,176000.0,242.0,0.0,0.0,,16.1,20.4,,20.0,,16.0,7500000.0,534.0,0.0,0.0,137000.0,
4G,2,Loc_1_2m,TCP,UL,3,1.0,46,11.0,0.0,7.0,404000.0,528.0,1.0,0.0,,16.4,,,18.0,,17.0,15000000.0,1000.0,0.0,0.0,135000.0,
4G,2,Loc_1_2m,TCP,UL,4,1.0,46,11.0,0.0,8.0,328000.0,415.0,0.0,0.0,,14.7,,,19.0,,16.0,14000000.0,1000.0,0.0,0.0,141000.0,
4G,2,Loc_1_2m,TCP,UL,5,1.0,46,11.0,0.0,7.0,312000.0,428.0,0.0,0.0,,13.2,,,19.0,,15.0,13000000.0,1000.0,0.0,0.0,138000.0,
4G,2,Loc_1_2m,TCP,UL,6,1.0,46,11.0,0.0,7.0,261000.0,349.0,1.0,0.0,,14.1,,,19.0,,18.0,16000000.0,1000.0,0.0,0.0,135000.0,
4G,2,Loc_1_2m,TCP,UL,7,1.0,46,11.0,0.0,7.0,254000.0,337.0,0.0,0.0,,13.3,,,21.0,,18.0,16000000.0,1000.0,0.0,0.0,138000.0,
4G,2,Loc_1_2m,TCP,UL,8,1.0,46,12.0,0.0,6.0,160000.0,235.0,0.0,0.0,,13.2,,,19.0,,18.0,16000000.0,1000.0,0.0,0.0,136000.0,
4G,2,Loc_1_2m,TCP,UL,9,1.0,46,12.0,0.0,7.0,167000.0,234.0,0.0,0.0,,14.8,,,19.0,,19.0,17000000.0,1000.0,0.0,0.0,135000.0,
4G,2,Loc_1_2m,TCP,UL,10,1.0,46,11.0,0.0,6.0,165000.0,249.0,1.0,0.0,,14.6,,,19.0,,19.0,17000000.0,1000.0,0.0,0.0,135000.0,
4G,2,Loc_1_2m,TCP,UL,11,1.0,46,10.0,0.0,5.0,128000.0,211.0,0.0,0.0,,12.8,,,20.0,,17.0,16000000.0,1000.0,0.0,0.0,135000.0,
4G,2,Loc_1_2m,TCP,UL,12,1.0,46,9.0,0.0,5.0,101000.0,187.0,1.0,0.0,,13.7,,,21.0,,18.0,17000000.0,1000.0,0.0,0.0,135000.0,
4G,2,Loc_1_2m,TCP,UL,13,1.0,46,11.0,0.0,5.0,106000.0,184.0,2.0,1.0,,12.2,,,21.0,,17.0,15000000.0,1000.0,0.0,0.0,138000.0,
4G,2,Loc_1_2m,TCP,UL,14,1.0,46,12.0,0.0,5.0,113000.0,198.0,0.0,0.0,,11.3,,,21.0,,16.0,14000000.0,1000.0,0.0,0.0,138000.0,
4G,2,Loc_1_2m,TCP,UL,15,1.0,46,11.0,0.0,5.0,108000.0,198.0,0.0,0.0,,11.6,,,21.0,,17.0,14000000.0,1000.0,0.0,0.0,138000.0,
4G,2,Loc_1_2m,TCP,UL,16,1.0,46,12.0,0.0,5.0,105000.0,191.0,0.0,0.0,,10.8,,,21.0,,15.0,13000000.0,999.0,0.0,0.0,141000.0,
4G,2,Loc_1_2m,TCP,UL,17,1.0,46,12.0,0.0,5.0,91000.0,177.0,0.0,0.0,,9.3,,,22.0,,13.0,11000000.0,1001.0,0.0,0.0,141000.0,
4G,2,Loc_1_2m,TCP,UL,18,1.0,46,11.0,0.0,5.0,116000.0,213.0,0.0,0.0,,10.6,,,22.0,,15.0,13000000.0,1000.0,0.0,0.0,138000.0,
4G,2,Loc_1_2m,TCP,UL,19,1.0,46,12.0,0.0,5.0,102000.0,186.0,0.0,0.0,,11.0,,,22.0,,15.0,13000000.0,1000.0,0.0,0.0,141000.0,
4G,2,Loc_1_2m,TCP,UL,20,1.0,46,11.0,0.0,5.0,89000.0,164.0,0.0,0.0,,10.1,,,22.0,,14.0,11000000.0,999.0,0.0,0.0,141000.0,
4G,2,Loc_1_2m,TCP,UL,21,1.0,46,11.0,0.0,5.0,93000.0,178.0,0.0,0.0,,10.1,,,22.0,,14.0,11000000.0,1001.0,0.0,0.0,141000.0,
4G,2,Loc_1_2m,TCP,UL,22,1.0,46,11.0,0.0,5.0,113000.0,200.0,0.0,0.0,,10.2,,,22.0,,14.0,12000000.0,1000.0,0.0,0.0,138000.0,
4G,2,Loc_1_2m,TCP,UL,23,1.0,46,11.0,0.0,5.0,110000.0,198.0,0.0,0.0,,11.2,,,22.0,,16.0,14000000.0,1000.0,0.0,0.0,141000.0,
4G,2,Loc_1_2m,TCP,UL,24,1.0,46,11.0,0.0,5.0,97000.0,188.0,1.0,0.0,,10.3,,,22.0,,14.0,11000000.0,1000.0,0.0,0.0,141000.0,
4G,2,Loc_1_2m,TCP,UL,25,1.0,46,11.0,0.0,5.0,109000.0,207.0,0.0,0.0,,10.2,,,22.0,,14.0,11000000.0,999.0,0.0,0.0,141000.0,
4G,2,Loc_1_2m,TCP,UL,26,1.0,46,11.0,0.0,5.0,98000.0,185.0,0.0,0.0,,10.4,,,22.0,,14.0,11000000.0,1001.0,0.0,0.0,140000.0,
4G,2,Loc_1_2m,TCP,UL,27,1.0,46,12.0,0.0,5.0,116000.0,214.0,0.0,0.0,,10.5,,,22.0,,14.0,11000000.0,1000.0,0.0,0.0,140000.0,
4G,2,Loc_1_2m,TCP,UL,28,1.0,46,12.0,0.0,5.0,107000.0,203.0,0.0,0.0,,10.5,,,22.0,,14.0,11000000.0,1000.0,0.0,0.0,140000.0,
4G,2,Loc_1_2m,TCP,UL,29,1.0,46,11.0,0.0,5.0,113000.0,214.0,0.0,0.0,,10.3,,,22.0,,14.0,11000000.0,999.0,0.0,0.0,140000.0,
4G,2,Loc_1_2m,TCP,UL,30,1.0,46,11.0,0.0,5.0,196000.0,330.0,3.0,0.0,,10.4,17.3,,22.0,,14.0,8700000.0,779.0,0.0,0.0,0.0,
4G,2,Loc_1_2m,UDP,DL,0,1.0,46,10.0,0.0,3.0,3100.0,14.0,0.0,0.0,,10.1,17.6,,16.0,,6.0,71000.0,17.0,0.0,0.0,0.0,
4G,2,Loc_1_2m,UDP,DL,1,1.0,46,10.0,0.0,22.0,10000000.0,293.0,72.0,19.0,,8.2,15.4,,17.0,,6.0,70000.0,17.0,0.0,0.0,0.0,
4G,2,Loc_1_2m,UDP,DL,2,1.0,46,10.0,0.0,18.0,25000000.0,885.0,106.0,10.0,,11.9,19.0,,18.0,,9.0,56000.0,13.0,0.0,0.0,0.0,
4G,2,Loc_1_2m,UDP,DL,3,1.0,46,9.0,0.0,15.0,22000000.0,957.0,39.0,3.0,,15.4,23.3,,18.0,,13.0,68000.0,16.0,0.0,0.0,0.0,
4G,2,Loc_1_2m,UDP,DL,4,1.0,46,10.0,0.0,18.0,27000000.0,940.0,56.0,5.0,,14.4,22.0,,20.0,,12.0,59000.0,14.0,0.0,0.0,0.0,
4G,2,Loc_1_2m,UDP,DL,5,1.0,46,10.0,0.0,18.0,27000000.0,946.0,50.0,5.0,,14.3,22.0,,19.0,,12.0,63000.0,15.0,0.0,0.0,0.0,
4G,2,Loc_1_2m,UDP,DL,6,1.0,46,10.0,0.0,18.0,27000000.0,957.0,39.0,3.0,,15.3,22.5,,19.0,,13.0,67000.0,16.0,0.0,0.0,0.0,
4G,2,Loc_1_2m,UDP,DL,7,1.0,46,10.0,0.0,18.0,26000000.0,915.0,80.0,8.0,,14.4,21.3,,20.0,,12.0,59000.0,14.0,0.0,0.0,0.0,
4G,2,Loc_1_2m,UDP,DL,8,1.0,46,10.0,0.0,18.0,27000000.0,972.0,26.0,2.0,,14.6,22.2,,19.0,,12.0,63000.0,15.0,0.0,0.0,0.0,
4G,2,Loc_1_2m,UDP,DL,9,1.0,46,10.0,0.0,17.0,26000000.0,953.0,46.0,4.0,,13.8,21.3,,19.0,,11.0,68000.0,16.0,0.0,0.0,0.0,
4G,2,Loc_1_2m,UDP,DL,10,1.0,46,10.0,0.0,17.0,26000000.0,946.0,50.0,5.0,,14.5,22.3,,20.0,,12.0,63000.0,15.0,0.0,0.0,0.0,
4G,2,Loc_1_2m,UDP,DL,11,1.0,46,9.0,0.0,16.0,25000000.0,957.0,38.0,3.0,,15.6,23.0,,20.0,,14.0,63000.0,15.0,0.0,0.0,0.0,
4G,2,Loc_1_2m,UDP,DL,12,1.0,46,10.0,0.0,17.0,26000000.0,931.0,65.0,6.0,,15.3,22.7,,20.0,,14.0,67000.0,16.0,0.0,0.0,0.0,
4G,2,Loc_1_2m,UDP,DL,13,1.0,46,9.0,0.0,14.0,19000000.0,843.0,150.0,15.0,,15.4,22.9,,20.0,,14.0,54000.0,13.0,0.0,0.0,0.0,
4G,2,Loc_1_2m,UDP,DL,14,1.0,46,9.0,0.0,10.0,15000000.0,920.0,76.0,7.0,,15.4,22.9,,20.0,,14.0,59000.0,14.0,0.0,0.0,0.0,
4G,2,Loc_1_2m,UDP,DL,15,1.0,46,9.0,0.0,10.0,15000000.0,981.0,17.0,1.0,,15.4,23.1,,20.0,,14.0,71000.0,17.0,0.0,0.0,0.0,
4G,2,Loc_1_2m,UDP,DL,16,1.0,46,9.0,0.0,11.0,16000000.0,930.0,65.0,6.0,,15.9,23.3,,20.0,,14.0,59000.0,14.0,0.0,0.0,0.0,
4G,2,Loc_1_2m,UDP,DL,17,1.0,46,9.0,0.0,12.0,19000000.0,991.0,9.0,0.0,,16.2,23.5,,20.0,,14.0,68000.0,16.0,0.0,0.0,0.0,
4G,2,Loc_1_2m,UDP,DL,18,1.0,46,10.0,0.0,13.0,17000000.0,858.0,135.0,13.0,,14.4,21.8,,20.0,,13.0,66000.0,16.0,0.0,0.0,0.0,
4G,2,Loc_1_2m,UDP,DL,19,1.0,46,11.0,0.0,13.0,18000000.0,878.0,116.0,11.0,,13.5,20.2,,20.0,,11.0,55000.0,13.0,0.0,0.0,0.0,
4G,2,Loc_1_2m,UDP,DL,20,1.0,46,11.0,0.0,14.0,22000000.0,998.0,2.0,0.0,,12.8,19.4,,20.0,,10.0,72000.0,17.0,0.0,0.0,0.0,
4G,2,Loc_1_2m,UDP,DL,21,1.0,46,10.0,0.0,14.0,22000000.0,985.0,13.0,1.0,,13.3,19.9,,19.0,,10.0,76000.0,18.0,0.0,0.0,0.0,
4G,2,Loc_1_2m,UDP,DL,22,1.0,46,9.0,0.0,12.0,1400000.0,74.0,0.0,0.0,,15.8,22.3,,19.0,,13.0,48000.0,8.0,0.0,0.0,0.0,
4G,2,Loc_1_2m,UDP,UL,0,1.0,46,12.0,0.0,3.0,3700.0,15.0,0.0,0.0,,13.6,19.3,,19.0,,8.0,71000.0,13.0,0.0,0.0,0.0,
4G,2,Loc_1_2m,UDP,UL,1,1.0,46,10.0,0.0,2.0,7400.0,24.0,1.0,4.0,,16.2,17.0,,16.0,,14.0,3000000.0,250.0,0.0,0.0,133000.0,
4G,2,Loc_1_2m,UDP,UL,2,1.0,46,10.0,0.0,0.0,897.0,16.0,0.0,0.0,,15.3,,,14.0,,15.0,13000000.0,999.0,0.0,0.0,134000.0,
4G,2,Loc_1_2m,UDP,UL,3,1.0,46,10.0,0.0,0.0,840.0,15.0,0.0,0.0,,16.3,,,14.0,,17.0,15000000.0,1000.0,0.0,0.0,130000.0,
4G,2,Loc_1_2m,UDP,UL,4,1.0,46,9.0,0.0,0.0,896.0,16.0,0.0,0.0,,19.1,,,12.0,,21.0,20000000.0,1000.0,0.0,0.0,130000.0,
4G,2,Loc_1_2m,UDP,UL,5,1.0,46,9.0,0.0,0.0,951.0,17.0,0.0,0.0,,17.6,,,11.0,,20.0,19000000.0,1000.0,1.0,0.0,128000.0,
4G,2,Loc_1_2m,UDP,UL,6,1.0,46,8.0,0.0,0.0,897.0,16.0,0.0,0.0,,19.2,,,10.0,,23.0,23000000.0,999.0,0.0,0.0,128000.0,
4G,2,Loc_1_2m,UDP,UL,7,1.0,46,10.0,0.0,0.0,952.0,17.0,0.0,0.0,,17.8,,,12.0,,22.0,21000000.0,993.0,6.0,0.0,128000.0,
4G,2,Loc_1_2m,UDP,UL,8,1.0,46,9.0,0.0,0.0,784.0,14.0,3.0,17.0,,17.2,,,13.0,,22.0,21000000.0,996.0,4.0,0.0,130000.0,
4G,2,Loc_1_2m,UDP,UL,9,1.0,46,9.0,0.0,0.0,952.0,17.0,0.0,0.0,,18.1,,,13.0,,22.0,22000000.0,1000.0,0.0,0.0,133000.0,
4G,2,Loc_1_2m,UDP,UL,10,1.0,46,8.0,0.0,0.0,895.0,16.0,0.0,0.0,,19.0,,,11.0,,22.0,22000000.0,1001.0,0.0,0.0,131000.0,
4G,2,Loc_1_2m,UDP,UL,11,1.0,46,9.0,0.0,0.0,897.0,16.0,0.0,0.0,,19.4,,,11.0,,23.0,23000000.0,999.0,0.0,0.0,131000.0,
4G,2,Loc_1_2m,UDP,UL,12,1.0,46,8.0,0.0,0.0,896.0,16.0,0.0,0.0,,19.3,,,11.0,,23.0,23000000.0,1000.0,0.0,0.0,129000.0,
4G,2,Loc_1_2m,UDP,UL,13,1.0,46,9.0,0.0,0.0,896.0,16.0,0.0,0.0,,17.5,26.5,,12.0,,22.0,21000000.0,976.0,23.0,2.0,131000.0,
4G,2,Loc_1_2m,UDP,UL,14,1.0,46,11.0,0.0,0.0,951.0,17.0,0.0,0.0,,18.1,,,14.0,,22.0,22000000.0,1001.0,0.0,0.0,129000.0,
4G,2,Loc_1_2m,UDP,UL,15,1.0,46,10.0,0.0,0.0,841.0,15.0,0.0,0.0,,19.3,,,13.0,,23.0,23000000.0,999.0,0.0,0.0,130000.0,
4G,2,Loc_1_2m,UDP,UL,16,1.0,46,11.0,0.0,0.0,928.0,15.0,0.0,0.0,,9.3,12.6,,15.0,,13.0,9800000.0,962.0,33.0,3.0,143000.0,
4G,2,Loc_1_2m,UDP,UL,17,1.0,46,11.0,0.0,0.0,1000.0,18.0,0.0,0.0,,9.3,,,16.0,,13.0,10000000.0,1000.0,0.0,0.0,141000.0,
4G,2,Loc_1_2m,UDP,UL,18,1.0,46,9.0,0.0,0.0,952.0,17.0,0.0,0.0,,9.7,11.8,,16.0,,14.0,11000000.0,982.0,16.0,1.0,139000.0,
4G,2,Loc_1_2m,UDP,UL,19,1.0,46,10.0,0.0,0.0,895.0,16.0,0.0,0.0,,9.8,,,16.0,,14.0,11000000.0,1000.0,0.0,0.0,140000.0,
4G,2,Loc_1_2m,UDP,UL,20,1.0,46,10.0,0.0,0.0,841.0,15.0,0.0,0.0,,10.6,,,15.0,,14.0,12000000.0,999.0,0.0,0.0,137000.0,
4G,2,Loc_1_2m,UDP,UL,21,1.0,46,10.0,0.0,0.0,840.0,15.0,0.0,0.0,,10.4,,,15.0,,14.0,12000000.0,996.0,4.0,0.0,142000.0,
4G,2,Loc_1_2m,UDP,UL,22,1.0,46,10.0,0.0,3.0,17000.0,21.0,2.0,8.0,,8.9,14.5,,16.0,,12.0,7400000.0,822.0,0.0,0.0,0.0,
4G,2,Loc_1_2m,UDP,UL,23,1.0,46,9.0,0.0,0.0,112.0,2.0,0.0,0.0,,12.5,17.9,,18.0,,10.0,4300.0,1.0,0.0,0.0,0.0,
4G,5,Loc_2_5m,TCP,DL,0,1.0,46,10.0,0.0,4.0,7600.0,10.0,0.0,0.0,,12.8,19.4,,16.0,,8.0,135000.0,11.0,0.0,0.0,0.0,
4G,5,Loc_2_5m,TCP,DL,1,1.0,46,9.0,0.0,0.0,336.0,6.0,0.0,0.0,,9.6,18.5,,18.0,,7.0,26000.0,6.0,0.0,0.0,0.0,
4G,5,Loc_2_5m,TCP,DL,2,1.0,46,10.0,0.0,21.0,15000000.0,449.0,87.0,16.0,,8.9,16.8,,18.0,,6.0,620000.0,158.0,0.0,0.0,0.0,
4G,5,Loc_2_5m,TCP,DL,3,1.0,46,11.0,0.0,19.0,28000000.0,901.0,95.0,9.0,,9.7,17.6,,19.0,,7.0,976000.0,246.0,0.0,0.0,101.0,
4G,5,Loc_2_5m,TCP,DL,4,1.0,46,10.0,0.0,18.0,29000000.0,990.0,10.0,1.0,,9.8,17.6,,18.0,,8.0,880000.0,228.0,0.0,0.0,266.0,
4G,5,Loc_2_5m,TCP,DL,5,1.0,46,10.0,0.0,17.0,26000000.0,920.0,74.0,7.0,,11.5,19.6,,19.0,,10.0,726000.0,186.0,0.0,0.0,0.0,
4G,5,Loc_2_5m,TCP,DL,6,1.0,46,9.0,0.0,17.0,26000000.0,958.0,40.0,4.0,,13.7,21.3,,21.0,,12.0,710000.0,219.0,0.0,0.0,0.0,
4G,5,Loc_2_5m,TCP,DL,7,1.0,46,9.0,0.0,16.0,24000000.0,924.0,67.0,6.0,,15.3,23.3,,21.0,,14.0,632000.0,199.0,0.0,0.0,0.0,
4G,5,Loc_2_5m,TCP,DL,8,1.0,46,10.0,0.0,16.0,25000000.0,939.0,53.0,5.0,,15.0,22.4,,23.0,,14.0,644000.0,206.0,0.0,0.0,0.0,
4G,5,Loc_2_5m,TCP,DL,9,1.0,46,9.0,0.0,15.0,22000000.0,948.0,50.0,5.0,,14.5,22.2,,21.0,,14.0,512000.0,182.0,0.0,0.0,0.0,
4G,5,Loc_2_5m,TCP,DL,10,1.0,46,9.0,0.0,16.0,24000000.0,967.0,30.0,3.0,,14.2,22.4,,22.0,,13.0,546000.0,195.0,0.0,0.0,0.0,
4G,5,Loc_2_5m,TCP,DL,11,1.0,46,9.0,0.0,15.0,22000000.0,924.0,71.0,7.0,,14.8,23.3,,22.0,,14.0,518000.0,188.0,0.0,0.0,0.0,
4G,5,Loc_2_5m,TCP,DL,12,1.0,46,9.0,0.0,16.0,24000000.0,957.0,43.0,4.0,,15.6,23.2,,23.0,,15.0,567000.0,214.0,0.0,0.0,0.0,
4G,5,Loc_2_5m,TCP,DL,13,1.0,46,9.0,0.0,16.0,24000000.0,950.0,46.0,4.0,,15.0,22.2,,23.0,,15.0,568000.0,198.0,0.0,0.0,520.0,
4G,5,Loc_2_5m,TCP,DL,14,1.0,46,9.0,0.0,17.0,26000000.0,955.0,42.0,4.0,,15.2,22.2,,22.0,,15.0,600000.0,184.0,0.0,0.0,0.0,
4G,5,Loc_2_5m,TCP,DL,15,1.0,46,9.0,0.0,16.0,25000000.0,927.0,69.0,6.0,,15.0,22.2,,21.0,,15.0,534000.0,185.0,0.0,0.0,0.0,
4G,5,Loc_2_5m,TCP,DL,16,1.0,46,9.0,0.0,15.0,23000000.0,955.0,41.0,4.0,,15.3,22.5,,23.0,,16.0,564000.0,197.0,0.0,0.0,0.0,
4G,5,Loc_2_5m,TCP,DL,17,1.0,46,9.0,0.0,16.0,23000000.0,950.0,48.0,4.0,,14.9,22.8,,22.0,,15.0,561000.0,184.0,0.0,0.0,0.0,
4G,5,Loc_2_5m,TCP,DL,18,1.0,46,9.0,0.0,15.0,23000000.0,941.0,56.0,5.0,,14.8,22.7,,24.0,,16.0,525000.0,204.0,0.0,0.0,0.0,
4G,5,Loc_2_5m,TCP,DL,19,1.0,46,9.0,0.0,15.0,22000000.0,945.0,54.0,5.0,,15.3,22.7,,23.0,,16.0,458000.0,163.0,0.0,0.0,0.0,
4G,5,Loc_2_5m,TCP,DL,20,1.0,46,9.0,0.0,14.0,22000000.0,958.0,42.0,4.0,,15.1,22.3,,24.0,,16.0,491000.0,201.0,0.0,0.0,0.0,
4G,5,Loc_2_5m,TCP,DL,21,1.0,46,9.0,0.0,15.0,23000000.0,964.0,33.0,3.0,,14.9,22.1,,22.0,,17.0,568000.0,181.0,0.0,0.0,0.0,
4G,5,Loc_2_5m,TCP,DL,22,1.0,46,9.0,0.0,16.0,23000000.0,903.0,67.0,6.0,,15.4,22.5,,23.0,,17.0,446000.0,154.0,0.0,0.0,0.0,
4G,5,Loc_2_5m,TCP,DL,23,1.0,46,10.0,0.0,0.0,56.0,1.0,0.0,0.0,,15.7,23.7,,0.0,,15.0,4800.0,2.0,0.0,0.0,0.0,
4G,5,Loc_2_5m,TCP,DL,24,1.0,46,7.0,0.0,0.0,168.0,3.0,0.0,0.0,,15.4,23.6,,21.0,,18.0,13000.0,3.0,0.0,0.0,0.0,
4G,5,Loc_2_5m,TCP,DL,25,1.0,46,5.0,0.0,0.0,0.0,0.0,0.0,0.0,,,99.9,,0.0,,0.0,0.0,0.0,0.0,0.0,0.0,
4G,5,Loc_2_5m,TCP,DL,26,1.0,46,4.0,0.0,0.0,56.0,1.0,0.0,0.0,,21.1,27.5,,14.0,,18.0,4400.0,1.0,0.0,0.0,0.0,
4G,5,Loc_2_5m,TCP,DL,27,1.0,46,5.0,0.0,0.0,56.0,1.0,0.0,0.0,,17.2,26.6,,18.0,,22.0,4100.0,1.0,0.0,0.0,0.0,
4G,5,Loc_2_5m,TCP,DL,28,1.0,46,6.0,0.0,0.0,0.0,0.0,0.0,0.0,,,99.9,,0.0,,0.0,0.0,0.0,0.0,0.0,0.0,
4G,5,Loc_2_5m,TCP,UL,0,1.0,46,7.0,0.0,2.0,2200.0,12.0,1.0,7.0,,8.0,17.2,,15.0,,5.0,108000.0,29.0,3.0,9.0,0.0,
4G,5,Loc_2_5m,TCP,UL,1,1.0,46,8.0,0.0,0.0,112.0,2.0,0.0,0.0,,9.6,17.7,,19.0,,9.0,8500.0,2.0,0.0,0.0,0.0,
4G,5,Loc_2_5m,TCP,UL,2,1.0,46,10.0,0.0,6.0,9900.0,17.0,0.0,0.0,,8.6,14.4,,18.0,,6.0,48000.0,12.0,0.0,0.0,0.0,
4G,5,Loc_2_5m,TCP,UL,3,1.0,46,10.0,0.0,6.0,192000.0,316.0,1.0,0.0,,11.4,14.3,,16.0,,10.0,7100000.0,919.0,0.0,0.0,142000.0,
4G,5,Loc_2_5m,TCP,UL,4,1.0,46,9.0,0.0,6.0,218000.0,321.0,2.0,0.0,,12.8,,,15.0,,13.0,10000000.0,999.0,0.0,0.0,141000.0,
4G,5,Loc_2_5m,TCP,UL,5,1.0,46,9.0,0.0,8.0,527000.0,676.0,8.0,1.0,,14.0,,,15.0,,16.0,14000000.0,1000.0,0.0,0.0,138000.0,
4G,5,Loc_2_5m,TCP,UL,6,1.0,46,10.0,0.0,7.0,244000.0,329.0,4.0,1.0,,14.5,,,14.0,,17.0,16000000.0,1001.0,0.0,0.0,135000.0,
4G,5,Loc_2_5m,TCP,UL,7,1.0,46,10.0,0.0,7.0,250000.0,327.0,2.0,0.0,,14.2,,,15.0,,18.0,17000000.0,1000.0,0.0,0.0,135000.0,
4G,5,Loc_2_5m,TCP,UL,8,1.0,46,9.0,0.0,8.0,315000.0,390.0,21.0,5.0,,14.0,,,14.0,,18.0,17000000.0,1000.0,0.0,0.0,135000.0,
4G,5,Loc_2_5m,TCP,UL,9,1.0,46,9.0,0.0,8.0,356000.0,444.0,22.0,4.0,,13.6,,,14.0,,18.0,17000000.0,999.0,0.0,0.0,138000.0,
4G,5,Loc_2_5m,TCP,UL,10,1.0,46,9.0,0.0,8.0,311000.0,379.0,7.0,1.0,,15.4,,,13.0,,20.0,18000000.0,1001.0,0.0,0.0,135000.0,
4G,5,Loc_2_5m,TCP,UL,11,1.0,46,10.0,0.0,7.0,172000.0,239.0,0.0,0.0,,14.9,,,15.0,,18.0,17000000.0,1000.0,0.0,0.0,135000.0,
4G,5,Loc_2_5m,TCP,UL,12,1.0,46,9.0,0.0,5.0,116000.0,211.0,0.0,0.0,,14.2,,,15.0,,18.0,17000000.0,1000.0,0.0,0.0,135000.0,
4G,5,Loc_2_5m,TCP,UL,13,1.0,46,9.0,0.0,5.0,106000.0,190.0,2.0,1.0,,14.8,20.3,,15.0,,18.0,17000000.0,995.0,3.0,0.0,135000.0,
4G,5,Loc_2_5m,TCP,UL,14,1.0,46,8.0,0.0,5.0,104000.0,196.0,0.0,0.0,,15.0,,,15.0,,18.0,17000000.0,1000.0,0.0,0.0,135000.0,
4G,5,Loc_2_5m,TCP,UL,15,1.0,46,9.0,0.0,5.0,98000.0,178.0,0.0,0.0,,15.2,,,15.0,,18.0,17000000.0,1001.0,0.0,0.0,135000.0,
4G,5,Loc_2_5m,TCP,UL,16,1.0,46,7.0,0.0,5.0,109000.0,196.0,1.0,0.0,,15.2,,,15.0,,18.0,17000000.0,1000.0,0.0,0.0,135000.0,
4G,5,Loc_2_5m,TCP,UL,17,1.0,46,7.0,0.0,5.0,111000.0,196.0,0.0,0.0,,15.2,,,15.0,,18.0,17000000.0,1000.0,0.0,0.0,135000.0,
4G,5,Loc_2_5m,TCP,UL,18,1.0,46,8.0,0.0,5.0,113000.0,205.0,0.0,0.0,,15.2,,,15.0,,18.0,17000000.0,999.0,0.0,0.0,135000.0,
4G,5,Loc_2_5m,TCP,UL,19,1.0,46,8.0,0.0,5.0,119000.0,206.0,3.0,1.0,,15.1,,,15.0,,18.0,17000000.0,1000.0,0.0,0.0,135000.0,
4G,5,Loc_2_5m,TCP,UL,20,1.0,46,7.0,0.0,5.0,113000.0,206.0,0.0,0.0,,14.8,,,15.0,,18.0,17000000.0,1001.0,0.0,0.0,135000.0,
4G,5,Loc_2_5m,TCP,UL,21,1.0,46,7.0,0.0,5.0,120000.0,206.0,3.0,1.0,,14.7,,,15.0,,18.0,17000000.0,1000.0,0.0,0.0,135000.0,
4G,5,Loc_2_5m,TCP,UL,22,1.0,46,8.0,0.0,6.0,123000.0,198.0,2.0,1.0,,13.7,,,15.0,,18.0,17000000.0,999.0,0.0,0.0,135000.0,
4G,5,Loc_2_5m,TCP,UL,23,1.0,46,8.0,0.0,5.0,121000.0,216.0,6.0,2.0,,14.3,,,15.0,,18.0,17000000.0,992.0,8.0,0.0,134000.0,
4G,5,Loc_2_5m,TCP,UL,24,1.0,46,9.0,0.0,5.0,134000.0,226.0,3.0,1.0,,14.1,,,15.0,,18.0,17000000.0,1001.0,0.0,0.0,135000.0,
4G,5,Loc_2_5m,TCP,UL,25,1.0,46,9.0,0.0,5.0,128000.0,224.0,1.0,0.0,,14.0,,,15.0,,18.0,17000000.0,1000.0,0.0,0.0,135000.0,
4G,5,Loc_2_5m,TCP,UL,26,1.0,46,9.0,0.0,5.0,128000.0,224.0,2.0,0.0,,14.2,,,15.0,,18.0,17000000.0,1000.0,0.0,0.0,135000.0,
4G,5,Loc_2_5m,TCP,UL,27,1.0,46,7.0,0.0,5.0,122000.0,213.0,3.0,1.0,,15.7,,,14.0,,20.0,18000000.0,999.0,0.0,0.0,134000.0,
4G,5,Loc_2_5m,TCP,UL,28,1.0,46,8.0,0.0,6.0,161000.0,253.0,0.0,0.0,,14.6,,,15.0,,18.0,17000000.0,1000.0,0.0,0.0,134000.0,
4G,5,Loc_2_5m,TCP,UL,29,1.0,46,10.0,0.0,7.0,237000.0,315.0,3.0,0.0,,15.0,20.8,,16.0,,18.0,7600000.0,446.0,0.0,0.0,0.0,
4G,5,Loc_2_5m,TCP,UL,30,1.0,46,8.0,0.0,0.0,56.0,1.0,0.0,0.0,,14.1,21.5,,21.0,,18.0,4400.0,1.0,0.0,0.0,0.0,
4G,5,Loc_2_5m,TCP,UL,31,1.0,46,7.0,0.0,0.0,0.0,0.0,0.0,0.0,,,99.9,,0.0,,0.0,0.0,0.0,0.0,0.0,0.0,
4G,5,Loc_2_5m,UDP,DL,0,1.0,46,10.0,0.0,1.0,2500.0,11.0,2.0,15.0,,9.4,15.0,,15.0,,5.0,128000.0,18.0,0.0,0.0,0.0,
4G,5,Loc_2_5m,UDP,DL,1,1.0,46,9.0,0.0,0.0,0.0,0.0,0.0,0.0,,,99.9,,0.0,,0.0,0.0,0.0,0.0,0.0,0.0,
4G,5,Loc_2_5m,UDP,DL,2,1.0,46,10.0,0.0,0.0,56.0,1.0,0.0,0.0,,7.5,14.0,,17.0,,4.0,3200.0,1.0,0.0,0.0,0.0,
4G,5,Loc_2_5m,UDP,DL,3,1.0,46,10.0,0.0,0.0,168.0,3.0,0.0,0.0,,8.1,13.9,,18.0,,5.0,11000.0,3.0,0.0,0.0,0.0,
4G,5,Loc_2_5m,UDP,DL,4,1.0,46,11.0,0.0,0.0,0.0,0.0,0.0,0.0,,,99.9,,0.0,,0.0,0.0,0.0,0.0,0.0,0.0,
4G,5,Loc_2_5m,UDP,DL,5,1.0,46,11.0,0.0,0.0,56.0,1.0,0.0,0.0,,8.8,15.4,,17.0,,4.0,3200.0,1.0,0.0,0.0,0.0,
4G,5,Loc_2_5m,UDP,DL,6,1.0,46,11.0,0.0,0.0,112.0,2.0,0.0,0.0,,8.7,13.9,,18.0,,7.0,8800.0,2.0,0.0,0.0,0.0,
4G,5,Loc_2_5m,UDP,DL,7,1.0,46,10.0,0.0,4.0,4300.0,10.0,0.0,0.0,,8.2,13.3,,18.0,,6.0,30000.0,7.0,0.0,0.0,0.0,
4G,5,Loc_2_5m,UDP,DL,8,1.0,46,11.0,0.0,22.0,26000000.0,748.0,133.0,15.0,,8.6,13.7,,18.0,,6.0,65000.0,16.0,0.0,0.0,0.0,
4G,5,Loc_2_5m,UDP,DL,9,1.0,46,9.0,0.0,17.0,27000000.0,977.0,22.0,2.0,,10.4,16.6,,17.0,,8.0,72000.0,17.0,0.0,0.0,0.0,
4G,5,Loc_2_5m,UDP,DL,10,1.0,46,10.0,0.0,19.0,28000000.0,927.0,68.0,6.0,,11.8,18.9,,18.0,,9.0,60000.0,14.0,0.0,0.0,0.0,
4G,5,Loc_2_5m,UDP,DL,11,1.0,46,9.0,0.0,16.0,23000000.0,907.0,87.0,8.0,,14.1,21.2,,17.0,,12.0,59000.0,14.0,0.0,0.0,0.0,
4G,5,Loc_2_5m,UDP,DL,12,1.0,46,9.0,0.0,13.0,20000000.0,964.0,34.0,3.0,,14.5,21.2,,17.0,,12.0,67000.0,16.0,0.0,0.0,0.0,
4G,5,Loc_2_5m,UDP,DL,13,1.0,46,9.0,0.0,16.0,24000000.0,960.0,37.0,3.0,,14.4,21.3,,17.0,,12.0,58000.0,14.0,0.0,0.0,0.0,
4G,5,Loc_2_5m,UDP,DL,14,1.0,46,8.0,0.0,14.0,21000000.0,957.0,39.0,3.0,,14.1,21.0,,18.0,,12.0,63000.0,15.0,0.0,0.0,0.0,
4G,5,Loc_2_5m,UDP,DL,15,1.0,46,10.0,0.0,17.0,27000000.0,955.0,43.0,4.0,,13.6,20.3,,18.0,,11.0,68000.0,16.0,0.0,0.0,0.0,
4G,5,Loc_2_5m,UDP,DL,16,1.0,46,9.0,0.0,15.0,23000000.0,948.0,49.0,4.0,,14.9,22.0,,17.0,,13.0,58000.0,14.0,0.0,0.0,0.0,
4G,5,Loc_2_5m,UDP,DL,17,1.0,46,8.0,0.0,13.0,20000000.0,956.0,42.0,4.0,,15.6,23.4,,17.0,,14.0,63000.0,15.0,0.0,0.0,0.0,
4G,5,Loc_2_5m,UDP,DL,18,1.0,46,9.0,0.0,15.0,21000000.0,924.0,69.0,6.0,,15.8,22.5,,17.0,,14.0,63000.0,15.0,0.0,0.0,0.0,
4G,5,Loc_2_5m,UDP,DL,19,1.0,46,9.0,0.0,15.0,22000000.0,929.0,62.0,6.0,,15.2,22.0,,17.0,,14.0,62000.0,15.0,0.0,0.0,0.0,
4G,5,Loc_2_5m,UDP,DL,20,1.0,46,9.0,0.0,17.0,25000000.0,952.0,47.0,4.0,,13.9,20.7,,17.0,,12.0,63000.0,15.0,0.0,0.0,0.0,
4G,5,Loc_2_5m,UDP,DL,21,1.0,46,9.0,0.0,15.0,24000000.0,964.0,33.0,3.0,,14.4,21.8,,16.0,,12.0,67000.0,16.0,0.0,0.0,0.0,
4G,5,Loc_2_5m,UDP,DL,22,1.0,46,8.0,0.0,14.0,21000000.0,931.0,63.0,6.0,,15.2,21.9,,16.0,,13.0,59000.0,14.0,0.0,0.0,0.0,
4G,5,Loc_2_5m,UDP,DL,23,1.0,46,9.0,0.0,15.0,22000000.0,945.0,51.0,5.0,,16.0,22.2,,17.0,,14.0,63000.0,15.0,0.0,0.0,0.0,
4G,5,Loc_2_5m,UDP,DL,24,1.0,46,9.0,0.0,15.0,23000000.0,954.0,43.0,4.0,,15.8,22.6,,17.0,,14.0,63000.0,15.0,0.0,0.0,0.0,
4G,5,Loc_2_5m,UDP,DL,25,1.0,46,9.0,0.0,15.0,22000000.0,951.0,48.0,4.0,,15.2,22.1,,17.0,,14.0,58000.0,14.0,0.0,0.0,0.0,
4G,5,Loc_2_5m,UDP,DL,26,1.0,46,9.0,0.0,15.0,22000000.0,954.0,44.0,4.0,,14.5,21.0,,17.0,,13.0,62000.0,15.0,0.0,0.0,0.0,
4G,5,Loc_2_5m,UDP,DL,27,1.0,46,9.0,0.0,16.0,24000000.0,960.0,38.0,3.0,,15.3,21.9,,17.0,,14.0,63000.0,15.0,0.0,0.0,0.0,
4G,5,Loc_2_5m,UDP,DL,28,1.0,46,7.0,0.0,12.0,5600000.0,282.0,16.0,5.0,,15.5,22.0,,17.0,,14.0,68000.0,13.0,0.0,0.0,0.0,
4G,5,Loc_2_5m,UDP,DL,29,1.0,46,6.0,0.0,0.0,0.0,0.0,0.0,0.0,,,99.9,,0.0,,0.0,0.0,0.0,0.0,0.0,0.0,
4G,5,Loc_2_5m,UDP,UL,0,1.0,46,11.0,0.0,2.0,2100.0,11.0,2.0,15.0,,10.9,17.4,,17.0,,7.0,108000.0,18.0,0.0,0.0,0.0,
4G,5,Loc_2_5m,UDP,UL,1,1.0,46,11.0,0.0,0.0,56.0,1.0,0.0,0.0,,7.6,15.8,,20.0,,9.0,4300.0,1.0,0.0,0.0,0.0,
4G,5,Loc_2_5m,UDP,UL,2,1.0,46,10.0,0.0,3.0,6400.0,17.0,0.0,0.0,,9.5,15.8,,17.0,,7.0,51000.0,12.0,0.0,0.0,0.0,
4G,5,Loc_2_5m,UDP,UL,3,1.0,46,9.0,0.0,0.0,1500.0,19.0,0.0,0.0,,12.0,18.4,,15.0,,11.0,8400000.0,974.0,0.0,0.0,141000.0,
4G,5,Loc_2_5m,UDP,UL,4,1.0,46,9.0,0.0,0.0,951.0,17.0,0.0,0.0,,12.3,,,15.0,,12.0,9900000.0,1001.0,0.0,0.0,143000.0,
4G,5,Loc_2_5m,UDP,UL,5,1.0,46,8.0,0.0,0.0,953.0,17.0,0.0,0.0,,12.6,,,15.0,,13.0,11000000.0,999.0,0.0,0.0,142000.0,
4G,5,Loc_2_5m,UDP,UL,6,1.0,46,7.0,0.0,0.0,896.0,16.0,0.0,0.0,,14.0,,,14.0,,17.0,15000000.0,1000.0,0.0,0.0,136000.0,
4G,5,Loc_2_5m,UDP,UL,7,1.0,46,8.0,0.0,0.0,1000.0,18.0,0.0,0.0,,14.1,,,14.0,,18.0,17000000.0,1000.0,0.0,0.0,136000.0,
4G,5,Loc_2_5m,UDP,UL,8,1.0,46,8.0,0.0,0.0,1100.0,19.0,0.0,0.0,,14.3,,,13.0,,18.0,17000000.0,1000.0,0.0,0.0,136000.0,
4G,5,Loc_2_5m,UDP,UL,9,1.0,46,8.0,0.0,0.0,951.0,17.0,0.0,0.0,,14.4,,,13.0,,18.0,17000000.0,1001.0,0.0,0.0,137000.0,
4G,5,Loc_2_5m,UDP,UL,10,1.0,46,9.0,0.0,0.0,1100.0,20.0,0.0,0.0,,13.4,,,14.0,,18.0,17000000.0,999.0,0.0,0.0,136000.0,
4G,5,Loc_2_5m,UDP,UL,11,1.0,46,8.0,0.0,0.0,1000.0,18.0,0.0,0.0,,14.5,,,13.0,,18.0,17000000.0,1000.0,0.0,0.0,136000.0,
4G,5,Loc_2_5m,UDP,UL,12,1.0,46,9.0,0.0,0.0,840.0,15.0,0.0,0.0,,13.6,,,13.0,,18.0,17000000.0,1000.0,0.0,0.0,136000.0,
4G,5,Loc_2_5m,UDP,UL,13,1.0,46,8.0,0.0,0.0,1000.0,18.0,0.0,0.0,,13.6,,,13.0,,18.0,17000000.0,1001.0,0.0,0.0,137000.0,
4G,5,Loc_2_5m,UDP,UL,14,1.0,46,8.0,0.0,0.0,953.0,17.0,0.0,0.0,,15.4,,,12.0,,20.0,19000000.0,999.0,0.0,0.0,133000.0,
4G,5,Loc_2_5m,UDP,UL,15,1.0,46,9.0,0.0,0.0,896.0,16.0,0.0,0.0,,14.5,,,14.0,,19.0,17000000.0,1000.0,0.0,0.0,136000.0,
4G,5,Loc_2_5m,UDP,UL,16,1.0,46,8.0,0.0,0.0,1000.0,18.0,0.0,0.0,,14.5,,,13.0,,18.0,17000000.0,1000.0,0.0,0.0,136000.0,
4G,5,Loc_2_5m,UDP,UL,17,1.0,46,8.0,0.0,0.0,840.0,15.0,0.0,0.0,,15.2,,,12.0,,19.0,18000000.0,1000.0,0.0,0.0,136000.0,
4G,5,Loc_2_5m,UDP,UL,18,1.0,46,8.0,0.0,0.0,1100.0,19.0,0.0,0.0,,14.3,,,13.0,,18.0,17000000.0,1001.0,0.0,0.0,137000.0,
4G,5,Loc_2_5m,UDP,UL,19,1.0,46,7.0,0.0,0.0,1000.0,18.0,0.0,0.0,,14.7,,,12.0,,18.0,17000000.0,999.0,0.0,0.0,136000.0,
4G,5,Loc_2_5m,UDP,UL,20,1.0,46,8.0,0.0,0.0,840.0,15.0,0.0,0.0,,15.3,,,13.0,,20.0,18000000.0,996.0,4.0,0.0,136000.0,
4G,5,Loc_2_5m,UDP,UL,21,1.0,46,7.0,0.0,0.0,952.0,17.0,0.0,0.0,,15.5,,,12.0,,20.0,19000000.0,1000.0,0.0,0.0,136000.0,
4G,5,Loc_2_5m,UDP,UL,22,1.0,46,7.0,0.0,0.0,895.0,16.0,0.0,0.0,,15.0,,,12.0,,18.0,17000000.0,1001.0,0.0,0.0,137000.0,
4G,5,Loc_2_5m,UDP,UL,23,1.0,46,7.0,0.0,2.0,15000.0,18.0,0.0,0.0,,15.4,26.3,,13.0,,18.0,10000000.0,587.0,0.0,0.0,0.0,
4G,5,Loc_2_5m,UDP,UL,24,1.0,46,8.0,0.0,0.0,56.0,1.0,0.0,0.0,,15.2,27.1,,18.0,,18.0,4400.0,1.0,0.0,0.0,0.0,
4G,5,Loc_2_5m,UDP,UL,25,1.0,46,7.0,0.0,0.0,0.0,0.0,0.0,0.0,,,99.9,,0.0,,0.0,0.0,0.0,0.0,0.0,0.0,
4G,10,Loc_3_10m,TCP,DL,0,1.0,46,,0.0,6.0,8300.0,1.0,0.0,0.0,,23.7,18.1,,0.0,,0.0,1800.0,1.0,0.0,0.0,0.0,
4G,10,Loc_3_10m,TCP,DL,1,1.0,46,4.0,0.0,2.0,2600.0,10.0,1.0,9.0,,11.6,20.2,,12.0,,8.0,54000.0,13.0,0.0,0.0,0.0,
4G,10,Loc_3_10m,TCP,DL,2,1.0,46,4.0,0.0,1.0,168.0,3.0,0.0,0.0,,12.7,18.7,,13.0,,9.0,21000.0,5.0,0.0,0.0,0.0,
4G,10,Loc_3_10m,TCP,DL,3,1.0,46,4.0,0.0,8.0,8199999.999999999,623.0,89.0,12.0,,11.7,17.7,,15.0,,9.0,444000.0,142.0,0.0,0.0,0.0,
4G,10,Loc_3_10m,TCP,DL,4,1.0,46,5.0,0.0,7.0,11000000.0,951.0,47.0,4.0,,12.1,18.1,,17.0,,9.0,496000.0,197.0,0.0,0.0,0.0,
4G,10,Loc_3_10m,TCP,DL,5,1.0,46,4.0,0.0,5.0,8500000.0,940.0,55.0,5.0,,13.0,18.8,,14.0,,10.0,457000.0,159.0,0.0,0.0,0.0,
4G,10,Loc_3_10m,TCP,DL,6,1.0,46,4.0,0.0,4.0,7100000.0,950.0,37.0,3.0,,12.9,19.0,,16.0,,10.0,341000.0,128.0,0.0,0.0,0.0,
4G,10,Loc_3_10m,TCP,DL,7,1.0,46,3.0,0.0,4.0,5800000.0,906.0,55.0,5.0,,13.0,19.1,,15.0,,10.0,337000.0,123.0,0.0,0.0,0.0,
4G,10,Loc_3_10m,TCP,DL,8,1.0,46,4.0,0.0,5.0,8199999.999999999,942.0,49.0,4.0,,13.0,19.4,,17.0,,11.0,366000.0,146.0,0.0,0.0,0.0,
4G,10,Loc_3_10m,TCP,DL,9,1.0,46,4.0,0.0,6.0,9100000.0,950.0,50.0,5.0,,12.8,19.0,,15.0,,11.0,486000.0,187.0,0.0,0.0,0.0,
4G,10,Loc_3_10m,TCP,DL,10,1.0,46,4.0,0.0,5.0,6800000.0,932.0,62.0,6.0,,12.6,18.8,,15.0,,12.0,376000.0,121.0,4.0,3.0,0.0,
4G,10,Loc_3_10m,TCP,DL,11,1.0,46,4.0,0.0,5.0,9200000.0,958.0,40.0,4.0,,13.0,19.0,,15.0,,12.0,418000.0,141.0,0.0,0.0,0.0,
4G,10,Loc_3_10m,TCP,DL,12,1.0,46,5.0,0.0,7.0,11000000.0,947.0,53.0,5.0,,12.9,18.8,,17.0,,12.0,458000.0,168.0,0.0,0.0,0.0,
4G,10,Loc_3_10m,TCP,DL,13,1.0,46,5.0,0.0,7.0,12000000.0,953.0,44.0,4.0,,13.0,18.9,,17.0,,13.0,455000.0,178.0,0.0,0.0,0.0,
4G,10,Loc_3_10m,TCP,DL,14,1.0,46,5.0,0.0,7.0,12000000.0,947.0,51.0,5.0,,13.1,18.9,,17.0,,13.0,395000.0,152.0,0.0,0.0,0.0,
4G,10,Loc_3_10m,TCP,DL,15,1.0,46,5.0,0.0,7.0,9600000.0,926.0,70.0,7.0,,12.5,18.8,,17.0,,12.0,352000.0,151.0,4.0,2.0,0.0,
4G,10,Loc_3_10m,TCP,DL,16,1.0,46,4.0,0.0,5.0,9200000.0,965.0,31.0,3.0,,13.3,18.9,,18.0,,12.0,343000.0,137.0,0.0,0.0,0.0,
4G,10,Loc_3_10m,TCP,DL,17,1.0,46,4.0,0.0,6.0,9200000.0,949.0,50.0,5.0,,13.4,19.4,,18.0,,13.0,304000.0,125.0,0.0,0.0,0.0,
4G,10,Loc_3_10m,TCP,DL,18,1.0,46,5.0,0.0,8.0,12000000.0,949.0,50.0,5.0,,12.9,19.0,,18.0,,12.0,340000.0,159.0,0.0,0.0,0.0,
4G,10,Loc_3_10m,TCP,DL,19,1.0,46,5.0,0.0,8.0,13000000.0,945.0,54.0,5.0,,12.7,18.7,,19.0,,12.0,353000.0,151.0,0.0,0.0,0.0,
4G,10,Loc_3_10m,TCP,DL,20,1.0,46,5.0,0.0,8.0,13000000.0,952.0,47.0,4.0,,11.1,17.5,,18.0,,11.0,333000.0,141.0,0.0,0.0,0.0,
4G,10,Loc_3_10m,TCP,DL,21,1.0,46,5.0,0.0,8.0,12000000.0,949.0,50.0,5.0,,8.9,14.9,,17.0,,8.0,327000.0,134.0,0.0,0.0,0.0,
4G,10,Loc_3_10m,TCP,DL,22,1.0,46,5.0,0.0,8.0,12000000.0,938.0,59.0,5.0,,8.5,14.9,,16.0,,8.0,363000.0,160.0,0.0,0.0,0.0,
4G,10,Loc_3_10m,TCP,DL,23,1.0,46,5.0,0.0,8.0,11000000.0,852.0,38.0,4.0,,9.2,15.2,,17.0,,9.0,293000.0,109.0,0.0,0.0,0.0,
4G,10,Loc_3_10m,TCP,DL,24,1.0,46,5.0,0.0,0.0,112.0,2.0,0.0,0.0,,9.9,17.4,,14.0,,9.0,8500.0,2.0,0.0,0.0,0.0,
4G,10,Loc_3_10m,TCP,DL,25,1.0,46,5.0,0.0,0.0,56.0,1.0,0.0,0.0,,8.2,18.2,,15.0,,10.0,4300.0,1.0,0.0,0.0,0.0,
4G,10,Loc_3_10m,TCP,UL,0,1.0,46,8.0,0.0,2.0,5000.0,5.0,2.0,28.0,,14.1,20.8,,8.0,,4.0,99000.0,5.0,0.0,0.0,0.0,
4G,10,Loc_3_10m,TCP,UL,1,1.0,46,5.0,0.0,2.0,824.0,6.0,0.0,0.0,,13.6,21.2,,11.0,,11.0,89000.0,11.0,0.0,0.0,0.0,
4G,10,Loc_3_10m,TCP,UL,2,1.0,46,5.0,0.0,5.0,88000.0,138.0,11.0,7.0,,12.4,19.2,,12.0,,11.0,2500000.0,291.0,0.0,0.0,142000.0,
4G,10,Loc_3_10m,TCP,UL,3,1.0,46,6.0,0.0,5.0,162000.0,256.0,17.0,6.0,,12.7,,,10.0,,12.0,9400000.0,1001.0,0.0,0.0,139000.0,
4G,10,Loc_3_10m,TCP,UL,4,1.0,46,5.0,0.0,4.0,333000.0,448.0,64.0,12.0,,12.3,19.8,,10.0,,13.0,9900000.0,932.0,53.0,5.0,143000.0,
4G,10,Loc_3_10m,TCP,UL,5,1.0,46,5.0,0.0,4.0,196000.0,295.0,18.0,5.0,,12.9,19.6,,10.0,,14.0,11000000.0,984.0,14.0,1.0,143000.0,
4G,10,Loc_3_10m,TCP,UL,6,1.0,46,6.0,0.0,5.0,311000.0,428.0,22.0,4.0,,12.9,,,10.0,,14.0,11000000.0,992.0,8.0,0.0,143000.0,
4G,10,Loc_3_10m,TCP,UL,7,1.0,46,6.0,0.0,5.0,297000.0,370.0,53.0,12.0,,12.4,19.1,,10.0,,15.0,12000000.0,943.0,51.0,5.0,142000.0,
4G,10,Loc_3_10m,TCP,UL,8,1.0,46,6.0,0.0,4.0,183000.0,261.0,8.0,2.0,,12.8,19.5,,10.0,,16.0,14000000.0,992.0,8.0,0.0,139000.0,
4G,10,Loc_3_10m,TCP,UL,9,1.0,46,6.0,0.0,4.0,220000.0,310.0,8.0,2.0,,12.9,,,10.0,,17.0,14000000.0,993.0,6.0,0.0,139000.0,
4G,10,Loc_3_10m,TCP,UL,10,1.0,46,6.0,0.0,4.0,173000.0,245.0,30.0,10.0,,12.4,19.8,,10.0,,17.0,14000000.0,949.0,46.0,4.0,138000.0,
4G,10,Loc_3_10m,TCP,UL,11,1.0,46,6.0,0.0,4.0,216000.0,297.0,4.0,1.0,,13.0,,,10.0,,18.0,16000000.0,997.0,3.0,0.0,136000.0,
4G,10,Loc_3_10m,TCP,UL,12,1.0,46,6.0,0.0,4.0,239000.0,338.0,14.0,3.0,,12.6,20.5,,10.0,,17.0,15000000.0,975.0,21.0,2.0,134000.0,
4G,10,Loc_3_10m,TCP,UL,13,1.0,46,6.0,0.0,4.0,166000.0,253.0,3.0,1.0,,13.1,,,10.0,,18.0,16000000.0,986.0,14.0,1.0,137000.0,
4G,10,Loc_3_10m,TCP,UL,14,1.0,46,6.0,0.0,4.0,123000.0,211.0,9.0,4.0,,12.2,17.8,,10.0,,17.0,15000000.0,986.0,12.0,1.0,141000.0,
4G,10,Loc_3_10m,TCP,UL,15,1.0,46,6.0,0.0,4.0,110000.0,184.0,26.0,12.0,,10.7,,,10.0,,15.0,13000000.0,990.0,9.0,0.0,141000.0,
4G,10,Loc_3_10m,TCP,UL,16,1.0,46,4.0,0.0,3.0,104000.0,182.0,38.0,17.0,,9.4,18.4,,8.0,,14.0,11000000.0,952.0,39.0,3.0,140000.0,
4G,10,Loc_3_10m,TCP,UL,17,1.0,46,4.0,0.0,2.0,90000.0,166.0,33.0,16.0,,9.0,,,9.0,,13.0,9900000.0,942.0,39.0,3.0,142000.0,
4G,10,Loc_3_10m,TCP,UL,18,1.0,46,4.0,0.0,2.0,83000.0,156.0,12.0,7.0,,7.0,16.1,,10.0,,10.0,7300000.0,925.0,63.0,6.0,145000.0,
4G,10,Loc_3_10m,TCP,UL,19,1.0,46,5.0,0.0,2.0,126000.0,222.0,15.0,6.0,,11.4,18.2,,9.0,,16.0,13000000.0,967.0,23.0,2.0,138000.0,
4G,10,Loc_3_10m,TCP,UL,20,1.0,46,4.0,0.0,1.0,106000.0,195.0,16.0,7.0,,12.1,18.5,,8.0,,16.0,14000000.0,938.0,46.0,4.0,134000.0,
4G,10,Loc_3_10m,TCP,UL,21,1.0,46,4.0,0.0,1.0,90000.0,164.0,17.0,9.0,,10.3,16.1,,9.0,,14.0,11000000.0,939.0,33.0,3.0,134000.0,
4G,10,Loc_3_10m,TCP,UL,22,1.0,46,4.0,0.0,1.0,103000.0,179.0,16.0,8.0,,11.3,,,9.0,,16.0,13000000.0,948.0,38.0,3.0,136000.0,
4G,10,Loc_3_10m,TCP,UL,23,1.0,46,5.0,0.0,3.0,116000.0,207.0,16.0,7.0,,12.4,,,10.0,,17.0,15000000.0,978.0,16.0,1.0,140000.0,
4G,10,Loc_3_10m,TCP,UL,24,1.0,46,4.0,0.0,2.0,86000.0,155.0,9.0,5.0,,9.4,15.0,,10.0,,13.0,10000000.0,968.0,20.0,2.0,143000.0,
4G,10,Loc_3_10m,TCP,UL,25,1.0,46,6.0,0.0,3.0,97000.0,176.0,2.0,1.0,,9.5,,,11.0,,13.0,11000000.0,996.0,3.0,0.0,145000.0,
4G,10,Loc_3_10m,TCP,UL,26,1.0,46,5.0,0.0,3.0,97000.0,170.0,20.0,10.0,,9.6,,,10.0,,13.0,10000000.0,984.0,15.0,1.0,143000.0,
4G,10,Loc_3_10m,TCP,UL,27,1.0,46,4.0,0.0,1.0,102000.0,184.0,10.0,5.0,,11.1,,,9.0,,15.0,13000000.0,974.0,8.0,0.0,140000.0,
4G,10,Loc_3_10m,TCP,UL,28,1.0,46,3.0,0.0,1.0,126000.0,212.0,2.0,0.0,,12.7,,,9.0,,17.0,15000000.0,974.0,4.0,0.0,139000.0,
4G,10,Loc_3_10m,TCP,UL,29,1.0,46,5.0,0.0,3.0,111000.0,187.0,10.0,5.0,,12.5,,,9.0,,17.0,14000000.0,992.0,7.0,0.0,140000.0,
4G,10,Loc_3_10m,TCP,UL,30,1.0,46,5.0,0.0,3.0,205000.0,328.0,14.0,4.0,,11.8,,,10.0,,17.0,14000000.0,985.0,8.0,0.0,139000.0,
4G,10,Loc_3_10m,TCP,UL,31,1.0,46,5.0,0.0,3.0,49000.0,67.0,7.0,9.0,,10.9,19.9,,14.0,,16.0,1000000.0,75.0,4.0,5.0,0.0,
4G,10,Loc_3_10m,TCP,UL,32,1.0,46,4.0,0.0,0.0,0.0,0.0,0.0,0.0,,,99.9,,0.0,,0.0,0.0,0.0,0.0,0.0,0.0,
4G,10,Loc_3_10m,UDP,DL,0,1.0,46,7.0,0.0,2.0,4500.0,11.0,1.0,8.0,,12.5,21.1,,10.0,,9.0,238000.0,15.0,0.0,0.0,0.0,
4G,10,Loc_3_10m,UDP,DL,1,1.0,46,4.0,0.0,0.0,56.0,1.0,0.0,0.0,,12.1,19.7,,14.0,,10.0,4300.0,1.0,0.0,0.0,0.0,
4G,10,Loc_3_10m,UDP,DL,2,1.0,46,5.0,0.0,0.0,0.0,0.0,0.0,0.0,,,99.9,,0.0,,0.0,0.0,0.0,0.0,0.0,0.0,
4G,10,Loc_3_10m,UDP,DL,3,1.0,46,5.0,0.0,2.0,4800.0,13.0,0.0,0.0,,10.7,18.8,,15.0,,9.0,43000.0,10.0,0.0,0.0,0.0,
4G,10,Loc_3_10m,UDP,DL,4,1.0,46,5.0,0.0,8.0,10000000.0,795.0,116.0,12.0,,11.5,19.1,,13.0,,9.0,68000.0,16.0,0.0,0.0,0.0,
4G,10,Loc_3_10m,UDP,DL,5,1.0,46,6.0,0.0,9.0,13000000.0,923.0,75.0,7.0,,13.2,19.9,,13.0,,10.0,64000.0,15.0,0.0,0.0,0.0,
4G,10,Loc_3_10m,UDP,DL,6,1.0,46,5.0,0.0,7.0,11000000.0,940.0,57.0,5.0,,13.1,19.9,,13.0,,10.0,60000.0,14.0,0.0,0.0,0.0,
4G,10,Loc_3_10m,UDP,DL,7,1.0,46,5.0,0.0,6.0,9200000.0,951.0,48.0,4.0,,12.8,20.0,,13.0,,10.0,64000.0,15.0,0.0,0.0,0.0,
4G,10,Loc_3_10m,UDP,DL,8,1.0,46,5.0,0.0,6.0,10000000.0,951.0,49.0,4.0,,12.6,20.6,,13.0,,10.0,60000.0,14.0,0.0,0.0,0.0,
4G,10,Loc_3_10m,UDP,DL,9,1.0,46,5.0,0.0,6.0,10000000.0,947.0,52.0,5.0,,12.6,19.7,,13.0,,10.0,68000.0,16.0,0.0,0.0,0.0,
4G,10,Loc_3_10m,UDP,DL,10,1.0,46,5.0,0.0,6.0,9800000.0,950.0,47.0,4.0,,12.0,19.5,,13.0,,9.0,64000.0,15.0,0.0,0.0,0.0,
4G,10,Loc_3_10m,UDP,DL,11,1.0,46,6.0,0.0,7.0,11000000.0,947.0,51.0,5.0,,12.2,19.6,,13.0,,9.0,60000.0,14.0,0.0,0.0,0.0,
4G,10,Loc_3_10m,UDP,DL,12,1.0,46,5.0,0.0,6.0,9500000.0,953.0,46.0,4.0,,12.7,19.7,,13.0,,9.0,68000.0,16.0,0.0,0.0,0.0,
4G,10,Loc_3_10m,UDP,DL,13,1.0,46,5.0,0.0,6.0,9900000.0,943.0,57.0,5.0,,12.9,20.0,,13.0,,10.0,60000.0,14.0,0.0,0.0,0.0,
4G,10,Loc_3_10m,UDP,DL,14,1.0,46,5.0,0.0,6.0,9900000.0,951.0,48.0,4.0,,13.1,20.1,,13.0,,10.0,64000.0,15.0,0.0,0.0,0.0,
4G,10,Loc_3_10m,UDP,DL,15,1.0,46,5.0,0.0,6.0,9900000.0,946.0,49.0,4.0,,12.9,20.0,,13.0,,10.0,68000.0,16.0,0.0,0.0,0.0,
4G,10,Loc_3_10m,UDP,DL,16,1.0,46,5.0,0.0,5.0,9000000.0,960.0,39.0,3.0,,13.0,20.0,,13.0,,10.0,60000.0,14.0,0.0,0.0,0.0,
4G,10,Loc_3_10m,UDP,DL,17,1.0,46,5.0,0.0,6.0,9400000.0,938.0,61.0,6.0,,12.9,20.0,,13.0,,10.0,64000.0,15.0,0.0,0.0,0.0,
4G,10,Loc_3_10m,UDP,DL,18,1.0,46,5.0,0.0,6.0,9500000.0,946.0,52.0,5.0,,12.9,20.0,,13.0,,10.0,64000.0,15.0,0.0,0.0,0.0,
4G,10,Loc_3_10m,UDP,DL,19,1.0,46,5.0,0.0,5.0,8300000.000000001,949.0,48.0,4.0,,13.0,20.1,,13.0,,10.0,68000.0,16.0,0.0,0.0,0.0,
4G,10,Loc_3_10m,UDP,DL,20,1.0,46,5.0,0.0,6.0,9900000.0,948.0,51.0,5.0,,12.3,19.7,,13.0,,9.0,60000.0,14.0,0.0,0.0,0.0,
4G,10,Loc_3_10m,UDP,DL,21,1.0,46,5.0,0.0,6.0,10000000.0,949.0,49.0,4.0,,13.4,20.1,,13.0,,11.0,63000.0,15.0,0.0,0.0,0.0,
4G,10,Loc_3_10m,UDP,DL,22,1.0,46,6.0,0.0,9.0,13000000.0,942.0,57.0,5.0,,11.0,18.8,,14.0,,9.0,64000.0,15.0,0.0,0.0,0.0,
4G,10,Loc_3_10m,UDP,DL,23,1.0,46,6.0,0.0,8.0,12000000.0,959.0,41.0,4.0,,11.8,19.2,,14.0,,9.0,64000.0,15.0,0.0,0.0,0.0,
4G,10,Loc_3_10m,UDP,DL,24,1.0,46,6.0,0.0,9.0,13000000.0,946.0,52.0,5.0,,12.6,19.8,,14.0,,10.0,68000.0,16.0,0.0,0.0,0.0,
4G,10,Loc_3_10m,UDP,DL,25,1.0,46,6.0,0.0,8.0,12000000.0,951.0,49.0,4.0,,10.6,18.3,,13.0,,8.0,60000.0,14.0,0.0,0.0,0.0,
4G,10,Loc_3_10m,UDP,DL,26,1.0,46,4.0,0.0,4.0,7400000.0,958.0,32.0,3.0,,11.4,19.7,,12.0,,9.0,64000.0,15.0,0.0,0.0,0.0,
4G,10,Loc_3_10m,UDP,DL,27,1.0,46,5.0,0.0,6.0,10000000.0,942.0,57.0,5.0,,11.7,20.4,,12.0,,9.0,68000.0,16.0,0.0,0.0,0.0,
4G,10,Loc_3_10m,UDP,DL,28,1.0,46,5.0,0.0,6.0,9900000.0,973.0,27.0,2.0,,12.6,21.3,,12.0,,10.0,64000.0,15.0,0.0,0.0,0.0,
4G,10,Loc_3_10m,UDP,DL,29,1.0,46,5.0,0.0,6.0,9600000.0,917.0,82.0,8.0,,13.2,21.3,,13.0,,11.0,64000.0,15.0,0.0,0.0,0.0,
4G,10,Loc_3_10m,UDP,DL,30,1.0,46,5.0,0.0,5.0,9000000.0,977.0,24.0,2.0,,11.5,19.6,,13.0,,9.0,68000.0,16.0,0.0,0.0,0.0,
4G,10,Loc_3_10m,UDP,DL,31,1.0,46,5.0,0.0,7.0,11000000.0,947.0,52.0,5.0,,10.9,19.1,,13.0,,9.0,60000.0,14.0,0.0,0.0,0.0,
4G,10,Loc_3_10m,UDP,DL,32,1.0,46,6.0,0.0,8.0,12000000.0,920.0,79.0,7.0,,10.4,18.4,,14.0,,9.0,68000.0,16.0,0.0,0.0,0.0,
4G,10,Loc_3_10m,UDP,DL,33,1.0,46,5.0,0.0,7.0,11000000.0,953.0,45.0,4.0,,10.5,18.7,,13.0,,9.0,60000.0,14.0,0.0,0.0,0.0,
4G,10,Loc_3_10m,UDP,DL,34,1.0,46,5.0,0.0,6.0,10000000.0,949.0,50.0,5.0,,10.5,18.8,,13.0,,9.0,64000.0,15.0,0.0,0.0,0.0,
4G,10,Loc_3_10m,UDP,DL,35,1.0,46,6.0,0.0,7.0,11000000.0,940.0,59.0,5.0,,11.2,18.7,,13.0,,9.0,64000.0,15.0,0.0,0.0,0.0,
4G,10,Loc_3_10m,UDP,DL,36,1.0,46,7.0,0.0,9.0,14000000.0,958.0,42.0,4.0,,10.3,18.1,,14.0,,8.0,64000.0,15.0,0.0,0.0,0.0,
4G,10,Loc_3_10m,UDP,DL,37,1.0,46,6.0,0.0,7.0,11000000.0,950.0,48.0,4.0,,10.0,17.5,,13.0,,8.0,64000.0,15.0,0.0,0.0,0.0,
4G,10,Loc_3_10m,UDP,DL,38,1.0,46,6.0,0.0,8.0,12000000.0,944.0,53.0,5.0,,10.5,18.6,,13.0,,9.0,64000.0,15.0,0.0,0.0,0.0,
4G,10,Loc_3_10m,UDP,DL,39,1.0,46,5.0,0.0,5.0,7700000.0,958.0,43.0,4.0,,10.4,18.1,,13.0,,9.0,64000.0,15.0,0.0,0.0,0.0,
4G,10,Loc_3_10m,UDP,DL,40,1.0,46,6.0,0.0,8.0,13000000.0,943.0,56.0,5.0,,10.5,18.0,,13.0,,9.0,60000.0,14.0,0.0,0.0,0.0,
4G,10,Loc_3_10m,UDP,DL,41,1.0,46,6.0,0.0,7.0,11000000.0,946.0,51.0,5.0,,10.7,18.1,,14.0,,9.0,68000.0,16.0,0.0,0.0,0.0,
4G,10,Loc_3_10m,UDP,DL,42,1.0,46,6.0,0.0,9.0,14000000.0,946.0,53.0,5.0,,10.2,17.8,,14.0,,9.0,60000.0,14.0,0.0,0.0,0.0,
4G,10,Loc_3_10m,UDP,DL,43,1.0,46,5.0,0.0,7.0,11000000.0,952.0,46.0,4.0,,10.1,17.5,,13.0,,8.0,64000.0,15.0,0.0,0.0,0.0,
4G,10,Loc_3_10m,UDP,DL,44,1.0,46,6.0,0.0,9.0,14000000.0,948.0,51.0,5.0,,10.6,18.1,,14.0,,9.0,68000.0,16.0,0.0,0.0,0.0,
4G,10,Loc_3_10m,UDP,DL,45,1.0,46,6.0,0.0,8.0,13000000.0,952.0,47.0,4.0,,10.7,18.3,,14.0,,9.0,60000.0,14.0,0.0,0.0,0.0,
4G,10,Loc_3_10m,UDP,DL,46,1.0,46,6.0,0.0,9.0,14000000.0,949.0,51.0,5.0,,10.7,18.2,,14.0,,9.0,64000.0,15.0,0.0,0.0,0.0,
4G,10,Loc_3_10m,UDP,DL,47,1.0,46,6.0,0.0,8.0,12000000.0,947.0,51.0,5.0,,10.6,18.2,,14.0,,9.0,64000.0,15.0,0.0,0.0,0.0,
4G,10,Loc_3_10m,UDP,DL,48,1.0,46,6.0,0.0,7.0,11000000.0,949.0,49.0,4.0,,10.4,18.0,,13.0,,8.0,64000.0,15.0,0.0,0.0,0.0,
4G,10,Loc_3_10m,UDP,DL,49,1.0,46,6.0,0.0,9.0,13000000.0,948.0,50.0,5.0,,9.9,17.2,,13.0,,8.0,65000.0,15.0,0.0,0.0,0.0,
4G,10,Loc_3_10m,UDP,DL,50,1.0,46,5.0,0.0,6.0,10000000.0,956.0,44.0,4.0,,12.0,19.3,,14.0,,10.0,64000.0,15.0,0.0,0.0,0.0,
4G,10,Loc_3_10m,UDP,DL,51,1.0,46,5.0,0.0,7.0,11000000.0,952.0,48.0,4.0,,10.9,18.4,,14.0,,9.0,64000.0,15.0,0.0,0.0,0.0,
4G,10,Loc_3_10m,UDP,DL,52,1.0,46,4.0,0.0,5.0,8100000.0,935.0,39.0,4.0,,8.4,16.3,,12.0,,7.0,59000.0,14.0,0.0,0.0,0.0,
4G,10,Loc_3_10m,UDP,DL,53,1.0,46,4.0,0.0,4.0,6200000.0,951.0,34.0,3.0,,9.0,17.8,,11.0,,7.0,65000.0,15.0,0.0,0.0,0.0,
4G,10,Loc_3_10m,UDP,DL,54,1.0,46,4.0,0.0,5.0,7800000.0,945.0,44.0,4.0,,8.8,17.3,,11.0,,7.0,65000.0,15.0,0.0,0.0,0.0,
4G,10,Loc_3_10m,UDP,DL,55,1.0,46,5.0,0.0,6.0,9600000.0,942.0,43.0,4.0,,9.4,18.4,,12.0,,8.0,60000.0,14.0,0.0,0.0,0.0,
4G,10,Loc_3_10m,UDP,DL,56,1.0,46,6.0,0.0,8.0,12000000.0,903.0,95.0,9.0,,9.0,17.5,,11.0,,7.0,61000.0,14.0,0.0,0.0,0.0,
4G,10,Loc_3_10m,UDP,DL,57,1.0,46,5.0,0.0,6.0,9600000.0,956.0,43.0,4.0,,9.7,18.3,,12.0,,8.0,65000.0,15.0,0.0,0.0,0.0,
4G,10,Loc_3_10m,UDP,DL,58,1.0,46,5.0,0.0,6.0,8900000.0,934.0,60.0,6.0,,10.3,18.8,,13.0,,9.0,60000.0,14.0,0.0,0.0,0.0,
4G,10,Loc_3_10m,UDP,DL,59,1.0,46,5.0,0.0,6.0,10000000.0,952.0,46.0,4.0,,9.4,17.9,,12.0,,8.0,65000.0,15.0,0.0,0.0,0.0,
4G,10,Loc_3_10m,UDP,DL,60,1.0,46,5.0,0.0,7.0,11000000.0,955.0,44.0,4.0,,7.8,15.3,,11.0,,6.0,60000.0,14.0,0.0,0.0,0.0,
4G,10,Loc_3_10m,UDP,DL,61,1.0,46,5.0,0.0,7.0,11000000.0,951.0,49.0,4.0,,7.3,14.6,,11.0,,6.0,61000.0,15.0,0.0,0.0,0.0,
4G,10,Loc_3_10m,UDP,DL,62,1.0,46,5.0,0.0,7.0,12000000.0,942.0,57.0,5.0,,8.0,15.5,,12.0,,7.0,66000.0,15.0,0.0,0.0,0.0,
4G,10,Loc_3_10m,UDP,DL,63,1.0,46,5.0,0.0,7.0,11000000.0,947.0,51.0,5.0,,8.9,16.4,,12.0,,7.0,61000.0,14.0,0.0,0.0,0.0,
4G,10,Loc_3_10m,UDP,DL,64,1.0,46,7.0,0.0,8.0,3000000.0,234.0,13.0,5.0,,9.1,16.4,,12.0,,7.0,30000.0,7.0,0.0,0.0,0.0,
4G,10,Loc_3_10m,UDP,DL,65,1.0,46,4.0,0.0,0.0,0.0,0.0,0.0,0.0,,,99.9,,0.0,,0.0,0.0,0.0,0.0,0.0,0.0,
4G,10,Loc_3_10m,UDP,DL,66,1.0,46,4.0,0.0,0.0,56.0,1.0,0.0,0.0,,13.5,19.7,,14.0,,9.0,4300.0,1.0,0.0,0.0,0.0,
4G,10,Loc_3_10m,UDP,UL,0,1.0,46,4.0,0.0,1.0,1800.0,12.0,3.0,20.0,,13.4,22.2,,8.0,,8.0,91000.0,15.0,0.0,0.0,0.0,
4G,10,Loc_3_10m,UDP,UL,1,1.0,46,3.0,0.0,0.0,0.0,0.0,0.0,0.0,,,99.9,,0.0,,0.0,0.0,0.0,0.0,0.0,0.0,
4G,10,Loc_3_10m,UDP,UL,2,1.0,46,4.0,0.0,2.0,7300.0,20.0,0.0,0.0,,13.9,20.2,,12.0,,12.0,415000.0,49.0,0.0,0.0,140000.0,
4G,10,Loc_3_10m,UDP,UL,3,1.0,46,4.0,0.0,0.0,896.0,16.0,0.0,0.0,,12.8,,,10.0,,12.0,8900000.0,988.0,0.0,0.0,143000.0,
4G,10,Loc_3_10m,UDP,UL,4,1.0,46,3.0,0.0,0.0,896.0,16.0,0.0,0.0,,13.2,,,10.0,,13.0,11000000.0,970.0,0.0,0.0,141000.0,
4G,10,Loc_3_10m,UDP,UL,5,1.0,46,4.0,0.0,0.0,840.0,15.0,0.0,0.0,,13.3,,,10.0,,14.0,12000000.0,1000.0,0.0,0.0,137000.0,
4G,10,Loc_3_10m,UDP,UL,6,1.0,46,4.0,0.0,0.0,952.0,17.0,0.0,0.0,,13.2,,,10.0,,17.0,14000000.0,1000.0,0.0,0.0,137000.0,
4G,10,Loc_3_10m,UDP,UL,7,1.0,46,3.0,0.0,0.0,840.0,15.0,0.0,0.0,,13.2,,,10.0,,17.0,15000000.0,980.0,0.0,0.0,134000.0,
4G,10,Loc_3_10m,UDP,UL,8,1.0,46,3.0,0.0,0.0,1000.0,18.0,0.0,0.0,,13.2,,,10.0,,18.0,17000000.0,966.0,0.0,0.0,134000.0,
4G,10,Loc_3_10m,UDP,UL,9,1.0,46,4.0,0.0,0.0,952.0,17.0,0.0,0.0,,13.2,,,10.0,,18.0,17000000.0,1000.0,0.0,0.0,134000.0,
4G,10,Loc_3_10m,UDP,UL,10,1.0,46,4.0,0.0,0.0,840.0,15.0,0.0,0.0,,13.2,,,10.0,,18.0,17000000.0,996.0,0.0,0.0,134000.0,
4G,10,Loc_3_10m,UDP,UL,11,1.0,46,4.0,0.0,0.0,896.0,16.0,0.0,0.0,,13.2,,,10.0,,18.0,17000000.0,1000.0,0.0,0.0,134000.0,
4G,10,Loc_3_10m,UDP,UL,12,1.0,46,4.0,0.0,0.0,840.0,15.0,0.0,0.0,,13.2,,,10.0,,18.0,17000000.0,983.0,6.0,0.0,137000.0,
4G,10,Loc_3_10m,UDP,UL,13,1.0,46,4.0,0.0,0.0,952.0,17.0,0.0,0.0,,13.2,,,10.0,,18.0,16000000.0,996.0,0.0,0.0,134000.0,
4G,10,Loc_3_10m,UDP,UL,14,1.0,46,4.0,0.0,0.0,840.0,15.0,0.0,0.0,,13.4,,,10.0,,18.0,17000000.0,996.0,0.0,0.0,134000.0,
4G,10,Loc_3_10m,UDP,UL,15,1.0,46,4.0,0.0,0.0,952.0,17.0,0.0,0.0,,12.9,17.0,,10.0,,17.0,15000000.0,987.0,8.0,0.0,133000.0,
4G,10,Loc_3_10m,UDP,UL,16,1.0,46,4.0,0.0,0.0,840.0,15.0,0.0,0.0,,13.4,15.8,,10.0,,18.0,16000000.0,959.0,34.0,3.0,142000.0,
4G,10,Loc_3_10m,UDP,UL,17,1.0,46,4.0,0.0,0.0,840.0,15.0,0.0,0.0,,10.4,,,11.0,,14.0,12000000.0,994.0,0.0,0.0,139000.0,
4G,10,Loc_3_10m,UDP,UL,18,1.0,46,4.0,0.0,0.0,952.0,17.0,0.0,0.0,,10.5,,,10.0,,14.0,12000000.0,981.0,9.0,0.0,136000.0,
4G,10,Loc_3_10m,UDP,UL,19,1.0,46,4.0,0.0,0.0,896.0,16.0,0.0,0.0,,10.2,,,10.0,,14.0,12000000.0,1000.0,0.0,0.0,139000.0,
4G,10,Loc_3_10m,UDP,UL,20,1.0,46,3.0,0.0,0.0,1000.0,18.0,0.0,0.0,,11.7,,,9.0,,16.0,14000000.0,967.0,1.0,0.0,136000.0,
4G,10,Loc_3_10m,UDP,UL,21,1.0,46,3.0,0.0,0.0,896.0,16.0,0.0,0.0,,11.5,,,10.0,,16.0,13000000.0,966.0,5.0,0.0,139000.0,
4G,10,Loc_3_10m,UDP,UL,22,1.0,46,3.0,0.0,0.0,784.0,14.0,0.0,0.0,,11.6,,,9.0,,16.0,13000000.0,940.0,4.0,0.0,139000.0,
4G,10,Loc_3_10m,UDP,UL,23,1.0,46,4.0,0.0,1.0,14000.0,21.0,0.0,0.0,,11.7,19.5,,10.0,,16.0,9700000.0,722.0,0.0,0.0,0.0,
4G,10,Loc_3_10m,UDP,UL,24,1.0,46,4.0,0.0,0.0,0.0,0.0,0.0,0.0,,,99.9,,0.0,,0.0,0.0,0.0,0.0,0.0,0.0,
4G,10,Loc_3_10m,UDP,UL,25,1.0,46,4.0,0.0,0.0,0.0,0.0,0.0,0.0,,,99.9,,0.0,,0.0,0.0,0.0,0.0,0.0,0.0,
4G,10,Loc_3_10m,UDP,UL,26,1.0,46,4.0,0.0,0.0,0.0,0.0,0.0,0.0,,,99.9,,0.0,,0.0,0.0,0.0,0.0,0.0,0.0,
4G,10,Loc_3_10m,UDP,UL,27,1.0,46,4.0,0.0,0.0,0.0,0.0,0.0,0.0,,,99.9,,0.0,,0.0,0.0,0.0,0.0,0.0,0.0,
4G,10,Loc_3_10m,UDP,UL,28,1.0,46,4.0,0.0,0.0,0.0,0.0,0.0,0.0,,,99.9,,0.0,,0.0,0.0,0.0,0.0,0.0,0.0,
4G,10,Loc_3_10m,UDP,UL,29,1.0,46,4.0,0.0,0.0,0.0,0.0,0.0,0.0,,,99.9,,0.0,,0.0,0.0,0.0,0.0,0.0,0.0,
5G,2,Loc_1_2m,TCP,DL,0,1.0,4601,15.0,1.0,13.0,17000.0,28.0,2.0,6.0,0.0,18.4,,-17.8,3.0,1.0,27.0,45500.0,11.0,9.0,45.0,0.0,1.95e-07
5G,2,Loc_1_2m,TCP,DL,1,1.0,4601,14.0,1.0,23.0,3000.0,4.0,0.0,0.0,0.0,17.5,,-19.4,2.0,1.0,22.0,12900.0,3.0,6.0,66.0,0.0,2.3500000000000003e-07
5G,2,Loc_1_2m,TCP,DL,2,1.0,4601,14.0,1.0,24.0,1100.0,2.0,0.0,0.0,0.0,20.1,,-16.1,0.0,1.0,23.0,8580.0,2.0,2.0,50.0,0.0,2.8800000000000004e-07
5G,2,Loc_1_2m,TCP,DL,3,1.0,4601,14.0,1.0,0.0,0.0,0.0,0.0,0.0,0.0,,,,0.0,1.0,0.0,0.0,0.0,0.0,0.0,0.0,2.63e-07
5G,2,Loc_1_2m,TCP,DL,4,1.0,4601,14.0,1.0,24.0,1700.0,3.0,2.0,40.0,0.0,15.4,,-20.9,4.0,1.0,18.0,17500.0,4.0,3.0,42.0,0.0,2.54e-07
5G,2,Loc_1_2m,TCP,DL,5,1.0,4601,15.0,1.0,24.0,21000000.0,694.0,170.0,19.0,7.0,1.4,,-25.9,-6.0,1.0,3.0,548000.0,158.0,63.0,28.0,3910.0,2.5000000000000004e-07
5G,2,Loc_1_2m,TCP,DL,6,1.0,4601,15.0,1.0,20.0,32000000.0,1247.0,186.0,12.0,172000.0,0.3,,-25.9,0.0,1.0,2.0,839000.0,295.0,89.0,23.0,3910.0,2.49e-07
5G,2,Loc_1_2m,TCP,DL,7,1.0,4601,15.0,1.0,19.0,27000000.0,1154.0,130.0,10.0,0.0,3.2,,-24.4,-7.0,1.0,3.0,803000.0,232.0,71.0,23.0,5450.0,2.66e-07
5G,2,Loc_1_2m,TCP,DL,8,1.0,4601,15.0,1.0,19.0,29000000.0,1251.0,100.0,7.0,7.0,1.5,,-25.7,-4.0,1.0,2.0,763000.0,310.0,56.0,15.0,7590.0,2.74e-07
5G,2,Loc_1_2m,TCP,DL,9,1.0,4601,15.0,1.0,19.0,25000000.0,1028.0,49.0,4.0,0.0,5.8,,-23.4,-5.0,1.0,5.0,774000.0,186.0,41.0,18.0,7590.0,2.46e-07
5G,2,Loc_1_2m,TCP,DL,10,1.0,4601,15.0,1.0,19.0,36000000.0,1417.0,63.0,4.0,77900.0,8.5,,-20.2,-13.0,1.0,6.0,879000.0,210.0,36.0,14.0,2009.9999999999998,2.5000000000000004e-07
5G,2,Loc_1_2m,TCP,DL,11,1.0,4601,15.0,1.0,19.0,36000000.0,1404.0,75.0,5.0,43300.0,6.0,,-22.0,2.0,1.0,4.0,753000.0,205.0,33.0,13.0,1450.0,2.51e-07
5G,2,Loc_1_2m,TCP,DL,12,1.0,4601,15.0,1.0,19.0,31000000.0,1232.0,247.0,16.0,97900.0,2.7,,-23.9,-4.0,1.0,3.0,584000.0,211.0,59.0,21.0,384.0,2.3600000000000002e-07
5G,2,Loc_1_2m,TCP,DL,13,1.0,4601,15.0,1.0,19.0,36000000.0,1383.0,147.0,9.0,231000.0,2.5,,-24.6,-2.0,1.0,2.0,595000.0,256.0,62.0,19.0,535.0,2.48e-07
5G,2,Loc_1_2m,TCP,DL,14,1.0,4601,15.0,1.0,19.0,37000000.0,1441.0,46.0,3.0,0.0,5.3,,-23.0,-2.0,1.0,4.0,666000.0,234.0,50.0,17.0,2009.9999999999998,2.5200000000000003e-07
5G,2,Loc_1_2m,TCP,DL,15,1.0,4601,15.0,1.0,19.0,35000000.0,1360.0,162.0,10.0,212000.0,2.6,,-24.2,-6.0,1.0,3.0,648000.0,209.0,61.0,22.0,384.0,2.5700000000000004e-07
5G,2,Loc_1_2m,TCP,DL,16,1.0,4601,15.0,1.0,19.0,39000000.0,1484.0,52.0,3.0,184000.0,5.4,,-22.7,-2.0,1.0,4.0,616000.0,238.0,29.0,10.0,1450.0,2.67e-07
5G,2,Loc_1_2m,TCP,DL,17,1.0,4601,15.0,1.0,19.0,32000000.0,1271.0,67.0,5.0,64900.00000000001,5.3,,-23.1,-4.0,1.0,4.0,629000.0,191.0,38.0,16.0,1450.0,2.74e-07
5G,2,Loc_1_2m,TCP,DL,18,1.0,4601,15.0,1.0,19.0,24000000.0,929.0,479.0,34.0,11800.0,2.8,,-24.8,-3.0,1.0,3.0,460000.0,159.0,47.0,22.0,0.0,2.7600000000000004e-07
5G,2,Loc_1_2m,TCP,DL,19,1.0,4601,15.0,1.0,19.0,30000000.0,1164.0,262.0,18.0,151000.0,0.6,,-26.0,-2.0,1.0,2.0,530000.0,231.0,59.0,20.0,1040.0,2.6e-07
5G,2,Loc_1_2m,TCP,DL,20,1.0,4601,15.0,1.0,19.0,31000000.0,1233.0,147.0,10.0,149000.0,1.2,,-26.3,0.0,1.0,2.0,578000.0,263.0,65.0,19.0,1040.0,2.62e-07
5G,2,Loc_1_2m,TCP,DL,21,1.0,4601,15.0,1.0,19.0,28000000.0,1106.0,165.0,12.0,42700.0,9.6,,-20.7,-5.0,1.0,6.0,556000.0,140.0,15.0,9.0,2810.0,2.66e-07
5G,2,Loc_1_2m,TCP,DL,22,1.0,4601,15.0,1.0,19.0,21000000.0,841.0,170.0,16.0,0.0,-0.1,,-27.8,-2.0,1.0,2.0,410000.0,158.0,67.0,29.0,2009.9999999999998,2.68e-07
5G,2,Loc_1_2m,TCP,DL,23,1.0,4602,15.0,1.0,24.0,21000000.0,721.0,38.0,5.0,0.0,13.9,,-19.6,-4.0,1.0,15.0,388000.0,72.0,42.0,36.0,198.0,2.46e-07
5G,2,Loc_1_2m,TCP,DL,24,1.0,4602,15.0,1.0,18.0,25000000.0,1063.0,115.0,9.0,97100.0,1.9,,-25.3,-1.0,1.0,4.0,500000.0,141.0,59.0,29.0,384.0,2.44e-07
5G,2,Loc_1_2m,TCP,DL,25,1.0,4602,15.0,1.0,19.0,26000000.0,1048.0,40.0,3.0,0.0,10.3,,-20.4,0.0,1.0,8.0,420000.0,106.0,17.0,13.0,0.0,2.46e-07
5G,2,Loc_1_2m,TCP,DL,26,1.0,4602,15.0,1.0,17.0,384.0,1.0,0.0,0.0,0.0,19.2,,-16.9,0.0,1.0,14.0,8450.0,2.0,0.0,0.0,0.0,2.68e-07
5G,2,Loc_1_2m,TCP,DL,27,1.0,4602,14.0,1.0,0.0,0.0,0.0,0.0,0.0,0.0,,,,0.0,1.0,0.0,0.0,0.0,0.0,0.0,0.0,2.6e-07
5G,2,Loc_1_2m,TCP,UL,0,1.0,4601,15.0,1.0,4.0,3400.0,6.0,9.0,60.0,0.0,15.5,,-20.5,4.0,1.0,23.0,7330.0,2.0,2.0,50.0,0.0,2.9e-08
5G,2,Loc_1_2m,TCP,UL,1,1.0,4601,15.0,1.0,22.0,11000.0,11.0,17.0,60.0,0.0,14.7,,-21.9,6.0,1.0,23.0,12700.0,3.0,5.0,62.0,0.0,3.06e-07
5G,2,Loc_1_2m,TCP,UL,2,1.0,4602,15.0,1.0,5.0,5100.0,12.0,0.0,0.0,0.0,15.3,,-20.4,9.0,1.0,25.0,21800.0,5.0,6.0,54.0,0.0,9.000000000000001e-09
5G,2,Loc_1_2m,TCP,UL,3,1.0,4602,15.0,1.0,0.0,0.0,0.0,0.0,0.0,0.0,,,,9.0,1.0,0.0,0.0,0.0,0.0,0.0,0.0,-2e-09
5G,2,Loc_1_2m,TCP,UL,4,1.0,4602,15.0,1.0,0.0,0.0,0.0,0.0,0.0,0.0,,,,9.0,1.0,0.0,0.0,0.0,0.0,0.0,0.0,1.3e-08
5G,2,Loc_1_2m,TCP,UL,5,1.0,4603,15.0,1.0,6.0,3500.0,7.0,0.0,0.0,0.0,17.2,,-19.1,9.0,1.0,24.0,12900.0,3.0,2.0,40.0,0.0,-2.7e-08
5G,2,Loc_1_2m,TCP,UL,6,1.0,4602,15.0,1.0,2.0,120.0,1.0,0.0,0.0,0.0,15.7,,-19.9,10.0,1.0,26.0,4740.0,1.0,1.0,50.0,0.0,8e-09
5G,2,Loc_1_2m,TCP,UL,7,1.0,4603,15.0,1.0,19.0,14000.0,14.0,0.0,0.0,0.0,17.1,,-19.4,-4.0,1.0,20.0,21000.0,5.0,5.0,50.0,0.0,3.68e-07
5G,2,Loc_1_2m,TCP,UL,8,1.0,4603,15.0,1.0,26.0,608.0,1.0,0.0,0.0,0.0,20.9,,-15.7,2.0,1.0,27.0,4860.0,1.0,4.0,80.0,0.0,2.4000000000000003e-07
5G,2,Loc_1_2m,TCP,UL,9,1.0,4603,15.0,1.0,26.0,273000.0,173.0,2.0,1.0,0.0,16.0,,-19.7,4.0,1.0,13.0,2060000.0,133.0,19.0,12.0,700000.0,2.21e-07
5G,2,Loc_1_2m,TCP,UL,10,1.0,4603,15.0,1.0,26.0,519000.0,344.0,7.0,1.0,0.0,18.3,,-17.0,3.0,1.0,14.0,7770000.0,382.0,18.0,4.0,700000.0,2.4000000000000003e-07
5G,2,Loc_1_2m,TCP,UL,11,1.0,4603,15.0,1.0,26.0,870000.0,532.0,2.0,0.0,0.0,19.1,,-16.2,0.0,1.0,15.0,7680000.0,376.0,24.0,6.0,700000.0,2.27e-07
5G,2,Loc_1_2m,TCP,UL,12,1.0,4603,15.0,1.0,26.0,237000.0,165.0,0.0,0.0,0.0,19.7,,-15.6,-3.0,1.0,16.0,6250000.0,308.0,92.0,23.0,700000.0,2.34e-07
5G,2,Loc_1_2m,TCP,UL,13,1.0,4603,15.0,1.0,26.0,316000.0,212.0,0.0,0.0,9.0,19.4,,-15.9,-2.0,1.0,15.0,6110000.0,306.0,94.0,23.0,700000.0,2.41e-07
5G,2,Loc_1_2m,TCP,UL,14,1.0,4603,15.0,1.0,26.0,839000.0,499.0,0.0,0.0,9.0,19.7,,-15.4,-1.0,1.0,15.0,7280000.0,357.0,43.0,10.0,700000.0,2.2300000000000002e-07
5G,2,Loc_1_2m,TCP,UL,15,1.0,4603,15.0,1.0,26.0,511000.0,322.0,0.0,0.0,0.0,19.6,,-15.6,0.0,1.0,15.0,7400000.0,362.0,38.0,9.0,700000.0,2.2300000000000002e-07
5G,2,Loc_1_2m,TCP,UL,16,1.0,4603,15.0,1.0,26.0,400000.0,260.0,0.0,0.0,0.0,16.9,,-18.5,0.0,1.0,10.0,5950000.0,400.0,0.0,0.0,700000.0,2.49e-07
5G,2,Loc_1_2m,TCP,UL,17,1.0,4603,15.0,1.0,26.0,496000.0,316.0,1.0,0.0,0.0,17.9,,-17.6,0.0,1.0,12.0,6690000.0,392.0,8.0,2.0,700000.0,2.41e-07
5G,2,Loc_1_2m,TCP,UL,18,1.0,4603,15.0,1.0,26.0,419000.0,270.0,0.0,0.0,0.0,18.3,,-16.7,1.0,1.0,13.0,5830000.0,334.0,66.0,16.0,700000.0,2.22e-07
5G,2,Loc_1_2m,TCP,UL,19,1.0,4603,15.0,1.0,26.0,493000.0,313.0,3.0,0.0,0.0,17.3,,-17.7,0.0,1.0,11.0,6300000.0,397.0,3.0,0.0,700000.0,2.5200000000000003e-07
5G,2,Loc_1_2m,TCP,UL,20,1.0,4603,15.0,1.0,26.0,415000.0,268.0,2.0,0.0,0.0,14.4,,-20.9,-5.0,1.0,7.0,4300000.0,397.0,3.0,0.0,700000.0,2.56e-07
5G,2,Loc_1_2m,TCP,UL,21,1.0,4603,15.0,1.0,26.0,284000.0,192.0,1.0,0.0,0.0,12.5,,-23.3,0.0,1.0,5.0,3340000.0,400.0,0.0,0.0,700000.0,2.4000000000000003e-07
5G,2,Loc_1_2m,TCP,UL,22,1.0,4603,15.0,1.0,26.0,260000.0,173.0,1.0,0.0,0.0,11.0,,-24.3,0.0,1.0,4.0,2790000.0,400.0,0.0,0.0,700000.0,2.63e-07
5G,2,Loc_1_2m,TCP,UL,23,1.0,4603,15.0,1.0,26.0,237000.0,159.0,0.0,0.0,0.0,9.9,,-25.4,0.0,1.0,3.0,2310000.0,400.0,0.0,0.0,700000.0,2.6400000000000003e-07
5G,2,Loc_1_2m,TCP,UL,24,1.0,4603,15.0,1.0,26.0,240000.0,157.0,0.0,0.0,0.0,9.4,,-26.2,1.0,1.0,3.0,2250000.0,400.0,0.0,0.0,700000.0,2.4500000000000004e-07
5G,2,Loc_1_2m,TCP,UL,25,1.0,4603,15.0,1.0,26.0,328000.0,211.0,0.0,0.0,0.0,11.7,,-24.2,0.0,1.0,6.0,3810000.0,400.0,0.0,0.0,700000.0,2.6900000000000004e-07
5G,2,Loc_1_2m,TCP,UL,26,1.0,4603,15.0,1.0,26.0,372000.0,252.0,3.0,1.0,0.0,13.6,,-21.8,1.0,1.0,8.0,5090000.0,399.0,1.0,0.0,700000.0,2.7100000000000003e-07
5G,2,Loc_1_2m,TCP,UL,27,1.0,4603,15.0,1.0,26.0,350000.0,239.0,2.0,0.0,0.0,16.6,,-18.6,-7.0,1.0,11.0,5180000.0,349.0,51.0,12.0,700000.0,2.4700000000000003e-07
5G,2,Loc_1_2m,TCP,UL,28,1.0,4603,15.0,1.0,26.0,343000.0,224.0,2.0,0.0,58.0,20.3,,-14.8,0.0,1.0,18.0,5740000.0,276.0,124.0,31.0,700000.0,2.49e-07
5G,2,Loc_1_2m,TCP,UL,29,1.0,4603,15.0,1.0,25.0,319000.0,218.0,2.0,0.0,0.0,20.6,,-14.6,-3.0,1.0,18.0,6000000.0,272.0,128.0,32.0,700000.0,2.54e-07
5G,2,Loc_1_2m,TCP,UL,30,1.0,4603,15.0,1.0,25.0,259000.0,188.0,1.0,0.0,0.0,14.9,,-19.5,-2.0,1.0,8.0,4610000.0,386.0,14.0,3.0,700000.0,2.49e-07
5G,2,Loc_1_2m,TCP,UL,31,1.0,4603,15.0,1.0,26.0,317000.0,208.0,4.0,1.0,0.0,19.4,,-15.8,0.0,1.0,16.0,5660000.0,298.0,102.0,25.0,700000.0,2.6400000000000003e-07
5G,2,Loc_1_2m,TCP,UL,32,1.0,4603,15.0,1.0,25.0,406000.0,290.0,8.0,2.0,0.0,20.3,,-14.9,1.0,1.0,15.0,8770000.0,396.0,4.0,1.0,700000.0,2.48e-07
5G,2,Loc_1_2m,TCP,UL,33,1.0,4603,15.0,1.0,25.0,249000.0,186.0,2.0,1.0,0.0,19.9,,-15.5,0.0,1.0,16.0,6880000.0,326.0,74.0,18.0,700000.0,2.5200000000000003e-07
5G,2,Loc_1_2m,TCP,UL,34,1.0,4603,15.0,1.0,25.0,333000.0,245.0,2.0,0.0,0.0,20.1,,-15.2,2.0,1.0,15.0,8320000.0,388.0,12.0,3.0,700000.0,2.5900000000000003e-07
5G,2,Loc_1_2m,TCP,UL,35,1.0,4603,15.0,1.0,24.0,308000.0,239.0,3.0,1.0,0.0,20.1,,-15.2,3.0,1.0,15.0,8830000.0,400.0,0.0,0.0,700000.0,2.62e-07
5G,2,Loc_1_2m,TCP,UL,36,1.0,4603,15.0,1.0,25.0,331000.0,244.0,1.0,0.0,0.0,19.6,,-15.8,3.0,1.0,15.0,8640000.0,400.0,0.0,0.0,700000.0,2.41e-07
5G,2,Loc_1_2m,TCP,UL,37,1.0,4603,15.0,1.0,25.0,313000.0,236.0,6.0,2.0,0.0,18.3,,-17.2,2.0,1.0,14.0,7990000.0,400.0,0.0,0.0,700000.0,2.48e-07
5G,2,Loc_1_2m,TCP,UL,38,1.0,4603,14.0,1.0,22.0,199000.0,170.0,1.0,0.0,0.0,14.0,,-21.7,-4.0,1.0,8.0,4920000.0,400.0,0.0,0.0,700000.0,2.63e-07
5G,2,Loc_1_2m,TCP,UL,39,1.0,4603,14.0,1.0,22.0,151000.0,130.0,0.0,0.0,0.0,10.0,,-23.2,2.0,1.0,4.0,2740000.0,400.0,0.0,0.0,700000.0,2.5900000000000003e-07
5G,2,Loc_1_2m,TCP,UL,40,1.0,4603,14.0,1.0,22.0,159000.0,138.0,2.0,1.0,0.0,7.9,,-24.1,-2.0,1.0,4.0,2330000.0,380.0,20.0,5.0,700000.0,2.4000000000000003e-07
5G,2,Loc_1_2m,TCP,UL,41,1.0,4603,14.0,1.0,22.0,186000.0,159.0,1.0,0.0,0.0,13.0,,-22.7,-3.0,1.0,6.0,3820000.0,400.0,0.0,0.0,700000.0,2.54e-07
5G,2,Loc_1_2m,TCP,UL,42,1.0,4603,14.0,1.0,22.0,202000.0,177.0,1.0,0.0,0.0,14.3,,-21.0,0.0,1.0,8.0,4960000.0,400.0,0.0,0.0,700000.0,2.5900000000000003e-07
5G,2,Loc_1_2m,TCP,UL,43,1.0,4603,14.0,1.0,21.0,205000.0,193.0,5.0,2.0,0.0,15.2,,-20.2,1.0,1.0,9.0,5440000.0,391.0,9.0,2.0,700000.0,2.6e-07
5G,2,Loc_1_2m,TCP,UL,44,1.0,4603,14.0,1.0,21.0,164000.0,151.0,2.0,1.0,0.0,14.2,,-21.1,-2.0,1.0,7.0,4560000.0,396.0,4.0,1.0,700000.0,2.53e-07
5G,2,Loc_1_2m,TCP,UL,45,1.0,4603,13.0,1.0,19.0,61000.0,66.0,0.0,0.0,0.0,2.5,,-26.3,-3.0,1.0,1.0,815000.0,400.0,0.0,0.0,700000.0,2.6e-07
5G,2,Loc_1_2m,TCP,UL,46,1.0,4603,13.0,1.0,20.0,138000.0,124.0,0.0,0.0,0.0,6.6,,-25.8,0.0,1.0,2.0,1660000.0,392.0,8.0,2.0,700000.0,2.91e-07
5G,2,Loc_1_2m,TCP,UL,47,1.0,4603,13.0,1.0,20.0,223000.0,203.0,2.0,0.0,0.0,13.8,,-21.1,-7.0,1.0,7.0,4480000.0,400.0,0.0,0.0,700000.0,2.62e-07
5G,2,Loc_1_2m,TCP,UL,48,1.0,4603,13.0,1.0,19.0,185000.0,179.0,6.0,3.0,0.0,13.8,,-21.8,-3.0,1.0,8.0,4590000.0,397.0,3.0,0.0,700000.0,2.6e-07
5G,2,Loc_1_2m,TCP,UL,49,1.0,4603,13.0,1.0,19.0,176000.0,170.0,0.0,0.0,0.0,10.8,,-24.3,-2.0,1.0,5.0,3170000.0,396.0,4.0,1.0,700000.0,2.34e-07
5G,2,Loc_1_2m,TCP,UL,50,1.0,4603,13.0,1.0,19.0,87000.0,89.0,0.0,0.0,0.0,1.8,,-29.6,0.0,1.0,1.0,993000.0,391.0,9.0,2.0,700000.0,2.1100000000000002e-07
5G,2,Loc_1_2m,TCP,UL,51,1.0,4603,13.0,1.0,19.0,58000.0,64.0,0.0,0.0,0.0,-8.1,,-33.5,-3.0,1.0,0.0,535000.0,400.0,0.0,0.0,700000.0,2.51e-07
5G,2,Loc_1_2m,TCP,UL,52,1.0,4603,13.0,1.0,19.0,66000.0,70.0,0.0,0.0,0.0,-1.5,,-30.8,-3.0,1.0,0.0,532000.0,398.0,2.0,0.0,700000.0,2.15e-07
5G,2,Loc_1_2m,TCP,UL,53,1.0,4603,13.0,1.0,19.0,97000.0,96.0,1.0,1.0,0.0,6.3,,-27.9,-2.0,1.0,1.0,929000.0,400.0,0.0,0.0,700000.0,2.41e-07
5G,2,Loc_1_2m,TCP,UL,54,1.0,4603,13.0,1.0,20.0,186000.0,168.0,0.0,0.0,0.0,9.9,,-25.5,-4.0,1.0,4.0,2850000.0,400.0,0.0,0.0,700000.0,2.4500000000000004e-07
5G,2,Loc_1_2m,TCP,UL,55,1.0,4603,13.0,1.0,20.0,187000.0,177.0,2.0,1.0,0.0,11.5,,-23.4,-11.0,1.0,7.0,3860000.0,379.0,21.0,5.0,700000.0,2.44e-07
5G,2,Loc_1_2m,TCP,UL,56,1.0,4603,12.0,1.0,18.0,86000.0,92.0,1.0,1.0,0.0,1.1,,-27.5,-6.0,1.0,1.0,1210000.0,384.0,16.0,4.0,700000.0,2.49e-07
5G,2,Loc_1_2m,TCP,UL,57,1.0,4603,12.0,1.0,18.0,104000.0,108.0,0.0,0.0,0.0,4.5,,-27.6,-7.0,1.0,1.0,1190000.0,400.0,0.0,0.0,700000.0,2.63e-07
5G,2,Loc_1_2m,TCP,UL,58,1.0,4603,12.0,1.0,18.0,122000.0,123.0,0.0,0.0,0.0,7.9,,-26.2,-5.0,1.0,2.0,1610000.0,398.0,2.0,0.0,700000.0,2.3800000000000001e-07
5G,2,Loc_1_2m,TCP,UL,59,1.0,4603,12.0,1.0,18.0,122000.0,121.0,0.0,0.0,0.0,7.0,,-27.1,-6.0,1.0,1.0,1360000.0,398.0,2.0,0.0,700000.0,2.3100000000000002e-07
5G,2,Loc_1_2m,TCP,UL,60,1.0,4603,12.0,1.0,18.0,112000.0,113.0,0.0,0.0,0.0,3.9,,-27.4,-8.0,1.0,1.0,1300000.0,392.0,8.0,2.0,700000.0,2.41e-07
5G,2,Loc_1_2m,TCP,UL,61,1.0,4603,13.0,1.0,19.0,108000.0,103.0,1.0,0.0,0.0,2.6,,-27.1,-9.0,1.0,1.0,1270000.0,394.0,6.0,1.0,700000.0,2.1800000000000002e-07
5G,2,Loc_1_2m,TCP,UL,62,1.0,4603,13.0,1.0,21.0,151000.0,130.0,1.0,0.0,0.0,6.7,,-25.5,-4.0,1.0,2.0,1920000.0,396.0,4.0,1.0,700000.0,2.27e-07
5G,2,Loc_1_2m,TCP,UL,63,1.0,4603,14.0,1.0,21.0,196000.0,176.0,6.0,3.0,0.0,13.5,,-21.6,0.0,1.0,7.0,4200000.0,399.0,1.0,0.0,700000.0,2.3500000000000003e-07
5G,2,Loc_1_2m,TCP,UL,64,1.0,4603,13.0,1.0,20.0,178000.0,171.0,0.0,0.0,0.0,14.5,,-21.2,-9.0,1.0,7.0,4670000.0,400.0,0.0,0.0,700000.0,2.1800000000000002e-07
5G,2,Loc_1_2m,TCP,UL,65,1.0,4603,13.0,1.0,20.0,187000.0,169.0,0.0,0.0,0.0,11.9,,-23.1,-4.0,1.0,5.0,3290000.0,400.0,0.0,0.0,700000.0,2.3800000000000001e-07
5G,2,Loc_1_2m,TCP,UL,66,1.0,4603,13.0,1.0,20.0,226000.0,194.0,0.0,0.0,0.0,10.2,,-23.7,-1.0,1.0,4.0,2740000.0,398.0,2.0,0.0,700000.0,2.8800000000000004e-07
5G,2,Loc_1_2m,TCP,UL,67,1.0,4603,14.0,1.0,22.0,571000.0,411.0,3.0,0.0,0.0,14.4,,-20.8,1.0,1.0,8.0,4059999.9999999995,322.0,0.0,0.0,0.0,2.8100000000000004e-07
5G,2,Loc_1_2m,TCP,UL,68,1.0,4603,14.0,1.0,0.0,0.0,0.0,0.0,0.0,0.0,,,,1.0,1.0,0.0,0.0,0.0,0.0,0.0,0.0,2.3500000000000003e-07
5G,2,Loc_1_2m,TCP,UL,69,1.0,4603,14.0,1.0,0.0,0.0,0.0,0.0,0.0,0.0,,,,1.0,1.0,0.0,0.0,0.0,0.0,0.0,0.0,3.04e-07
5G,2,Loc_1_2m,UDP,DL,0,1.0,4603,15.0,1.0,26.0,608.0,1.0,0.0,0.0,0.0,18.1,,-18.7,-7.0,1.0,25.0,4350.0,1.0,6.0,85.0,0.0,2.56e-07
5G,2,Loc_1_2m,UDP,DL,1,1.0,4603,15.0,1.0,0.0,0.0,0.0,0.0,0.0,0.0,21.7,,-15.0,2.0,1.0,19.0,4740.0,1.0,0.0,0.0,0.0,2.56e-07
5G,2,Loc_1_2m,UDP,DL,2,1.0,4603,15.0,1.0,0.0,0.0,0.0,0.0,0.0,0.0,,,,2.0,1.0,0.0,0.0,0.0,0.0,0.0,0.0,1.61e-07
5G,2,Loc_1_2m,UDP,DL,3,1.0,4603,15.0,1.0,25.0,11000.0,9.0,0.0,0.0,0.0,23.3,,-13.0,2.0,1.0,26.0,18900.0,4.0,5.0,55.0,0.0,2.7600000000000004e-07
5G,2,Loc_1_2m,UDP,DL,4,1.0,4603,15.0,1.0,24.0,28000000.0,861.0,347.0,28.0,5230000.0,12.4,,-17.9,-1.0,1.0,17.0,126000.0,35.0,23.0,39.0,0.0,2.6400000000000003e-07
5G,2,Loc_1_2m,UDP,DL,5,1.0,4603,15.0,1.0,21.0,9200000.0,330.0,1269.0,79.0,5730000.0,0.3,,-20.6,-5.0,1.0,0.0,15600.0,11.0,0.0,0.0,0.0,2.4000000000000003e-07
5G,2,Loc_1_2m,UDP,DL,6,1.0,4603,15.0,1.0,19.0,40000000.0,1525.0,75.0,4.0,6020000.0,6.2,,-17.3,0.0,1.0,0.0,85000.0,50.0,0.0,0.0,0.0,2.41e-07
5G,2,Loc_1_2m,UDP,DL,7,1.0,4603,15.0,1.0,19.0,40000000.0,1547.0,53.0,3.0,6020000.0,4.6,,-19.1,-1.0,1.0,0.0,76100.0,50.0,0.0,0.0,0.0,2.27e-07
5G,2,Loc_1_2m,UDP,DL,8,1.0,4603,15.0,1.0,19.0,24000000.0,939.0,89.0,8.0,0.0,4.5,,-18.9,-2.0,1.0,0.0,49600.0,31.0,0.0,0.0,0.0,2.63e-07
5G,2,Loc_1_2m,UDP,DL,9,1.0,4604,15.0,1.0,26.0,10000000.0,277.0,4.0,1.0,774000.0,10.2,,-22.7,-5.0,1.0,15.0,45200.0,12.0,7.0,36.0,0.0,1.36e-07
5G,2,Loc_1_2m,UDP,DL,10,1.0,4604,15.0,1.0,27.0,55000000.0,1478.0,122.0,7.0,5690000.0,-4.1,,-25.1,-4.0,1.0,0.0,63700.0,45.0,5.0,10.0,0.0,2.6400000000000003e-07
5G,2,Loc_1_2m,UDP,DL,11,1.0,4604,15.0,1.0,26.0,59000000.0,1584.0,16.0,1.0,5980000.0,-1.3,,-23.4,-3.0,1.0,0.0,72400.0,50.0,0.0,0.0,0.0,2.39e-07
5G,2,Loc_1_2m,UDP,DL,12,1.0,4604,15.0,1.0,27.0,60000000.0,1600.0,0.0,0.0,5900000.0,11.2,,-18.8,-1.0,1.0,13.0,120000.0,51.0,20.0,28.0,0.0,2.42e-07
5G,2,Loc_1_2m,UDP,DL,13,1.0,4604,15.0,1.0,27.0,59000000.0,1566.0,34.0,2.0,5980000.0,15.8,,-20.8,0.0,1.0,12.0,214000.0,50.0,2.0,3.0,0.0,2.51e-07
5G,2,Loc_1_2m,UDP,DL,14,1.0,4604,15.0,1.0,27.0,55000000.0,1474.0,126.0,7.0,5980000.0,10.0,,-21.4,-3.0,1.0,12.0,158000.0,48.0,14.0,22.0,0.0,2.58e-07
5G,2,Loc_1_2m,UDP,DL,15,1.0,4604,15.0,1.0,27.0,55000000.0,1476.0,124.0,7.0,5980000.0,-3.0,,-24.2,-6.0,1.0,0.0,69300.0,48.0,6.0,11.0,0.0,2.62e-07
5G,2,Loc_1_2m,UDP,DL,16,1.0,4604,15.0,1.0,27.0,59000000.0,1570.0,30.0,1.0,5980000.0,-4.1,,-25.6,-4.0,1.0,0.0,69400.0,49.0,3.0,5.0,0.0,2.4700000000000003e-07
5G,2,Loc_1_2m,UDP,DL,17,1.0,4604,15.0,1.0,27.0,35000000.0,940.0,660.0,41.0,5900000.0,-7.0,,-27.0,-5.0,1.0,0.0,43900.0,31.0,5.0,13.0,0.0,2.55e-07
5G,2,Loc_1_2m,UDP,DL,18,1.0,4604,15.0,1.0,27.0,60000000.0,1584.0,16.0,1.0,5980000.0,-7.0,,-27.2,-5.0,1.0,0.0,70600.0,50.0,6.0,10.0,0.0,2.6400000000000003e-07
5G,2,Loc_1_2m,UDP,DL,19,1.0,4604,15.0,1.0,27.0,58000000.0,1546.0,54.0,3.0,5980000.0,-7.1,,-26.5,-7.0,1.0,0.0,70800.0,50.0,12.0,19.0,0.0,2.7100000000000003e-07
5G,2,Loc_1_2m,UDP,DL,20,1.0,4604,15.0,1.0,27.0,60000000.0,1600.0,0.0,0.0,5900000.0,-7.7,,-24.9,-6.0,1.0,0.0,70800.0,50.0,6.0,10.0,0.0,2.74e-07
5G,2,Loc_1_2m,UDP,DL,21,1.0,4604,15.0,1.0,27.0,41000000.0,1093.0,0.0,0.0,0.0,-13.5,,-27.8,-7.0,1.0,0.0,51200.0,36.0,14.0,28.0,0.0,2.91e-07
5G,2,Loc_1_2m,UDP,DL,22,1.0,4605,15.0,1.0,25.0,3200000.0,96.0,22.0,18.0,421000.0,11.0,,-25.4,-2.0,1.0,20.0,14100.0,5.0,8.0,61.0,0.0,1.11e-07
5G,2,Loc_1_2m,UDP,DL,23,1.0,4605,15.0,1.0,27.0,33000000.0,890.0,710.0,44.0,5620000.0,12.0,,-24.5,1.0,1.0,16.0,84400.0,26.0,25.0,49.0,0.0,2.65e-07
5G,2,Loc_1_2m,UDP,DL,24,1.0,4605,15.0,1.0,27.0,28000000.0,755.0,845.0,52.0,3770000.0,18.2,,-17.8,3.0,1.0,14.0,109000.0,26.0,0.0,0.0,0.0,2.67e-07
5G,2,Loc_1_2m,UDP,DL,25,1.0,4605,15.0,1.0,27.0,30000000.0,815.0,384.0,32.0,0.0,15.4,,-20.7,2.0,1.0,15.0,130000.0,31.0,13.0,29.0,0.0,2.4700000000000003e-07
5G,2,Loc_1_2m,UDP,DL,26,1.0,4605,15.0,1.0,0.0,0.0,0.0,0.0,0.0,0.0,,,,2.0,1.0,0.0,0.0,0.0,0.0,0.0,0.0,1.95e-07
5G,2,Loc_1_2m,UDP,DL,27,1.0,4605,15.0,1.0,26.0,608.0,1.0,0.0,0.0,0.0,14.3,,-21.5,3.0,1.0,14.0,4220.0,1.0,0.0,0.0,0.0,2.42e-07
5G,2,Loc_1_2m,UDP,DL,28,1.0,4605,15.0,1.0,26.0,1200.0,2.0,0.0,0.0,0.0,10.8,,-24.5,-1.0,1.0,5.0,12200.0,3.0,0.0,0.0,0.0,2.66e-07
5G,2,Loc_1_2m,UDP,DL,29,1.0,4605,15.0,1.0,0.0,0.0,0.0,0.0,0.0,0.0,,,,-1.0,1.0,0.0,0.0,0.0,0.0,0.0,0.0,2.87e-07
5G,2,Loc_1_2m,UDP,DL,30,1.0,4605,15.0,1.0,26.0,608.0,1.0,0.0,0.0,0.0,15.9,,-19.2,-7.0,1.0,4.0,5480.0,2.0,0.0,0.0,0.0,2.92e-07
5G,2,Loc_1_2m,UDP,DL,31,1.0,4605,15.0,1.0,26.0,608.0,1.0,0.0,0.0,0.0,17.7,,-18.3,2.0,1.0,13.0,4350.0,1.0,0.0,0.0,0.0,2.5200000000000003e-07
5G,2,Loc_1_2m,UDP,UL,0,1.0,4601,15.0,1.0,21.0,18000.0,19.0,14.0,42.0,0.0,6.4,,-28.5,3.0,1.0,12.0,24200.0,6.0,2.0,25.0,0.0,-2.1100000000000002e-07
5G,2,Loc_1_2m,UDP,UL,1,1.0,4602,15.0,1.0,4.0,4500.0,12.0,1.0,7.0,0.0,10.6,,-24.6,5.0,1.0,13.0,12800.0,3.0,0.0,0.0,0.0,8e-09
5G,2,Loc_1_2m,UDP,UL,2,1.0,4602,15.0,1.0,0.0,0.0,0.0,0.0,0.0,0.0,14.2,,-21.9,5.0,1.0,17.0,4350.0,1.0,0.0,0.0,0.0,0.0
5G,2,Loc_1_2m,UDP,UL,3,1.0,4602,15.0,1.0,0.0,0.0,0.0,0.0,0.0,0.0,,,,5.0,1.0,0.0,0.0,0.0,0.0,0.0,0.0,-1.4000000000000001e-08
5G,2,Loc_1_2m,UDP,UL,4,1.0,4602,15.0,1.0,2.0,120.0,1.0,9.0,90.0,0.0,-10.5,,-42.7,11.0,1.0,25.0,4100.0,1.0,5.0,83.0,0.0,-1.29e-07
5G,2,Loc_1_2m,UDP,UL,5,1.0,4603,15.0,1.0,11.0,11000.0,17.0,0.0,0.0,0.0,2.1,,-28.1,4.0,1.0,6.0,22200.0,6.0,0.0,0.0,0.0,2.77e-07
5G,2,Loc_1_2m,UDP,UL,6,1.0,4603,15.0,1.0,27.0,5600.0,3.0,0.0,0.0,0.0,,,,4.0,1.0,0.0,0.0,0.0,0.0,0.0,0.0,3.2e-07
5G,2,Loc_1_2m,UDP,UL,7,1.0,4603,15.0,1.0,0.0,0.0,0.0,0.0,0.0,0.0,,,,4.0,1.0,0.0,0.0,0.0,0.0,0.0,0.0,2.48e-07
5G,2,Loc_1_2m,UDP,UL,8,1.0,4603,15.0,1.0,16.0,3800.0,7.0,0.0,0.0,0.0,19.6,,-17.6,4.0,1.0,22.0,14900.0,4.0,5.0,55.0,0.0,2.16e-07
5G,2,Loc_1_2m,UDP,UL,9,1.0,4603,15.0,1.0,26.0,26000.0,21.0,0.0,0.0,0.0,19.1,,-17.6,0.0,1.0,22.0,43800.0,10.0,13.0,56.0,0.0,2.54e-07
5G,2,Loc_1_2m,UDP,UL,10,1.0,4603,15.0,1.0,26.0,36000.0,52.0,2.0,3.0,0.0,13.6,,-22.0,0.0,1.0,9.0,4420000.0,340.0,16.0,4.0,700000.0,2.46e-07
5G,2,Loc_1_2m,UDP,UL,11,1.0,4603,15.0,1.0,26.0,47000.0,59.0,1.0,1.0,0.0,16.2,,-19.1,0.0,1.0,12.0,5520000.0,350.0,50.0,12.0,700000.0,2.5200000000000003e-07
5G,2,Loc_1_2m,UDP,UL,12,1.0,4603,15.0,1.0,25.0,28000.0,47.0,5.0,9.0,0.0,13.3,,-21.4,-4.0,1.0,6.0,3810000.0,398.0,2.0,0.0,700000.0,2.34e-07
5G,2,Loc_1_2m,UDP,UL,13,1.0,4603,15.0,1.0,25.0,27000.0,46.0,2.0,4.0,0.0,13.4,,-21.8,-4.0,1.0,6.0,3910000.0,398.0,2.0,0.0,700000.0,2.4000000000000003e-07
5G,2,Loc_1_2m,UDP,UL,14,1.0,4603,15.0,1.0,25.0,33000.0,56.0,0.0,0.0,0.0,15.7,,-20.2,-4.0,1.0,9.0,5450000.0,400.0,0.0,0.0,700000.0,2.6900000000000004e-07
5G,2,Loc_1_2m,UDP,UL,15,1.0,4603,15.0,1.0,25.0,35000.0,53.0,1.0,1.0,0.0,14.7,,-21.0,-2.0,1.0,8.0,4660000.0,391.0,9.0,2.0,700000.0,2.68e-07
5G,2,Loc_1_2m,UDP,UL,16,1.0,4603,15.0,1.0,25.0,28000.0,49.0,0.0,0.0,0.0,14.2,,-21.7,-4.0,1.0,7.0,4360000.0,400.0,0.0,0.0,700000.0,2.67e-07
5G,2,Loc_1_2m,UDP,UL,17,1.0,4603,15.0,1.0,25.0,33000.0,56.0,0.0,0.0,0.0,15.4,,-20.5,-7.0,1.0,9.0,5460000.0,400.0,0.0,0.0,700000.0,2.7100000000000003e-07
5G,2,Loc_1_2m,UDP,UL,18,1.0,4603,15.0,1.0,25.0,32000.0,55.0,0.0,0.0,0.0,14.7,,-21.1,-6.0,1.0,9.0,5350000.0,400.0,0.0,0.0,700000.0,2.62e-07
5G,2,Loc_1_2m,UDP,UL,19,1.0,4603,15.0,1.0,25.0,34000.0,58.0,1.0,1.0,0.0,15.5,,-20.3,-4.0,1.0,10.0,5870000.0,397.0,3.0,0.0,700000.0,2.73e-07
5G,2,Loc_1_2m,UDP,UL,20,1.0,4603,15.0,1.0,25.0,36000.0,62.0,0.0,0.0,0.0,16.5,,-19.3,-5.0,1.0,11.0,6670000.0,397.0,3.0,0.0,700000.0,2.61e-07
5G,2,Loc_1_2m,UDP,UL,21,1.0,4603,15.0,1.0,26.0,37000.0,59.0,1.0,1.0,0.0,15.7,,-20.1,-3.0,1.0,10.0,6290000.0,400.0,0.0,0.0,700000.0,2.8800000000000004e-07
5G,2,Loc_1_2m,UDP,UL,22,1.0,4603,15.0,1.0,25.0,40000.0,62.0,2.0,3.0,0.0,16.2,,-19.5,-3.0,1.0,11.0,6550000.0,390.0,10.0,2.0,700000.0,2.82e-07
5G,2,Loc_1_2m,UDP,UL,23,1.0,4603,15.0,1.0,25.0,38000.0,58.0,0.0,0.0,0.0,15.5,,-20.3,-5.0,1.0,10.0,5520000.0,390.0,10.0,2.0,700000.0,2.49e-07
5G,2,Loc_1_2m,UDP,UL,24,1.0,4603,15.0,1.0,25.0,31000.0,54.0,0.0,0.0,0.0,14.6,,-20.8,0.0,1.0,8.0,5130000.0,397.0,3.0,0.0,700000.0,2.6900000000000004e-07
5G,2,Loc_1_2m,UDP,UL,25,1.0,4603,15.0,1.0,25.0,37000.0,58.0,0.0,0.0,0.0,15.7,,-19.7,-7.0,1.0,10.0,5670000.0,394.0,6.0,1.0,700000.0,2.56e-07
5G,2,Loc_1_2m,UDP,UL,26,1.0,4603,15.0,1.0,26.0,29000.0,47.0,0.0,0.0,0.0,12.3,,-23.3,1.0,1.0,6.0,3990000.0,399.0,1.0,0.0,700000.0,2.55e-07
5G,2,Loc_1_2m,UDP,UL,27,1.0,4603,15.0,1.0,26.0,24000.0,37.0,0.0,0.0,0.0,9.0,,-24.9,0.0,1.0,3.0,2190000.0,391.0,9.0,2.0,700000.0,2.5000000000000004e-07
5G,2,Loc_1_2m,UDP,UL,28,1.0,4603,15.0,1.0,26.0,26000.0,43.0,0.0,0.0,0.0,11.9,,-23.5,1.0,1.0,5.0,3210000.0,400.0,0.0,0.0,700000.0,2.56e-07
5G,2,Loc_1_2m,UDP,UL,29,1.0,4603,15.0,1.0,26.0,25000.0,41.0,0.0,0.0,0.0,10.8,,-24.7,2.0,1.0,4.0,2890000.0,400.0,0.0,0.0,700000.0,2.7e-07
5G,2,Loc_1_2m,UDP,UL,30,1.0,4603,15.0,1.0,26.0,27000.0,45.0,0.0,0.0,0.0,11.8,,-23.9,3.0,1.0,5.0,3530000.0,400.0,0.0,0.0,700000.0,2.99e-07
5G,2,Loc_1_2m,UDP,UL,31,1.0,4603,15.0,1.0,26.0,29000.0,47.0,0.0,0.0,0.0,12.3,,-23.5,3.0,1.0,6.0,4000000.0,400.0,0.0,0.0,700000.0,2.79e-07
5G,2,Loc_1_2m,UDP,UL,32,1.0,4603,15.0,1.0,26.0,45000.0,41.0,1.0,2.0,0.0,10.9,,-24.8,-2.0,1.0,5.0,2180000.0,251.0,1.0,0.0,0.0,2.7800000000000003e-07
5G,2,Loc_1_2m,UDP,UL,33,1.0,4603,15.0,1.0,26.0,608.0,1.0,0.0,0.0,0.0,17.3,,-17.9,-4.0,1.0,0.0,1610.0,1.0,0.0,0.0,0.0,2.67e-07
5G,2,Loc_1_2m,UDP,UL,34,1.0,4603,15.0,1.0,0.0,0.0,0.0,0.0,0.0,0.0,,,,-4.0,1.0,0.0,0.0,0.0,0.0,0.0,0.0,2.3600000000000002e-07
5G,5,Loc_2_5m,TCP,DL,0,1.0,4601,15.0,1.0,8.0,11000.0,22.0,2.0,8.0,0.0,5.0,,-25.4,-1.0,1.0,14.0,26500.0,8.0,3.0,27.0,0.0,5.9000000000000006e-08
5G,5,Loc_2_5m,TCP,DL,1,1.0,4601,13.0,1.0,22.0,2000.0,4.0,0.0,0.0,0.0,20.5,,-16.0,-2.0,1.0,25.0,31900.0,7.0,12.0,63.0,0.0,2.92e-07
5G,5,Loc_2_5m,TCP,DL,2,1.0,4601,13.0,1.0,23.0,485000.0,49.0,7.0,12.0,12100.0,20.8,,-15.8,0.0,1.0,24.0,65900.0,15.0,14.0,48.0,0.0,3.27e-07
5G,5,Loc_2_5m,TCP,DL,3,1.0,4601,14.0,1.0,20.0,24000000.0,1202.0,31.0,2.0,0.0,-2.4,,-24.3,-7.0,1.0,1.0,503000.0,360.0,10.0,2.0,20500.0,3.25e-07
5G,5,Loc_2_5m,TCP,DL,4,1.0,4601,14.0,1.0,18.0,27000000.0,1328.0,36.0,2.0,0.0,-1.9,,-24.4,-10.0,1.0,1.0,688000.0,387.0,13.0,3.0,20500.0,2.79e-07
5G,5,Loc_2_5m,TCP,DL,5,1.0,4601,14.0,1.0,17.0,32000000.0,1469.0,41.0,2.0,35000.0,-0.3,,-24.4,-10.0,1.0,1.0,789000.0,364.0,36.0,9.0,20500.0,3.0200000000000003e-07
5G,5,Loc_2_5m,TCP,DL,6,1.0,4601,14.0,1.0,17.0,28000000.0,1406.0,45.0,3.0,700000.0,1.0,,-24.0,0.0,1.0,1.0,829000.0,367.0,33.0,8.0,5450.0,2.7800000000000003e-07
5G,5,Loc_2_5m,TCP,DL,7,1.0,4601,14.0,1.0,17.0,29000000.0,1258.0,342.0,21.0,991000.0,0.8,,-24.0,-1.0,1.0,4.0,782000.0,217.0,103.0,32.0,2009.9999999999998,2.86e-07
5G,5,Loc_2_5m,TCP,DL,8,1.0,4601,14.0,1.0,17.0,30000000.0,1305.0,295.0,18.0,694000.0,0.2,,-25.9,0.0,1.0,3.0,605000.0,231.0,106.0,31.0,2810.0,2.9000000000000003e-07
5G,5,Loc_2_5m,TCP,DL,9,1.0,4601,14.0,1.0,17.0,30000000.0,1316.0,284.0,17.0,792000.0,2.6,,-25.4,0.0,1.0,3.0,529000.0,202.0,53.0,20.0,535.0,2.9300000000000004e-07
5G,5,Loc_2_5m,TCP,DL,10,1.0,4601,14.0,1.0,17.0,26000000.0,1147.0,453.0,28.0,641000.0,2.6,,-25.6,2.0,1.0,2.0,439000.0,208.0,25.0,10.0,0.0,2.91e-07
5G,5,Loc_2_5m,TCP,DL,11,1.0,4601,14.0,1.0,17.0,26000000.0,1120.0,480.0,30.0,515000.0,0.2,,-26.3,1.0,1.0,2.0,469000.0,186.0,61.0,24.0,2009.9999999999998,2.7800000000000003e-07
5G,5,Loc_2_5m,TCP,DL,12,1.0,4601,14.0,1.0,17.0,27000000.0,1193.0,407.0,25.0,319000.0,2.8,,-25.5,1.0,1.0,3.0,449000.0,184.0,46.0,20.0,2810.0,3.08e-07
5G,5,Loc_2_5m,TCP,DL,13,1.0,4601,14.0,1.0,17.0,30000000.0,1295.0,305.0,19.0,125000.0,2.1,,-25.8,8.0,1.0,2.0,468000.0,240.0,49.0,16.0,0.0,2.9000000000000003e-07
5G,5,Loc_2_5m,TCP,DL,14,1.0,4601,14.0,1.0,17.0,26000000.0,1151.0,396.0,25.0,94600.0,3.2,,-24.7,1.0,1.0,2.0,521000.0,202.0,32.0,13.0,2810.0,2.72e-07
5G,5,Loc_2_5m,TCP,DL,15,1.0,4601,14.0,1.0,17.0,24000000.0,1042.0,229.0,18.0,55800.0,6.3,,-23.7,2.0,1.0,4.0,472000.0,142.0,23.0,13.0,14.0,3.0500000000000004e-07
5G,5,Loc_2_5m,TCP,DL,16,1.0,4601,14.0,1.0,17.0,27000000.0,1179.0,329.0,21.0,16800.0,3.4,,-25.1,2.0,1.0,2.0,473000.0,203.0,33.0,13.0,2009.9999999999998,2.85e-07
5G,5,Loc_2_5m,TCP,DL,17,1.0,4601,14.0,1.0,17.0,29000000.0,1268.0,209.0,14.0,94900.0,4.2,,-24.6,0.0,1.0,3.0,580000.0,219.0,42.0,16.0,745.0,2.7600000000000004e-07
5G,5,Loc_2_5m,TCP,DL,18,1.0,4601,14.0,1.0,19.0,38000000.0,1462.0,120.0,7.0,201000.0,3.7,,-24.7,0.0,1.0,3.0,731000.0,297.0,52.0,14.0,535.0,3.11e-07
5G,5,Loc_2_5m,TCP,DL,19,1.0,4601,14.0,1.0,22.0,45000000.0,1517.0,78.0,4.0,222000.0,1.3,,-25.3,0.0,1.0,2.0,853000.0,319.0,58.0,15.0,745.0,3.2e-07
5G,5,Loc_2_5m,TCP,DL,20,1.0,4601,15.0,1.0,26.0,54000000.0,1499.0,80.0,5.0,0.0,0.9,,-25.3,-1.0,1.0,2.0,907000.0,323.0,65.0,16.0,3910.0,2.6400000000000003e-07
5G,5,Loc_2_5m,TCP,DL,21,1.0,4601,15.0,1.0,26.0,55000000.0,1488.0,56.0,3.0,107000.0,2.4,,-24.9,-1.0,1.0,3.0,1020000.0,309.0,77.0,19.0,1450.0,2.82e-07
5G,5,Loc_2_5m,TCP,DL,22,1.0,4601,15.0,1.0,27.0,48000000.0,1322.0,83.0,5.0,0.0,4.6,,-23.8,1.0,1.0,3.0,878000.0,276.0,39.0,12.0,1040.0,3.08e-07
5G,5,Loc_2_5m,TCP,DL,23,1.0,4601,15.0,1.0,26.0,8199999.999999999,244.0,100.0,29.0,0.0,7.0,,-23.3,3.0,1.0,3.0,147000.0,41.0,1.0,2.0,0.0,3.0900000000000003e-07
5G,5,Loc_2_5m,TCP,DL,24,1.0,4601,14.0,1.0,24.0,552.0,1.0,0.0,0.0,0.0,14.2,,-22.3,4.0,1.0,5.0,4100.0,1.0,0.0,0.0,0.0,2.65e-07
5G,5,Loc_2_5m,TCP,DL,25,1.0,4601,14.0,1.0,0.0,0.0,0.0,0.0,0.0,0.0,13.9,,-22.2,4.0,1.0,6.0,4220.0,1.0,0.0,0.0,0.0,2.68e-07
5G,5,Loc_2_5m,TCP,DL,26,1.0,4601,14.0,1.0,23.0,1100.0,2.0,0.0,0.0,0.0,13.8,,-22.5,3.0,1.0,6.0,8450.0,2.0,0.0,0.0,0.0,3.15e-07
5G,5,Loc_2_5m,TCP,UL,0,1.0,4601,15.0,1.0,7.0,8300.0,17.0,3.0,15.0,0.0,23.0,,-11.4,0.0,1.0,26.0,32600.0,8.0,0.0,0.0,0.0,6.7e-08
5G,5,Loc_2_5m,TCP,UL,1,1.0,4601,12.0,1.0,21.0,20000.0,16.0,10.0,38.0,0.0,9.0,,-24.9,-1.0,1.0,24.0,9700.0,3.0,15.0,83.0,0.0,4.92e-07
5G,5,Loc_2_5m,TCP,UL,2,1.0,4601,12.0,1.0,19.0,21000.0,22.0,0.0,0.0,0.0,10.8,,-23.8,0.0,1.0,18.0,33500.0,11.0,28.0,71.0,0.0,2.46e-07
5G,5,Loc_2_5m,TCP,UL,3,1.0,4601,12.0,1.0,20.0,273000.0,228.0,2.0,0.0,0.0,16.0,,-18.8,-5.0,1.0,10.0,3040000.0,238.0,24.0,9.0,700000.0,2.9300000000000004e-07
5G,5,Loc_2_5m,TCP,UL,4,1.0,4601,13.0,1.0,22.0,369000.0,281.0,5.0,1.0,0.0,16.3,,-18.5,-6.0,1.0,9.0,5580000.0,399.0,1.0,0.0,700000.0,3.16e-07
5G,5,Loc_2_5m,TCP,UL,5,1.0,4601,14.0,1.0,22.0,585000.0,426.0,11.0,2.0,0.0,16.6,,-18.4,-6.0,1.0,10.0,5950000.0,400.0,0.0,0.0,700000.0,2.7600000000000004e-07
5G,5,Loc_2_5m,TCP,UL,6,1.0,4601,14.0,1.0,22.0,562000.0,422.0,9.0,2.0,0.0,16.6,,-18.4,-5.0,1.0,10.0,5960000.0,394.0,6.0,1.0,700000.0,2.82e-07
5G,5,Loc_2_5m,TCP,UL,7,1.0,4601,15.0,1.0,22.0,368000.0,282.0,3.0,1.0,0.0,16.3,,-18.4,-3.0,1.0,10.0,5810000.0,395.0,5.0,1.0,700000.0,2.84e-07
5G,5,Loc_2_5m,TCP,UL,8,1.0,4601,14.0,1.0,22.0,388000.0,301.0,2.0,0.0,0.0,16.4,,-18.5,-6.0,1.0,10.0,5830000.0,398.0,2.0,0.0,700000.0,2.68e-07
5G,5,Loc_2_5m,TCP,UL,9,1.0,4601,14.0,1.0,22.0,549000.0,411.0,3.0,0.0,0.0,16.9,,-18.1,-5.0,1.0,10.0,6210000.0,396.0,4.0,1.0,700000.0,2.67e-07
5G,5,Loc_2_5m,TCP,UL,10,1.0,4601,14.0,1.0,21.0,609000.0,467.0,4.0,0.0,0.0,16.7,,-18.4,-7.0,1.0,10.0,6130000.0,398.0,2.0,0.0,700000.0,2.7600000000000004e-07
5G,5,Loc_2_5m,TCP,UL,11,1.0,4601,14.0,1.0,21.0,490000.0,386.0,6.0,1.0,0.0,16.6,,-18.4,-5.0,1.0,10.0,5990000.0,392.0,8.0,2.0,700000.0,2.84e-07
5G,5,Loc_2_5m,TCP,UL,12,1.0,4601,14.0,1.0,21.0,365000.0,292.0,2.0,0.0,0.0,16.3,,-18.6,-4.0,1.0,10.0,5740000.0,397.0,3.0,0.0,700000.0,2.91e-07
5G,5,Loc_2_5m,TCP,UL,13,1.0,4601,14.0,1.0,20.0,373000.0,311.0,9.0,2.0,0.0,15.9,,-18.9,-5.0,1.0,9.0,5430000.0,395.0,5.0,1.0,700000.0,2.79e-07
5G,5,Loc_2_5m,TCP,UL,14,1.0,4601,14.0,1.0,20.0,310000.0,268.0,4.0,1.0,0.0,14.7,,-20.6,-4.0,1.0,8.0,4810000.0,400.0,0.0,0.0,700000.0,2.7100000000000003e-07
5G,5,Loc_2_5m,TCP,UL,15,1.0,4601,14.0,1.0,19.0,266000.0,249.0,4.0,1.0,0.0,14.9,,-19.9,-6.0,1.0,8.0,5170000.0,397.0,3.0,0.0,700000.0,2.7800000000000003e-07
5G,5,Loc_2_5m,TCP,UL,16,1.0,4601,14.0,1.0,18.0,286000.0,274.0,3.0,1.0,0.0,15.4,,-19.5,-8.0,1.0,9.0,5510000.0,396.0,4.0,1.0,700000.0,2.87e-07
5G,5,Loc_2_5m,TCP,UL,17,1.0,4601,14.0,1.0,19.0,241000.0,229.0,1.0,0.0,0.0,14.8,,-19.2,-5.0,1.0,8.0,4680000.0,387.0,13.0,3.0,700000.0,2.92e-07
5G,5,Loc_2_5m,TCP,UL,18,1.0,4601,13.0,1.0,17.0,273000.0,272.0,3.0,1.0,0.0,16.1,,-18.2,-6.0,1.0,9.0,5390000.0,396.0,4.0,1.0,700000.0,2.7800000000000003e-07
5G,5,Loc_2_5m,TCP,UL,19,1.0,4601,13.0,1.0,17.0,228000.0,228.0,4.0,1.0,0.0,14.3,,-19.7,-11.0,1.0,7.0,4440000.0,399.0,1.0,0.0,700000.0,2.79e-07
5G,5,Loc_2_5m,TCP,UL,20,1.0,4601,13.0,1.0,17.0,247000.0,254.0,3.0,1.0,0.0,14.8,,-19.6,-9.0,1.0,8.0,4960000.0,400.0,0.0,0.0,700000.0,2.8800000000000004e-07
5G,5,Loc_2_5m,TCP,UL,21,1.0,4601,13.0,1.0,17.0,194000.0,199.0,1.0,0.0,0.0,12.8,,-20.3,-9.0,1.0,6.0,3930000.0,391.0,9.0,2.0,700000.0,2.96e-07
5G,5,Loc_2_5m,TCP,UL,22,1.0,4601,13.0,1.0,17.0,162000.0,174.0,4.0,2.0,0.0,13.2,,-20.0,-8.0,1.0,6.0,3950000.0,398.0,2.0,0.0,700000.0,2.91e-07
5G,5,Loc_2_5m,TCP,UL,23,1.0,4601,13.0,1.0,17.0,169000.0,180.0,1.0,0.0,0.0,12.8,,-19.9,-8.0,1.0,6.0,3880000.0,393.0,7.0,1.0,700000.0,2.8100000000000004e-07
5G,5,Loc_2_5m,TCP,UL,24,1.0,4601,13.0,1.0,16.0,136000.0,153.0,5.0,3.0,0.0,11.9,,-20.1,-7.0,1.0,5.0,3350000.0,393.0,7.0,1.0,700000.0,2.8300000000000003e-07
5G,5,Loc_2_5m,TCP,UL,25,1.0,4601,13.0,1.0,16.0,117000.0,142.0,5.0,3.0,0.0,11.4,,-20.2,-7.0,1.0,5.0,3200000.0,394.0,6.0,1.0,700000.0,2.91e-07
5G,5,Loc_2_5m,TCP,UL,26,1.0,4601,13.0,1.0,15.0,115000.0,143.0,2.0,1.0,0.0,11.3,,-20.3,-7.0,1.0,5.0,3050000.0,389.0,11.0,2.0,700000.0,2.8300000000000003e-07
5G,5,Loc_2_5m,TCP,UL,27,1.0,4601,13.0,1.0,15.0,104000.0,136.0,1.0,0.0,0.0,11.4,,-20.2,-7.0,1.0,5.0,3120000.0,389.0,11.0,2.0,700000.0,2.73e-07
5G,5,Loc_2_5m,TCP,UL,28,1.0,4601,13.0,1.0,15.0,96000.0,127.0,4.0,3.0,0.0,12.0,,-20.2,-8.0,1.0,5.0,3250000.0,394.0,6.0,1.0,700000.0,2.8e-07
5G,5,Loc_2_5m,TCP,UL,29,1.0,4601,13.0,1.0,15.0,105000.0,139.0,4.0,2.0,0.0,12.4,,-20.0,-8.0,1.0,5.0,3570000.0,396.0,4.0,1.0,700000.0,2.89e-07
5G,5,Loc_2_5m,TCP,UL,30,1.0,4601,13.0,1.0,15.0,99000.0,132.0,1.0,0.0,0.0,11.7,,-20.0,-9.0,1.0,5.0,3370000.0,394.0,6.0,1.0,700000.0,2.7600000000000004e-07
5G,5,Loc_2_5m,TCP,UL,31,1.0,4601,13.0,1.0,15.0,100000.0,134.0,3.0,2.0,0.0,11.7,,-20.0,-8.0,1.0,5.0,3360000.0,395.0,5.0,1.0,700000.0,2.72e-07
5G,5,Loc_2_5m,TCP,UL,32,1.0,4601,13.0,1.0,15.0,101000.0,135.0,1.0,0.0,0.0,12.2,,-20.1,-9.0,1.0,5.0,3430000.0,397.0,3.0,0.0,700000.0,2.7800000000000003e-07
5G,5,Loc_2_5m,TCP,UL,33,1.0,4601,13.0,1.0,15.0,105000.0,141.0,1.0,0.0,0.0,12.0,,-20.2,-8.0,1.0,5.0,3410000.0,397.0,3.0,0.0,700000.0,2.61e-07
5G,5,Loc_2_5m,TCP,UL,34,1.0,4601,13.0,1.0,15.0,116000.0,152.0,3.0,1.0,0.0,13.4,,-20.1,-9.0,1.0,6.0,4050000.0,400.0,0.0,0.0,700000.0,2.63e-07
5G,5,Loc_2_5m,TCP,UL,35,1.0,4601,13.0,1.0,15.0,119000.0,150.0,5.0,3.0,0.0,13.2,,-20.0,-8.0,1.0,6.0,3980000.0,395.0,5.0,1.0,700000.0,2.7100000000000003e-07
5G,5,Loc_2_5m,TCP,UL,36,1.0,4601,13.0,1.0,15.0,99000.0,130.0,4.0,2.0,0.0,11.7,,-20.1,-8.0,1.0,5.0,3340000.0,389.0,11.0,2.0,700000.0,2.7600000000000004e-07
5G,5,Loc_2_5m,TCP,UL,37,1.0,4601,13.0,1.0,15.0,105000.0,137.0,5.0,3.0,0.0,12.7,,-20.2,-10.0,1.0,5.0,3540000.0,397.0,3.0,0.0,700000.0,2.85e-07
5G,5,Loc_2_5m,TCP,UL,38,1.0,4601,13.0,1.0,15.0,115000.0,149.0,0.0,0.0,0.0,12.9,,-20.2,-9.0,1.0,6.0,3700000.0,398.0,2.0,0.0,700000.0,2.9300000000000004e-07
5G,5,Loc_2_5m,TCP,UL,39,1.0,4601,13.0,1.0,15.0,115000.0,151.0,6.0,3.0,0.0,13.2,,-20.2,-9.0,1.0,6.0,4010000.0,397.0,3.0,0.0,700000.0,2.94e-07
5G,5,Loc_2_5m,TCP,UL,40,1.0,4601,13.0,1.0,15.0,123000.0,156.0,2.0,1.0,0.0,13.2,,-20.2,-9.0,1.0,6.0,4070000.0000000005,398.0,2.0,0.0,700000.0,2.75e-07
5G,5,Loc_2_5m,TCP,UL,41,1.0,4601,13.0,1.0,15.0,115000.0,150.0,0.0,0.0,0.0,13.2,,-20.2,-9.0,1.0,6.0,4059999.9999999995,396.0,4.0,1.0,700000.0,2.96e-07
5G,5,Loc_2_5m,TCP,UL,42,1.0,4601,13.0,1.0,15.0,128000.0,165.0,0.0,0.0,0.0,13.5,,-20.2,-9.0,1.0,7.0,4330000.0,397.0,3.0,0.0,700000.0,2.97e-07
5G,5,Loc_2_5m,TCP,UL,43,1.0,4601,13.0,1.0,15.0,124000.0,160.0,0.0,0.0,0.0,13.5,,-20.2,-9.0,1.0,7.0,4310000.0,397.0,3.0,0.0,700000.0,2.68e-07
5G,5,Loc_2_5m,TCP,UL,44,1.0,4601,13.0,1.0,16.0,134000.0,163.0,0.0,0.0,0.0,13.3,,-20.2,-9.0,1.0,7.0,4179999.9999999995,395.0,5.0,1.0,700000.0,2.72e-07
5G,5,Loc_2_5m,TCP,UL,45,1.0,4601,13.0,1.0,15.0,133000.0,164.0,3.0,1.0,0.0,13.6,,-20.1,-10.0,1.0,7.0,4340000.0,397.0,3.0,0.0,700000.0,2.79e-07
5G,5,Loc_2_5m,TCP,UL,46,1.0,4601,13.0,1.0,15.0,131000.0,168.0,4.0,2.0,0.0,13.6,,-20.1,-9.0,1.0,7.0,4480000.0,396.0,4.0,1.0,700000.0,2.8800000000000004e-07
5G,5,Loc_2_5m,TCP,UL,47,1.0,4601,13.0,1.0,15.0,122000.0,155.0,0.0,0.0,0.0,13.5,,-20.1,-9.0,1.0,7.0,4270000.0,396.0,4.0,1.0,700000.0,2.87e-07
5G,5,Loc_2_5m,TCP,UL,48,1.0,4601,13.0,1.0,15.0,126000.0,160.0,2.0,1.0,0.0,13.2,,-20.2,-9.0,1.0,7.0,4130000.0,396.0,4.0,1.0,700000.0,2.7e-07
5G,5,Loc_2_5m,TCP,UL,49,1.0,4601,13.0,1.0,15.0,162000.0,195.0,4.0,2.0,0.0,13.4,,-20.2,-8.0,1.0,7.0,4220000.0,396.0,4.0,1.0,700000.0,2.77e-07
5G,5,Loc_2_5m,TCP,UL,50,1.0,4601,13.0,1.0,15.0,348000.0,373.0,0.0,0.0,0.0,13.7,,-20.1,-3.0,1.0,8.0,3710000.0,330.0,12.0,3.0,0.0,2.8300000000000003e-07
5G,5,Loc_2_5m,TCP,UL,51,1.0,4601,13.0,1.0,15.0,15000.0,9.0,0.0,0.0,0.0,11.7,,-22.0,-3.0,1.0,15.0,15400.0,6.0,10.0,62.0,0.0,2.7800000000000003e-07
5G,5,Loc_2_5m,UDP,DL,0,1.0,4601,15.0,1.0,19.0,18000.0,20.0,5.0,20.0,0.0,15.3,,-20.7,6.0,1.0,21.0,37100.0,8.0,13.0,61.0,0.0,2.9300000000000004e-07
5G,5,Loc_2_5m,UDP,DL,1,1.0,4601,13.0,1.0,21.0,5600.0,6.0,0.0,0.0,0.0,14.0,,-21.9,0.0,1.0,20.0,26100.0,6.0,18.0,75.0,0.0,2.5200000000000003e-07
5G,5,Loc_2_5m,UDP,DL,2,1.0,4601,13.0,1.0,0.0,0.0,0.0,0.0,0.0,0.0,,,,0.0,1.0,0.0,0.0,0.0,0.0,0.0,0.0,2.89e-07
5G,5,Loc_2_5m,UDP,DL,3,1.0,4601,13.0,1.0,22.0,504.0,1.0,0.0,0.0,0.0,8.8,,-25.5,0.0,1.0,8.0,4220.0,1.0,0.0,0.0,0.0,2.72e-07
5G,5,Loc_2_5m,UDP,DL,4,1.0,4601,13.0,1.0,0.0,0.0,0.0,0.0,0.0,0.0,,,,0.0,1.0,0.0,0.0,0.0,0.0,0.0,0.0,2.55e-07
5G,5,Loc_2_5m,UDP,DL,5,1.0,4601,13.0,1.0,0.0,0.0,0.0,0.0,0.0,0.0,,,,0.0,1.0,0.0,0.0,0.0,0.0,0.0,0.0,2.28e-07
5G,5,Loc_2_5m,UDP,DL,6,1.0,4601,13.0,1.0,22.0,504.0,1.0,0.0,0.0,0.0,4.7,,-27.3,-1.0,1.0,3.0,2980.0,1.0,0.0,0.0,0.0,2.73e-07
5G,5,Loc_2_5m,UDP,DL,7,1.0,4601,13.0,1.0,0.0,0.0,0.0,0.0,0.0,0.0,,,,-1.0,1.0,0.0,0.0,0.0,0.0,0.0,0.0,2.0600000000000002e-07
5G,5,Loc_2_5m,UDP,DL,8,1.0,4601,14.0,1.0,24.0,28000000.0,864.0,125.0,12.0,3490000.0,13.9,,-20.7,-10.0,1.0,12.0,151000.0,38.0,11.0,22.0,0.0,2.56e-07
5G,5,Loc_2_5m,UDP,DL,9,1.0,4601,14.0,1.0,21.0,47000000.0,1584.0,16.0,1.0,5930000.0,15.9,,-19.7,-16.0,1.0,10.0,205000.0,50.0,2.0,3.0,0.0,2.8100000000000004e-07
5G,5,Loc_2_5m,UDP,DL,10,1.0,4601,14.0,1.0,23.0,52000000.0,1592.0,8.0,0.0,5960000.0,11.7,,-22.1,-16.0,1.0,5.0,128000.0,50.0,0.0,0.0,0.0,2.68e-07
5G,5,Loc_2_5m,UDP,DL,11,1.0,4601,15.0,1.0,24.0,53000000.0,1585.0,15.0,0.0,5980000.0,7.6,,-24.9,-10.0,1.0,1.0,59600.0,50.0,0.0,0.0,0.0,2.7600000000000004e-07
5G,5,Loc_2_5m,UDP,DL,12,1.0,4601,14.0,1.0,24.0,55000000.0,1586.0,14.0,0.0,5980000.0,5.4,,-25.7,-13.0,1.0,0.0,45900.0,51.0,0.0,0.0,0.0,2.85e-07
5G,5,Loc_2_5m,UDP,DL,13,1.0,4601,15.0,1.0,24.0,54000000.0,1575.0,25.0,1.0,6010000.0,2.8,,-26.2,-15.0,1.0,0.0,43600.0,50.0,0.0,0.0,0.0,2.99e-07
5G,5,Loc_2_5m,UDP,DL,14,1.0,4601,15.0,1.0,23.0,52000000.0,1595.0,5.0,0.0,6000000.0,4.7,,-25.8,-14.0,1.0,1.0,65200.0,50.0,0.0,0.0,0.0,3.2100000000000003e-07
5G,5,Loc_2_5m,UDP,DL,15,1.0,4601,15.0,1.0,25.0,55000000.0,1580.0,20.0,1.0,5970000.0,6.3,,-26.2,-15.0,1.0,1.0,72000.0,51.0,1.0,1.0,0.0,3.15e-07
5G,5,Loc_2_5m,UDP,DL,16,1.0,4601,15.0,1.0,24.0,55000000.0,1583.0,17.0,1.0,5970000.0,2.8,,-27.0,-15.0,1.0,0.0,38400.0,50.0,0.0,0.0,0.0,2.9000000000000003e-07
5G,5,Loc_2_5m,UDP,DL,17,1.0,4601,15.0,1.0,24.0,54000000.0,1589.0,11.0,0.0,5960000.0,5.0,,-26.2,-14.0,1.0,0.0,38900.0,50.0,0.0,0.0,0.0,3.04e-07
5G,5,Loc_2_5m,UDP,DL,18,1.0,4601,15.0,1.0,25.0,55000000.0,1580.0,20.0,1.0,5970000.0,4.1,,-26.6,-14.0,1.0,0.0,40100.0,51.0,1.0,1.0,0.0,3.08e-07
5G,5,Loc_2_5m,UDP,DL,19,1.0,4601,15.0,1.0,24.0,55000000.0,1590.0,10.0,0.0,5960000.0,4.3,,-27.0,-12.0,1.0,0.0,39400.0,50.0,0.0,0.0,0.0,3.18e-07
5G,5,Loc_2_5m,UDP,DL,20,1.0,4601,15.0,1.0,25.0,56000000.0,1581.0,19.0,1.0,5970000.0,2.5,,-27.1,-14.0,1.0,0.0,38900.0,50.0,0.0,0.0,0.0,3.15e-07
5G,5,Loc_2_5m,UDP,DL,21,1.0,4601,15.0,1.0,24.0,54000000.0,1582.0,18.0,1.0,5970000.0,-2.1,,-28.8,-11.0,1.0,0.0,40500.0,51.0,1.0,1.0,0.0,3.1900000000000004e-07
5G,5,Loc_2_5m,UDP,DL,22,1.0,4601,15.0,1.0,24.0,54000000.0,1588.0,12.0,0.0,5990000.0,2.3,,-27.8,-9.0,1.0,0.0,41100.0,50.0,0.0,0.0,0.0,3.15e-07
5G,5,Loc_2_5m,UDP,DL,23,1.0,4601,14.0,1.0,23.0,52000000.0,1590.0,10.0,0.0,5980000.0,0.9,,-28.0,-10.0,1.0,0.0,38400.0,50.0,0.0,0.0,0.0,3.1400000000000003e-07
5G,5,Loc_2_5m,UDP,DL,24,1.0,4601,14.0,1.0,24.0,53000000.0,1586.0,14.0,0.0,6000000.0,0.4,,-28.0,-12.0,1.0,0.0,39000.0,51.0,0.0,0.0,0.0,3.1400000000000003e-07
5G,5,Loc_2_5m,UDP,DL,25,1.0,4601,14.0,1.0,23.0,52000000.0,1584.0,16.0,1.0,6010000.0,-0.1,,-27.7,-12.0,1.0,0.0,38400.0,50.0,0.0,0.0,0.0,3.23e-07
5G,5,Loc_2_5m,UDP,DL,26,1.0,4601,14.0,1.0,24.0,53000000.0,1591.0,9.0,0.0,5990000.0,2.7,,-27.5,-13.0,1.0,0.0,38400.0,50.0,0.0,0.0,0.0,3.1200000000000004e-07
5G,5,Loc_2_5m,UDP,DL,27,1.0,4601,14.0,1.0,24.0,53000000.0,1581.0,19.0,1.0,5990000.0,3.9,,-27.2,-13.0,1.0,0.0,39000.0,51.0,0.0,0.0,0.0,2.9500000000000003e-07
5G,5,Loc_2_5m,UDP,DL,28,1.0,4601,14.0,1.0,24.0,53000000.0,1590.0,10.0,0.0,2220000.0,4.4,,-26.7,-12.0,1.0,0.0,38400.0,50.0,0.0,0.0,0.0,3.04e-07
5G,5,Loc_2_5m,UDP,DL,29,1.0,4601,13.0,1.0,24.0,18000000.0,554.0,17.0,2.0,0.0,5.2,,-26.4,-12.0,1.0,0.0,41800.0,39.0,0.0,0.0,0.0,3.18e-07
5G,5,Loc_2_5m,UDP,UL,0,1.0,4601,15.0,1.0,16.0,8700.0,11.0,4.0,26.0,0.0,8.5,,-27.4,-11.0,1.0,7.0,27700.0,7.0,1.0,12.0,0.0,1.78e-07
5G,5,Loc_2_5m,UDP,UL,1,1.0,4601,13.0,1.0,24.0,6400.0,6.0,2.0,25.0,0.0,16.7,,-19.8,-7.0,1.0,18.0,8830.0,2.0,1.0,33.0,0.0,2.3800000000000001e-07
5G,5,Loc_2_5m,UDP,UL,2,1.0,4601,13.0,1.0,22.0,0.0,0.0,0.0,0.0,0.0,16.4,,-20.7,-2.0,1.0,15.0,4100.0,1.0,0.0,0.0,0.0,2.79e-07
5G,5,Loc_2_5m,UDP,UL,3,1.0,4601,11.0,1.0,18.0,31000.0,45.0,10.0,18.0,0.0,0.9,,-30.8,-17.0,1.0,2.0,389000.0,221.0,31.0,12.0,700000.0,2.94e-07
5G,5,Loc_2_5m,UDP,UL,4,1.0,4601,12.0,1.0,18.0,12000.0,29.0,1.0,3.0,0.0,3.0,,-30.3,-22.0,1.0,0.0,642000.0,399.0,1.0,0.0,700000.0,2.87e-07
5G,5,Loc_2_5m,UDP,UL,5,1.0,4601,12.0,1.0,19.0,12000.0,29.0,0.0,0.0,0.0,4.3,,-30.1,-11.0,1.0,0.0,695000.0,400.0,0.0,0.0,700000.0,2.72e-07
5G,5,Loc_2_5m,UDP,UL,6,1.0,4601,12.0,1.0,18.0,12000.0,29.0,0.0,0.0,0.0,4.6,,-29.6,-17.0,1.0,1.0,795000.0,400.0,0.0,0.0,700000.0,2.79e-07
5G,5,Loc_2_5m,UDP,UL,7,1.0,4601,12.0,1.0,19.0,13000.0,31.0,0.0,0.0,0.0,4.9,,-29.7,-19.0,1.0,1.0,1070000.0,400.0,0.0,0.0,700000.0,2.63e-07
5G,5,Loc_2_5m,UDP,UL,8,1.0,4601,11.0,1.0,17.0,13000.0,36.0,0.0,0.0,0.0,6.9,,-28.1,-17.0,1.0,3.0,2170000.0,400.0,0.0,0.0,700000.0,2.62e-07
5G,5,Loc_2_5m,UDP,UL,9,1.0,4601,12.0,1.0,19.0,14000.0,32.0,0.0,0.0,0.0,4.3,,-30.5,-24.0,1.0,1.0,1270000.0,399.0,1.0,0.0,700000.0,2.7100000000000003e-07
5G,5,Loc_2_5m,UDP,UL,10,1.0,4601,12.0,1.0,19.0,13000.0,30.0,0.0,0.0,0.0,3.1,,-32.1,-23.0,1.0,1.0,915000.0,400.0,0.0,0.0,700000.0,2.7800000000000003e-07
5G,5,Loc_2_5m,UDP,UL,11,1.0,4601,12.0,1.0,18.0,12000.0,30.0,0.0,0.0,0.0,3.3,,-32.2,-20.0,1.0,1.0,979000.0,396.0,4.0,1.0,700000.0,2.8800000000000004e-07
5G,5,Loc_2_5m,UDP,UL,12,1.0,4601,12.0,1.0,19.0,13000.0,30.0,0.0,0.0,0.0,3.1,,-32.0,-17.0,1.0,1.0,936000.0,400.0,0.0,0.0,700000.0,2.9500000000000003e-07
5G,5,Loc_2_5m,UDP,UL,13,1.0,4601,12.0,1.0,19.0,12000.0,28.0,0.0,0.0,0.0,0.6,,-33.6,-22.0,1.0,0.0,596000.0,400.0,0.0,0.0,700000.0,2.7600000000000004e-07
5G,5,Loc_2_5m,UDP,UL,14,1.0,4601,12.0,1.0,18.0,12000.0,29.0,0.0,0.0,0.0,1.4,,-34.0,-19.0,1.0,0.0,755000.0,397.0,3.0,0.0,700000.0,2.8300000000000003e-07
5G,5,Loc_2_5m,UDP,UL,15,1.0,4601,12.0,1.0,18.0,12000.0,29.0,0.0,0.0,0.0,1.2,,-34.1,-17.0,1.0,0.0,698000.0,398.0,2.0,0.0,700000.0,2.8800000000000004e-07
5G,5,Loc_2_5m,UDP,UL,16,1.0,4601,12.0,1.0,18.0,11000.0,27.0,0.0,0.0,0.0,-0.0,,-35.0,-20.0,1.0,0.0,679000.0,381.0,19.0,4.0,700000.0,2.9500000000000003e-07
5G,5,Loc_2_5m,UDP,UL,17,1.0,4601,12.0,1.0,18.0,12000.0,28.0,0.0,0.0,0.0,-1.8,,-34.7,-23.0,1.0,0.0,559000.0,382.0,18.0,4.0,700000.0,3.03e-07
5G,5,Loc_2_5m,UDP,UL,18,1.0,4601,12.0,1.0,18.0,12000.0,28.0,0.0,0.0,0.0,-0.6,,-35.6,-22.0,1.0,0.0,560000.0,400.0,0.0,0.0,700000.0,3.0900000000000003e-07
5G,5,Loc_2_5m,UDP,UL,19,1.0,4601,12.0,1.0,19.0,12000.0,28.0,0.0,0.0,0.0,1.4,,-33.9,-21.0,1.0,0.0,706000.0,395.0,5.0,1.0,700000.0,3.1900000000000004e-07
5G,5,Loc_2_5m,UDP,UL,20,1.0,4601,12.0,1.0,19.0,13000.0,30.0,0.0,0.0,0.0,2.8,,-32.9,-17.0,1.0,1.0,784000.0,398.0,2.0,0.0,700000.0,2.9300000000000004e-07
5G,5,Loc_2_5m,UDP,UL,21,1.0,4601,12.0,1.0,19.0,12000.0,28.0,0.0,0.0,0.0,2.1,,-33.4,-17.0,1.0,0.0,683000.0,399.0,1.0,0.0,700000.0,2.92e-07
5G,5,Loc_2_5m,UDP,UL,22,1.0,4601,12.0,1.0,19.0,13000.0,29.0,0.0,0.0,0.0,2.6,,-33.2,-19.0,1.0,1.0,833000.0,394.0,6.0,1.0,700000.0,2.75e-07
5G,5,Loc_2_5m,UDP,UL,23,1.0,4601,12.0,1.0,19.0,12000.0,29.0,0.0,0.0,0.0,2.8,,-33.0,-18.0,1.0,1.0,815000.0,393.0,7.0,1.0,700000.0,2.8100000000000004e-07
5G,5,Loc_2_5m,UDP,UL,24,1.0,4601,12.0,1.0,19.0,13000.0,29.0,0.0,0.0,0.0,3.0,,-32.7,-16.0,1.0,1.0,812000.0,394.0,6.0,1.0,700000.0,2.8300000000000003e-07
5G,5,Loc_2_5m,UDP,UL,25,1.0,4601,12.0,1.0,19.0,13000.0,29.0,0.0,0.0,0.0,1.4,,-34.1,-20.0,1.0,0.0,688000.0,398.0,2.0,0.0,700000.0,2.9000000000000003e-07
5G,5,Loc_2_5m,UDP,UL,26,1.0,4601,12.0,1.0,19.0,12000.0,28.0,0.0,0.0,0.0,-1.3,,-36.7,-18.0,1.0,0.0,536000.0,400.0,0.0,0.0,700000.0,3.01e-07
5G,5,Loc_2_5m,UDP,UL,27,1.0,4601,12.0,1.0,19.0,12000.0,27.0,0.0,0.0,0.0,-0.6,,-36.2,-15.0,1.0,0.0,541000.0,400.0,0.0,0.0,700000.0,3.0700000000000004e-07
5G,5,Loc_2_5m,UDP,UL,28,1.0,4601,12.0,1.0,19.0,12000.0,28.0,0.0,0.0,0.0,0.5,,-35.2,-18.0,1.0,0.0,596000.0,400.0,0.0,0.0,700000.0,3.04e-07
5G,5,Loc_2_5m,UDP,UL,29,1.0,4601,12.0,1.0,19.0,13000.0,29.0,0.0,0.0,0.0,0.5,,-35.2,-19.0,1.0,0.0,646000.0,396.0,4.0,1.0,700000.0,2.85e-07
5G,5,Loc_2_5m,UDP,UL,30,1.0,4601,12.0,1.0,19.0,12000.0,28.0,0.0,0.0,0.0,0.9,,-34.8,-19.0,1.0,0.0,706000.0,394.0,6.0,1.0,700000.0,2.97e-07
5G,5,Loc_2_5m,UDP,UL,31,1.0,4601,12.0,1.0,19.0,12000.0,28.0,0.0,0.0,0.0,1.6,,-34.3,-18.0,1.0,0.0,717000.0,393.0,7.0,1.0,700000.0,2.97e-07
5G,5,Loc_2_5m,UDP,UL,32,1.0,4601,12.0,1.0,19.0,13000.0,29.0,0.0,0.0,0.0,1.1,,-34.7,-17.0,1.0,0.0,661000.0,399.0,1.0,0.0,700000.0,2.75e-07
5G,5,Loc_2_5m,UDP,UL,33,1.0,4601,12.0,1.0,19.0,12000.0,28.0,0.0,0.0,0.0,1.7,,-34.2,-16.0,1.0,1.0,759000.0,391.0,9.0,2.0,700000.0,2.79e-07
5G,5,Loc_2_5m,UDP,UL,34,1.0,4601,12.0,1.0,19.0,13000.0,30.0,0.0,0.0,0.0,3.0,,-32.9,-19.0,1.0,1.0,946000.0,390.0,10.0,2.0,700000.0,2.85e-07
5G,5,Loc_2_5m,UDP,UL,35,1.0,4601,12.0,1.0,19.0,13000.0,29.0,0.0,0.0,0.0,3.1,,-32.7,-22.0,1.0,1.0,828000.0,392.0,8.0,2.0,108000.0,2.8300000000000003e-07
5G,5,Loc_2_5m,UDP,UL,36,1.0,4601,12.0,1.0,20.0,34000.0,37.0,0.0,0.0,0.0,3.5,,-32.0,-21.0,1.0,1.0,758000.0,341.0,1.0,0.0,0.0,2.6900000000000004e-07
5G,5,Loc_2_5m,UDP,UL,37,1.0,4601,13.0,1.0,22.0,4800.0,5.0,0.0,0.0,0.0,4.9,,-31.3,-20.0,1.0,3.0,5000.0,2.0,0.0,0.0,0.0,2.9300000000000004e-07
5G,10,Loc_3_10m,TCP,DL,0,1.0,4601,14.0,1.0,3.0,3000.0,6.0,0.0,0.0,0.0,4.3,,-31.7,-9.0,1.0,9.0,8300.0,3.0,0.0,0.0,745.0,-1.77e-07
5G,10,Loc_3_10m,TCP,DL,1,1.0,4601,11.0,1.0,8.0,9700.0,19.0,1.0,5.0,0.0,2.9,,-32.7,-10.0,1.0,8.0,13600.0,4.0,3.0,42.0,0.0,-2.14e-07
5G,10,Loc_3_10m,TCP,DL,2,1.0,4601,10.0,1.0,16.0,2100.0,4.0,0.0,0.0,0.0,2.5,,-32.5,-10.0,1.0,3.0,9790.0,3.0,3.0,50.0,0.0,3.2400000000000004e-07
5G,10,Loc_3_10m,TCP,DL,3,1.0,4601,10.0,1.0,19.0,2700000.0,137.0,68.0,33.0,0.0,-10.0,,-35.6,-12.0,1.0,1.0,58500.0,38.0,33.0,46.0,5450.0,2.82e-07
5G,10,Loc_3_10m,TCP,DL,4,1.0,4601,12.0,1.0,20.0,12000000.0,557.0,326.0,36.0,0.0,-13.8,,-37.9,-13.0,1.0,0.0,276000.0,236.0,164.0,41.0,10600.0,3.01e-07
5G,10,Loc_3_10m,TCP,DL,5,1.0,4601,13.0,1.0,18.0,11000000.0,564.0,283.0,33.0,13200.0,-12.4,,-37.8,-13.0,1.0,0.0,291000.0,245.0,155.0,38.0,14700.0,2.8800000000000004e-07
5G,10,Loc_3_10m,TCP,DL,6,1.0,4601,12.0,1.0,16.0,8700000.0,547.0,298.0,35.0,17400.0,-13.2,,-38.9,-12.0,1.0,0.0,240000.0,210.0,190.0,47.0,14700.0,2.41e-07
5G,10,Loc_3_10m,TCP,DL,7,1.0,4601,12.0,1.0,16.0,9600000.0,549.0,327.0,37.0,1150.0,-14.9,,-38.5,-12.0,1.0,0.0,270000.0,233.0,167.0,41.0,14700.0,2.77e-07
5G,10,Loc_3_10m,TCP,DL,8,1.0,4601,12.0,1.0,14.0,9000000.0,540.0,416.0,43.0,0.0,-16.3,,-38.4,-12.0,1.0,0.0,241000.0,213.0,187.0,46.0,20500.0,2.3000000000000002e-07
5G,10,Loc_3_10m,TCP,DL,9,1.0,4601,12.0,1.0,14.0,9000000.0,554.0,436.0,44.0,0.0,-17.0,,-38.3,-11.0,1.0,0.0,237000.0,211.0,189.0,47.0,28600.0,2.63e-07
5G,10,Loc_3_10m,TCP,DL,10,1.0,4601,12.0,1.0,13.0,8400000.0,559.0,424.0,43.0,0.0,-17.0,,-38.5,-11.0,1.0,0.0,228000.0,205.0,195.0,48.0,39800.0,2.9000000000000003e-07
5G,10,Loc_3_10m,TCP,DL,11,1.0,4601,12.0,1.0,13.0,8800000.0,595.0,453.0,43.0,5060.0,-18.2,,-38.2,-11.0,1.0,0.0,223000.0,202.0,198.0,49.0,39800.0,2.4500000000000004e-07
5G,10,Loc_3_10m,TCP,DL,12,1.0,4601,12.0,1.0,13.0,8700000.0,577.0,519.0,47.0,0.0,-18.7,,-38.4,-11.0,1.0,0.0,208000.0,191.0,209.0,52.0,55500.0,2.3700000000000002e-07
5G,10,Loc_3_10m,TCP,DL,13,1.0,4601,12.0,1.0,13.0,8300000.000000001,554.0,518.0,48.0,0.0,-18.7,,-38.6,-11.0,1.0,0.0,211000.0,193.0,207.0,51.0,55500.0,2.54e-07
5G,10,Loc_3_10m,TCP,DL,14,1.0,4601,12.0,1.0,13.0,8900000.0,597.0,455.0,43.0,5500.0,-17.4,,-38.4,-13.0,1.0,0.0,209000.0,192.0,208.0,52.0,77300.0,2.89e-07
5G,10,Loc_3_10m,TCP,DL,15,1.0,4601,12.0,1.0,13.0,9300000.0,608.0,487.0,44.0,0.0,-17.0,,-38.0,-13.0,1.0,0.0,215000.0,195.0,205.0,51.0,77300.0,2.77e-07
5G,10,Loc_3_10m,TCP,DL,16,1.0,4601,12.0,1.0,13.0,9000000.0,595.0,451.0,43.0,38800.0,-15.0,,-37.8,-16.0,1.0,0.0,230000.0,206.0,194.0,48.0,77300.0,2.62e-07
5G,10,Loc_3_10m,TCP,DL,17,1.0,4601,12.0,1.0,13.0,7600000.0,506.0,434.0,46.0,0.0,-15.3,,-39.1,-16.0,1.0,0.0,181000.0,167.0,233.0,58.0,62600.0,2.3700000000000002e-07
5G,10,Loc_3_10m,TCP,DL,18,1.0,4601,12.0,1.0,12.0,8800000.0,586.0,540.0,47.0,0.0,-15.7,,-37.6,-12.0,1.0,0.0,210000.0,192.0,208.0,52.0,108000.0,2.51e-07
5G,10,Loc_3_10m,TCP,DL,19,1.0,4601,11.0,1.0,11.0,7300000.0,569.0,522.0,47.0,32200.000000000004,-19.6,,-38.5,-13.0,1.0,0.0,173000.0,156.0,244.0,61.0,77300.0,2.4500000000000004e-07
5G,10,Loc_3_10m,TCP,DL,20,1.0,4601,11.0,1.0,11.0,5900000.0,467.0,549.0,54.0,15800.0,-18.8,,-39.6,-13.0,1.0,0.0,139000.0,126.0,274.0,68.0,77300.0,2.34e-07
5G,10,Loc_3_10m,TCP,DL,21,1.0,4601,11.0,1.0,11.0,7300000.0,579.0,519.0,47.0,10400.0,-19.5,,-38.4,-18.0,1.0,0.0,174000.0,160.0,240.0,60.0,150000.0,2.51e-07
5G,10,Loc_3_10m,TCP,DL,22,1.0,4601,10.0,1.0,9.0,7500000.0,661.0,606.0,47.0,0.0,-20.3,,-37.2,-15.0,1.0,0.0,192000.0,180.0,220.0,55.0,108000.0,2.77e-07
5G,10,Loc_3_10m,TCP,DL,23,1.0,4601,10.0,1.0,9.0,7900000.0,688.0,576.0,45.0,0.0,-16.0,,-36.7,-11.0,1.0,0.0,202000.0,187.0,213.0,53.0,108000.0,2.5900000000000003e-07
5G,10,Loc_3_10m,TCP,DL,24,1.0,4601,11.0,1.0,11.0,8100000.0,635.0,526.0,45.0,13200.0,-15.6,,-37.2,-14.0,1.0,0.0,213000.0,194.0,206.0,51.0,77300.0,2.49e-07
5G,10,Loc_3_10m,TCP,DL,25,1.0,4601,10.0,1.0,9.0,7700000.0,665.0,601.0,47.0,15300.0,-17.2,,-36.6,-15.0,1.0,0.0,194000.0,181.0,219.0,54.0,108000.0,2.6e-07
5G,10,Loc_3_10m,TCP,DL,26,1.0,4601,9.0,1.0,7.0,6400000.0,685.0,706.0,50.0,540.0,-19.9,,-37.0,-15.0,1.0,0.0,149000.0,151.0,249.0,62.0,108000.0,2.55e-07
5G,10,Loc_3_10m,TCP,DL,27,1.0,4601,9.0,1.0,7.0,6400000.0,660.0,693.0,51.0,25800.0,-18.5,,-37.2,-15.0,1.0,0.0,170000.0,165.0,235.0,58.0,77300.0,2.5000000000000004e-07
5G,10,Loc_3_10m,TCP,DL,28,1.0,4601,9.0,1.0,8.0,7100000.0,685.0,645.0,48.0,11800.0,-16.7,,-36.8,-14.0,1.0,0.0,180000.0,172.0,228.0,57.0,77300.0,2.3500000000000003e-07
5G,10,Loc_3_10m,TCP,DL,29,1.0,4601,9.0,1.0,8.0,7700000.0,700.0,714.0,50.0,17100.0,-17.8,,-36.6,-14.0,1.0,0.0,159000.0,157.0,243.0,60.0,55500.0,2.5700000000000004e-07
5G,10,Loc_3_10m,TCP,DL,30,1.0,4601,9.0,1.0,9.0,8000000.0,711.0,666.0,48.0,47500.0,-17.1,,-36.5,-16.0,1.0,0.0,177000.0,170.0,230.0,57.0,55500.0,2.3700000000000002e-07
5G,10,Loc_3_10m,TCP,DL,31,1.0,4601,9.0,1.0,9.0,8199999.999999999,702.0,753.0,51.0,0.0,-18.8,,-36.5,-15.0,1.0,0.0,149000.0,150.0,250.0,62.0,55500.0,2.3500000000000003e-07
5G,10,Loc_3_10m,TCP,DL,32,1.0,4601,9.0,1.0,10.0,8800000.0,707.0,786.0,52.0,53400.0,-19.1,,-36.2,-15.0,1.0,0.0,148000.0,150.0,250.0,62.0,39800.0,2.79e-07
5G,10,Loc_3_10m,TCP,DL,33,1.0,4601,9.0,1.0,11.0,10000000.0,703.0,882.0,55.0,790000.0,-20.7,,-36.2,-15.0,1.0,0.0,124000.0,133.0,267.0,66.0,39800.0,2.63e-07
5G,10,Loc_3_10m,TCP,DL,34,1.0,4601,10.0,1.0,13.0,12000000.0,700.0,900.0,56.0,1060000.0,-21.2,,-36.4,-15.0,1.0,0.0,115000.0,127.0,273.0,68.0,28600.0,2.58e-07
5G,10,Loc_3_10m,TCP,DL,35,1.0,4601,9.0,1.0,14.0,13000000.0,700.0,900.0,56.0,2140000.0,-21.8,,-36.6,-14.0,1.0,0.0,102000.0,118.0,282.0,70.0,55500.0,2.67e-07
5G,10,Loc_3_10m,TCP,DL,36,1.0,4601,10.0,1.0,16.0,15000000.0,698.0,902.0,56.0,2630000.0,-22.9,,-37.0,-14.0,1.0,0.0,88100.0,108.0,292.0,73.0,55500.0,2.32e-07
5G,10,Loc_3_10m,TCP,DL,37,1.0,4601,10.0,1.0,17.0,16000000.0,700.0,900.0,56.0,2210000.0,-21.6,,-36.9,-13.0,1.0,0.0,96600.0,114.0,286.0,71.0,39800.0,2.48e-07
5G,10,Loc_3_10m,TCP,DL,38,1.0,4601,9.0,1.0,16.0,15000000.0,687.0,913.0,57.0,804000.0,-21.8,,-36.9,-13.0,1.0,0.0,82500.0,104.0,296.0,74.0,108000.0,2.56e-07
5G,10,Loc_3_10m,TCP,DL,39,1.0,4601,9.0,1.0,17.0,14000000.0,651.0,705.0,51.0,50600.0,-17.8,,-36.8,-13.0,1.0,0.0,167000.0,163.0,237.0,59.0,77300.0,2.3100000000000002e-07
5G,10,Loc_3_10m,TCP,DL,40,1.0,4601,9.0,1.0,16.0,12000000.0,628.0,547.0,46.0,0.0,-15.0,,-37.2,-13.0,1.0,0.0,210000.0,192.0,208.0,52.0,55500.0,2.54e-07
5G,10,Loc_3_10m,TCP,DL,41,1.0,4601,10.0,1.0,17.0,13000000.0,634.0,500.0,44.0,80100.0,-14.2,,-37.0,-13.0,1.0,0.0,229000.0,205.0,195.0,48.0,150000.0,2.79e-07
5G,10,Loc_3_10m,TCP,DL,42,1.0,4601,10.0,1.0,17.0,14000000.0,677.0,604.0,47.0,16600.0,-17.1,,-37.2,-15.0,1.0,0.0,193000.0,180.0,220.0,55.0,97200.0,2.62e-07
5G,10,Loc_3_10m,TCP,DL,43,1.0,4601,10.0,1.0,16.0,13000000.0,666.0,562.0,45.0,0.0,-18.9,,-37.5,-17.0,1.0,0.0,192000.0,180.0,220.0,55.0,108000.0,2.53e-07
5G,10,Loc_3_10m,TCP,DL,44,1.0,4601,11.0,1.0,17.0,12000000.0,649.0,431.0,39.0,47500.0,-16.2,,-37.3,-15.0,1.0,0.0,275000.0,236.0,164.0,41.0,150000.0,2.8800000000000004e-07
5G,10,Loc_3_10m,TCP,DL,45,1.0,4601,11.0,1.0,18.0,13000000.0,635.0,431.0,40.0,0.0,-13.5,,-36.7,-16.0,1.0,0.0,276000.0,236.0,164.0,41.0,150000.0,2.72e-07
5G,10,Loc_3_10m,TCP,DL,46,1.0,4601,11.0,1.0,17.0,12000000.0,622.0,458.0,42.0,0.0,-14.0,,-37.3,-15.0,1.0,0.0,242000.0,214.0,186.0,46.0,108000.0,2.68e-07
5G,10,Loc_3_10m,TCP,DL,47,1.0,4601,11.0,1.0,16.0,12000000.0,621.0,485.0,43.0,6780.0,-15.7,,-37.6,-15.0,1.0,0.0,246000.0,216.0,184.0,46.0,108000.0,2.77e-07
5G,10,Loc_3_10m,TCP,DL,48,1.0,4601,10.0,1.0,14.0,10000000.0,639.0,380.0,37.0,49200.0,-14.3,,-37.3,-14.0,1.0,0.0,272000.0,235.0,165.0,41.0,55500.0,2.85e-07
5G,10,Loc_3_10m,TCP,DL,49,1.0,4601,11.0,1.0,15.0,10000000.0,602.0,421.0,41.0,0.0,-14.2,,-37.7,-12.0,1.0,0.0,253000.0,222.0,178.0,44.0,39800.0,2.49e-07
5G,10,Loc_3_10m,TCP,DL,50,1.0,4601,11.0,1.0,16.0,12000000.0,633.0,560.0,46.0,343000.0,-15.8,,-37.4,-12.0,1.0,0.0,213000.0,192.0,208.0,52.0,20500.0,2.32e-07
5G,10,Loc_3_10m,TCP,DL,51,1.0,4601,11.0,1.0,16.0,15000000.0,692.0,908.0,56.0,2290000.0,-21.9,,-37.1,-13.0,1.0,0.0,88100.0,108.0,292.0,73.0,28600.0,2.5000000000000004e-07
5G,10,Loc_3_10m,TCP,DL,52,1.0,4601,11.0,1.0,17.0,15000000.0,694.0,906.0,56.0,2790000.0,-21.8,,-36.8,-13.0,1.0,0.0,102000.0,118.0,282.0,70.0,39800.0,2.5700000000000004e-07
5G,10,Loc_3_10m,TCP,DL,53,1.0,4601,10.0,1.0,16.0,16000000.0,708.0,892.0,55.0,1840000.0,-22.2,,-36.3,-15.0,1.0,0.0,132000.0,139.0,261.0,65.0,39800.0,2.63e-07
5G,10,Loc_3_10m,TCP,DL,54,1.0,4601,11.0,1.0,20.0,18000000.0,680.0,920.0,57.0,0.0,-24.2,,-36.9,-12.0,1.0,0.0,102000.0,118.0,282.0,70.0,55500.0,2.7100000000000003e-07
5G,10,Loc_3_10m,TCP,DL,55,1.0,4601,11.0,1.0,17.0,8300000.000000001,445.0,300.0,40.0,10800.0,-10.4,,-36.3,-12.0,1.0,0.0,356000.0,286.0,114.0,28.0,77300.0,2.86e-07
5G,10,Loc_3_10m,TCP,DL,56,1.0,4601,10.0,1.0,14.0,8300000.000000001,544.0,374.0,40.0,0.0,-11.1,,-36.5,-12.0,1.0,0.0,319000.0,263.0,137.0,34.0,55500.0,2.72e-07
5G,10,Loc_3_10m,TCP,DL,57,1.0,4601,10.0,1.0,15.0,7800000.0,551.0,260.0,32.0,0.0,-9.8,,-36.1,-13.0,1.0,0.0,375000.0,298.0,102.0,25.0,10600.0,2.66e-07
5G,10,Loc_3_10m,TCP,DL,58,1.0,4601,10.0,1.0,15.0,6000000.0,411.0,159.0,27.0,0.0,-10.1,,-36.6,-12.0,1.0,0.0,283000.0,231.0,80.0,25.0,0.0,2.89e-07
5G,10,Loc_3_10m,TCP,DL,59,1.0,4601,12.0,1.0,19.0,432.0,1.0,0.0,0.0,0.0,2.4,,-33.4,-13.0,1.0,0.0,1410.0,2.0,0.0,0.0,0.0,3.2100000000000003e-07
5G,10,Loc_3_10m,TCP,UL,0,1.0,4601,12.0,1.0,15.0,15000.0,22.0,6.0,21.0,0.0,-1.5,,-34.7,-10.0,1.0,3.0,65600.0,31.0,13.0,29.0,0.0,4.73e-07
5G,10,Loc_3_10m,TCP,UL,1,1.0,4601,10.0,1.0,16.0,352.0,1.0,0.0,0.0,0.0,-1.2,,-35.0,-12.0,1.0,0.0,768.0,1.0,0.0,0.0,0.0,2.74e-07
5G,10,Loc_3_10m,TCP,UL,2,1.0,4601,11.0,1.0,0.0,0.0,0.0,0.0,0.0,0.0,,,,-12.0,1.0,0.0,0.0,0.0,0.0,0.0,0.0,2.91e-07
5G,10,Loc_3_10m,TCP,UL,3,1.0,4601,11.0,1.0,17.0,1200.0,3.0,0.0,0.0,0.0,-0.2,,-34.9,-15.0,1.0,0.0,3070.0,4.0,0.0,0.0,0.0,3.13e-07
5G,10,Loc_3_10m,TCP,UL,4,1.0,4601,11.0,1.0,18.0,408.0,1.0,0.0,0.0,0.0,-11.3,,-43.1,-12.0,1.0,1.0,1260.0,1.0,3.0,75.0,0.0,3.1700000000000005e-07
5G,10,Loc_3_10m,TCP,UL,5,1.0,4601,11.0,1.0,0.0,0.0,0.0,0.0,0.0,0.0,4.3,,-31.0,-9.0,1.0,0.0,1540.0,2.0,0.0,0.0,0.0,3.1900000000000004e-07
5G,10,Loc_3_10m,TCP,UL,6,1.0,4601,11.0,1.0,16.0,352.0,1.0,0.0,0.0,0.0,2.9,,-31.6,-11.0,1.0,0.0,1540.0,2.0,0.0,0.0,0.0,2.72e-07
5G,10,Loc_3_10m,TCP,UL,7,1.0,4601,11.0,1.0,16.0,352.0,1.0,0.0,0.0,0.0,-0.1,,-34.3,-12.0,1.0,0.0,768.0,1.0,0.0,0.0,0.0,3.27e-07
5G,10,Loc_3_10m,TCP,UL,8,1.0,4601,11.0,1.0,19.0,32000.0,34.0,3.0,8.0,0.0,2.1,,-32.8,-11.0,1.0,0.0,26100.0,24.0,1.0,4.0,0.0,3.22e-07
5G,10,Loc_3_10m,TCP,UL,9,1.0,4601,13.0,1.0,20.0,68000.0,67.0,9.0,11.0,0.0,-2.5,,-35.8,-17.0,1.0,0.0,499000.0,358.0,21.0,5.0,700000.0,3.18e-07
5G,10,Loc_3_10m,TCP,UL,10,1.0,4601,13.0,1.0,19.0,69000.0,73.0,2.0,2.0,0.0,-4.4,,-37.1,-12.0,1.0,0.0,535000.0,400.0,0.0,0.0,700000.0,3.22e-07
5G,10,Loc_3_10m,TCP,UL,11,1.0,4601,13.0,1.0,19.0,70000.0,73.0,2.0,2.0,0.0,-2.7,,-36.0,-13.0,1.0,0.0,535000.0,400.0,0.0,0.0,700000.0,3.34e-07
5G,10,Loc_3_10m,TCP,UL,12,1.0,4601,13.0,1.0,19.0,69000.0,72.0,0.0,0.0,0.0,-6.3,,-35.9,-11.0,1.0,0.0,536000.0,400.0,0.0,0.0,700000.0,3.32e-07
5G,10,Loc_3_10m,TCP,UL,13,1.0,4601,13.0,1.0,19.0,69000.0,73.0,1.0,1.0,0.0,-7.4,,-36.3,-12.0,1.0,0.0,535000.0,400.0,0.0,0.0,700000.0,2.85e-07
5G,10,Loc_3_10m,TCP,UL,14,1.0,4601,13.0,1.0,19.0,65000.0,70.0,1.0,1.0,0.0,-5.4,,-36.3,-12.0,1.0,0.0,536000.0,400.0,0.0,0.0,700000.0,2.92e-07
5G,10,Loc_3_10m,TCP,UL,15,1.0,4601,13.0,1.0,19.0,63000.0,68.0,0.0,0.0,0.0,-4.4,,-36.2,-12.0,1.0,0.0,536000.0,400.0,0.0,0.0,700000.0,3.01e-07
5G,10,Loc_3_10m,TCP,UL,16,1.0,4601,13.0,1.0,19.0,44000.0,53.0,0.0,0.0,0.0,-5.1,,-35.9,-12.0,1.0,0.0,536000.0,400.0,0.0,0.0,700000.0,3.1e-07
5G,10,Loc_3_10m,TCP,UL,17,1.0,4601,13.0,1.0,19.0,45000.0,54.0,2.0,3.0,0.0,-3.9,,-35.9,-13.0,1.0,0.0,536000.0,400.0,0.0,0.0,700000.0,3.15e-07
5G,10,Loc_3_10m,TCP,UL,18,1.0,4601,13.0,1.0,19.0,41000.0,51.0,0.0,0.0,0.0,-4.8,,-36.2,-12.0,1.0,0.0,536000.0,400.0,0.0,0.0,700000.0,3.1200000000000004e-07
5G,10,Loc_3_10m,TCP,UL,19,1.0,4601,13.0,1.0,19.0,52000.0,59.0,1.0,1.0,0.0,-4.4,,-36.0,-12.0,1.0,0.0,535000.0,400.0,0.0,0.0,700000.0,2.99e-07
5G,10,Loc_3_10m,TCP,UL,20,1.0,4601,13.0,1.0,19.0,53000.0,60.0,1.0,1.0,0.0,-4.0,,-36.1,-12.0,1.0,0.0,536000.0,400.0,0.0,0.0,700000.0,3.08e-07
5G,10,Loc_3_10m,TCP,UL,21,1.0,4601,13.0,1.0,19.0,54000.0,61.0,0.0,0.0,0.0,-3.0,,-36.2,-13.0,1.0,0.0,549000.0,400.0,0.0,0.0,700000.0,3.0200000000000003e-07
5G,10,Loc_3_10m,TCP,UL,22,1.0,4601,13.0,1.0,18.0,69000.0,74.0,0.0,0.0,0.0,-4.0,,-36.5,-15.0,1.0,0.0,609000.0,393.0,7.0,1.0,700000.0,2.8800000000000004e-07
5G,10,Loc_3_10m,TCP,UL,23,1.0,4601,13.0,1.0,18.0,37000.0,47.0,6.0,11.0,0.0,-5.6,,-38.2,-12.0,1.0,0.0,521000.0,357.0,43.0,10.0,700000.0,3.0000000000000004e-07
5G,10,Loc_3_10m,TCP,UL,24,1.0,4601,13.0,1.0,18.0,52000.0,62.0,1.0,1.0,0.0,-3.2,,-35.3,-12.0,1.0,0.0,573000.0,399.0,1.0,0.0,700000.0,3.0500000000000004e-07
5G,10,Loc_3_10m,TCP,UL,25,1.0,4601,13.0,1.0,18.0,72000.0,78.0,0.0,0.0,0.0,-1.9,,-35.6,-13.0,1.0,0.0,601000.0,398.0,2.0,0.0,700000.0,2.86e-07
5G,10,Loc_3_10m,TCP,UL,26,1.0,4601,13.0,1.0,18.0,78000.0,82.0,0.0,0.0,0.0,-2.1,,-35.2,-12.0,1.0,0.0,619000.0,397.0,3.0,0.0,700000.0,2.8300000000000003e-07
5G,10,Loc_3_10m,TCP,UL,27,1.0,4601,13.0,1.0,18.0,67000.0,73.0,0.0,0.0,0.0,-3.2,,-35.4,-12.0,1.0,0.0,540000.0,400.0,0.0,0.0,700000.0,2.92e-07
5G,10,Loc_3_10m,TCP,UL,28,1.0,4601,13.0,1.0,19.0,71000.0,74.0,0.0,0.0,0.0,-3.3,,-35.7,-12.0,1.0,0.0,545000.0,399.0,1.0,0.0,700000.0,2.96e-07
5G,10,Loc_3_10m,TCP,UL,29,1.0,4601,13.0,1.0,19.0,75000.0,77.0,0.0,0.0,0.0,-2.6,,-35.6,-13.0,1.0,0.0,585000.0,399.0,1.0,0.0,700000.0,3.06e-07
5G,10,Loc_3_10m,TCP,UL,30,1.0,4601,13.0,1.0,19.0,97000.0,95.0,0.0,0.0,0.0,-1.2,,-35.3,-13.0,1.0,1.0,770000.0,388.0,12.0,3.0,700000.0,3.13e-07
5G,10,Loc_3_10m,TCP,UL,31,1.0,4601,13.0,1.0,19.0,90000.0,90.0,0.0,0.0,0.0,-0.7,,-35.4,-13.0,1.0,0.0,720000.0,395.0,5.0,1.0,700000.0,3.1900000000000004e-07
5G,10,Loc_3_10m,TCP,UL,32,1.0,4601,13.0,1.0,19.0,90000.0,89.0,1.0,1.0,0.0,-0.4,,-35.4,-12.0,1.0,0.0,708000.0,391.0,9.0,2.0,700000.0,3.0500000000000004e-07
5G,10,Loc_3_10m,TCP,UL,33,1.0,4601,13.0,1.0,19.0,85000.0,85.0,0.0,0.0,0.0,-0.6,,-35.4,-12.0,1.0,0.0,668000.0,400.0,0.0,0.0,700000.0,3.04e-07
5G,10,Loc_3_10m,TCP,UL,34,1.0,4601,13.0,1.0,19.0,57000.0,63.0,0.0,0.0,0.0,-2.4,,-36.2,-11.0,1.0,0.0,608000.0,399.0,1.0,0.0,700000.0,3.11e-07
5G,10,Loc_3_10m,TCP,UL,35,1.0,4601,13.0,1.0,19.0,39000.0,50.0,1.0,1.0,0.0,-8.7,,-36.8,-12.0,1.0,0.0,534000.0,399.0,1.0,0.0,700000.0,3.2100000000000003e-07
5G,10,Loc_3_10m,TCP,UL,36,1.0,4601,13.0,1.0,18.0,37000.0,49.0,1.0,2.0,0.0,-4.8,,-36.1,-15.0,1.0,0.0,580000.0,369.0,31.0,7.0,700000.0,3.0200000000000003e-07
5G,10,Loc_3_10m,TCP,UL,37,1.0,4601,13.0,1.0,19.0,42000.0,51.0,4.0,7.0,0.0,-2.9,,-36.0,-14.0,1.0,0.0,555000.0,400.0,0.0,0.0,700000.0,3.01e-07
5G,10,Loc_3_10m,TCP,UL,38,1.0,4601,13.0,1.0,18.0,54000.0,63.0,2.0,3.0,0.0,-0.5,,-34.3,-13.0,1.0,0.0,675000.0,399.0,1.0,0.0,700000.0,3.11e-07
5G,10,Loc_3_10m,TCP,UL,39,1.0,4601,13.0,1.0,18.0,61000.0,68.0,0.0,0.0,0.0,-4.6,,-36.8,-14.0,1.0,0.0,544000.0,390.0,10.0,2.0,700000.0,3.1400000000000003e-07
5G,10,Loc_3_10m,TCP,UL,40,1.0,4601,13.0,1.0,17.0,66000.0,75.0,0.0,0.0,0.0,-3.8,,-35.2,-15.0,1.0,0.0,599000.0,400.0,0.0,0.0,700000.0,3.23e-07
5G,10,Loc_3_10m,TCP,UL,41,1.0,4601,12.0,1.0,16.0,65000.0,81.0,0.0,0.0,0.0,-2.2,,-34.9,-18.0,1.0,0.0,612000.0,399.0,1.0,0.0,700000.0,3.03e-07
5G,10,Loc_3_10m,TCP,UL,42,1.0,4601,12.0,1.0,16.0,56000.0,71.0,0.0,0.0,0.0,-2.6,,-34.0,-18.0,1.0,0.0,614000.0,399.0,1.0,0.0,700000.0,3.03e-07
5G,10,Loc_3_10m,TCP,UL,43,1.0,4601,12.0,1.0,16.0,64000.0,80.0,0.0,0.0,0.0,-1.0,,-33.2,-14.0,1.0,1.0,823000.0,396.0,4.0,1.0,700000.0,2.89e-07
5G,10,Loc_3_10m,TCP,UL,44,1.0,4601,13.0,1.0,18.0,55000.0,64.0,1.0,1.0,0.0,-0.6,,-33.3,-13.0,1.0,1.0,864000.0,397.0,3.0,0.0,700000.0,3.2100000000000003e-07
5G,10,Loc_3_10m,TCP,UL,45,1.0,4601,13.0,1.0,19.0,78000.0,81.0,1.0,1.0,0.0,-1.0,,-34.2,-13.0,1.0,1.0,763000.0,398.0,2.0,0.0,700000.0,2.98e-07
5G,10,Loc_3_10m,TCP,UL,46,1.0,4601,13.0,1.0,19.0,68000.0,73.0,0.0,0.0,0.0,-2.0,,-34.7,-12.0,1.0,0.0,643000.0,399.0,1.0,0.0,700000.0,3.0500000000000004e-07
5G,10,Loc_3_10m,TCP,UL,47,1.0,4601,13.0,1.0,19.0,75000.0,77.0,0.0,0.0,0.0,-2.9,,-34.6,-12.0,1.0,0.0,651000.0,397.0,3.0,0.0,700000.0,3.1400000000000003e-07
5G,10,Loc_3_10m,TCP,UL,48,1.0,4601,14.0,1.0,20.0,68000.0,69.0,0.0,0.0,0.0,-8.9,,-35.9,-10.0,1.0,0.0,535000.0,400.0,0.0,0.0,700000.0,3.15e-07
5G,10,Loc_3_10m,TCP,UL,49,1.0,4601,14.0,1.0,21.0,69000.0,68.0,2.0,2.0,0.0,-8.9,,-36.1,-11.0,1.0,0.0,536000.0,400.0,0.0,0.0,700000.0,2.87e-07
5G,10,Loc_3_10m,TCP,UL,50,1.0,4601,13.0,1.0,19.0,55000.0,62.0,0.0,0.0,0.0,-9.3,,-36.5,-12.0,1.0,0.0,541000.0,394.0,6.0,1.0,700000.0,3.08e-07
5G,10,Loc_3_10m,TCP,UL,51,1.0,4601,13.0,1.0,19.0,60000.0,65.0,0.0,0.0,0.0,-7.0,,-35.2,-12.0,1.0,0.0,542000.0,400.0,0.0,0.0,700000.0,3.28e-07
5G,10,Loc_3_10m,TCP,UL,52,1.0,4601,13.0,1.0,19.0,60000.0,65.0,0.0,0.0,0.0,-10.5,,-36.2,-12.0,1.0,0.0,536000.0,400.0,0.0,0.0,700000.0,3.18e-07
5G,10,Loc_3_10m,TCP,UL,53,1.0,4601,13.0,1.0,19.0,63000.0,66.0,1.0,1.0,0.0,-6.9,,-36.6,-13.0,1.0,0.0,538000.0,400.0,0.0,0.0,700000.0,3.23e-07
5G,10,Loc_3_10m,TCP,UL,54,1.0,4601,13.0,1.0,20.0,75000.0,75.0,2.0,2.0,0.0,-2.5,,-36.0,-11.0,1.0,0.0,618000.0,400.0,0.0,0.0,700000.0,2.99e-07
5G,10,Loc_3_10m,TCP,UL,55,1.0,4601,14.0,1.0,20.0,71000.0,72.0,3.0,4.0,0.0,-3.4,,-35.7,-9.0,1.0,0.0,607000.0,396.0,4.0,1.0,700000.0,3.04e-07
5G,10,Loc_3_10m,TCP,UL,56,1.0,4601,13.0,1.0,17.0,66000.0,77.0,1.0,1.0,0.0,-3.8,,-36.0,-13.0,1.0,0.0,583000.0,400.0,0.0,0.0,700000.0,3.13e-07
5G,10,Loc_3_10m,TCP,UL,57,1.0,4601,13.0,1.0,18.0,64000.0,72.0,0.0,0.0,0.0,-6.5,,-35.9,-14.0,1.0,0.0,559000.0,400.0,0.0,0.0,700000.0,3.23e-07
5G,10,Loc_3_10m,TCP,UL,58,1.0,4601,13.0,1.0,18.0,69000.0,76.0,0.0,0.0,0.0,-5.4,,-35.9,-12.0,1.0,0.0,586000.0,399.0,1.0,0.0,700000.0,3.29e-07
5G,10,Loc_3_10m,TCP,UL,59,1.0,4601,13.0,1.0,17.0,89000.0,99.0,12.0,10.0,0.0,-0.7,,-34.0,-10.0,1.0,1.0,954000.0,374.0,26.0,6.0,700000.0,3.0500000000000004e-07
5G,10,Loc_3_10m,TCP,UL,60,1.0,4601,12.0,1.0,13.0,52000.0,83.0,7.0,7.0,0.0,-0.8,,-34.1,-12.0,1.0,0.0,711000.0,392.0,8.0,2.0,700000.0,3.13e-07
5G,10,Loc_3_10m,TCP,UL,61,1.0,4601,13.0,1.0,15.0,41000.0,62.0,1.0,1.0,0.0,-5.8,,-35.5,-12.0,1.0,0.0,534000.0,394.0,6.0,1.0,700000.0,2.99e-07
5G,10,Loc_3_10m,TCP,UL,62,1.0,4601,13.0,1.0,15.0,59000.0,80.0,0.0,0.0,0.0,-1.6,,-34.7,-12.0,1.0,0.0,678000.0,394.0,6.0,1.0,700000.0,2.96e-07
5G,10,Loc_3_10m,TCP,UL,63,1.0,4601,14.0,1.0,16.0,59000.0,75.0,0.0,0.0,0.0,-0.4,,-35.3,-12.0,1.0,0.0,617000.0,394.0,6.0,1.0,700000.0,2.99e-07
5G,10,Loc_3_10m,TCP,UL,64,1.0,4601,13.0,1.0,16.0,62000.0,79.0,2.0,2.0,0.0,-3.4,,-34.8,-12.0,1.0,0.0,673000.0,392.0,8.0,2.0,700000.0,3.1200000000000004e-07
5G,10,Loc_3_10m,TCP,UL,65,1.0,4601,12.0,1.0,14.0,44000.0,68.0,2.0,2.0,0.0,-6.8,,-36.7,-13.0,1.0,0.0,514000.0,378.0,22.0,5.0,700000.0,3.06e-07
5G,10,Loc_3_10m,TCP,UL,66,1.0,4601,12.0,1.0,13.0,44000.0,71.0,0.0,0.0,0.0,-5.6,,-35.6,-13.0,1.0,0.0,536000.0,400.0,0.0,0.0,700000.0,3.18e-07
5G,10,Loc_3_10m,TCP,UL,67,1.0,4601,12.0,1.0,13.0,44000.0,73.0,0.0,0.0,0.0,-10.8,,-36.6,-13.0,1.0,0.0,536000.0,400.0,0.0,0.0,700000.0,3.16e-07
5G,10,Loc_3_10m,TCP,UL,68,1.0,4601,11.0,1.0,12.0,39000.0,70.0,0.0,0.0,0.0,-9.9,,-35.9,-13.0,1.0,0.0,535000.0,400.0,0.0,0.0,700000.0,3.13e-07
5G,10,Loc_3_10m,TCP,UL,69,1.0,4601,12.0,1.0,12.0,40000.0,70.0,0.0,0.0,0.0,-11.3,,-36.3,-13.0,1.0,0.0,526000.0,394.0,6.0,1.0,700000.0,3.2e-07
5G,10,Loc_3_10m,TCP,UL,70,1.0,4601,12.0,1.0,13.0,42000.0,67.0,1.0,1.0,0.0,-10.5,,-36.5,-17.0,1.0,0.0,491000.0,333.0,67.0,16.0,700000.0,3.06e-07
5G,10,Loc_3_10m,TCP,UL,71,1.0,4601,11.0,1.0,12.0,40000.0,69.0,0.0,0.0,0.0,-9.1,,-35.6,-17.0,1.0,0.0,530000.0,392.0,8.0,2.0,700000.0,3.04e-07
5G,10,Loc_3_10m,TCP,UL,72,1.0,4601,12.0,1.0,14.0,45000.0,69.0,0.0,0.0,0.0,-9.1,,-35.7,-17.0,1.0,0.0,535000.0,400.0,0.0,0.0,700000.0,3.1200000000000004e-07
5G,10,Loc_3_10m,TCP,UL,73,1.0,4601,11.0,1.0,13.0,43000.0,71.0,0.0,0.0,0.0,-5.1,,-34.7,-17.0,1.0,0.0,536000.0,400.0,0.0,0.0,700000.0,3.1400000000000003e-07
5G,10,Loc_3_10m,TCP,UL,74,1.0,4601,11.0,1.0,12.0,41000.0,70.0,0.0,0.0,0.0,-2.3,,-34.0,-16.0,1.0,0.0,536000.0,400.0,0.0,0.0,700000.0,2.96e-07
5G,10,Loc_3_10m,TCP,UL,75,1.0,4601,12.0,1.0,13.0,43000.0,70.0,0.0,0.0,0.0,-7.3,,-35.2,-16.0,1.0,0.0,503000.0,363.0,37.0,9.0,700000.0,2.77e-07
5G,10,Loc_3_10m,TCP,UL,76,1.0,4601,12.0,1.0,14.0,49000.0,70.0,1.0,1.0,0.0,-9.6,,-35.7,-16.0,1.0,0.0,531000.0,391.0,9.0,2.0,700000.0,2.7800000000000003e-07
5G,10,Loc_3_10m,TCP,UL,77,1.0,4601,12.0,1.0,13.0,47000.0,72.0,0.0,0.0,0.0,-2.6,,-33.6,-17.0,1.0,0.0,536000.0,400.0,0.0,0.0,700000.0,2.87e-07
5G,10,Loc_3_10m,TCP,UL,78,1.0,4601,11.0,1.0,12.0,42000.0,72.0,0.0,0.0,0.0,0.7,,-32.7,-16.0,1.0,0.0,535000.0,400.0,0.0,0.0,700000.0,3.25e-07
5G,10,Loc_3_10m,TCP,UL,79,1.0,4601,11.0,1.0,12.0,42000.0,73.0,0.0,0.0,0.0,0.2,,-33.1,-16.0,1.0,0.0,536000.0,400.0,0.0,0.0,700000.0,3.0700000000000004e-07
5G,10,Loc_3_10m,TCP,UL,80,1.0,4601,11.0,1.0,13.0,41000.0,69.0,0.0,0.0,0.0,-0.5,,-33.3,-17.0,1.0,0.0,536000.0,400.0,0.0,0.0,700000.0,2.94e-07
5G,10,Loc_3_10m,TCP,UL,81,1.0,4601,12.0,1.0,14.0,55000.0,76.0,0.0,0.0,0.0,-6.2,,-34.8,-17.0,1.0,0.0,536000.0,400.0,0.0,0.0,700000.0,3.13e-07
5G,10,Loc_3_10m,TCP,UL,82,1.0,4601,12.0,1.0,15.0,49000.0,63.0,1.0,1.0,0.0,-4.9,,-37.1,-14.0,1.0,0.0,449000.0,331.0,69.0,17.0,700000.0,3.16e-07
5G,10,Loc_3_10m,UDP,DL,0,1.0,4601,11.0,1.0,15.0,54000.0,67.0,6.0,8.0,0.0,-2.8,,-36.2,-11.0,1.0,0.0,429000.0,261.0,38.0,12.0,700000.0,3.78e-07
5G,10,Loc_3_10m,UDP,DL,1,1.0,4601,13.0,1.0,20.0,73000.0,73.0,8.0,9.0,0.0,-0.7,,-35.9,-10.0,1.0,0.0,542000.0,400.0,0.0,0.0,700000.0,2.94e-07
5G,10,Loc_3_10m,UDP,DL,2,1.0,4601,13.0,1.0,20.0,79000.0,77.0,6.0,7.0,0.0,0.9,,-34.7,-12.0,1.0,0.0,580000.0,400.0,0.0,0.0,700000.0,3.01e-07
5G,10,Loc_3_10m,UDP,DL,3,1.0,4601,13.0,1.0,19.0,101000.0,97.0,1.0,1.0,0.0,2.2,,-33.5,-11.0,1.0,1.0,800000.0,392.0,8.0,2.0,700000.0,3.1e-07
5G,10,Loc_3_10m,UDP,DL,4,1.0,4601,13.0,1.0,20.0,95000.0,90.0,0.0,0.0,0.0,1.8,,-33.7,-10.0,1.0,0.0,718000.0,394.0,6.0,1.0,77300.0,3.1700000000000005e-07
5G,10,Loc_3_10m,UDP,DL,5,1.0,4601,13.0,1.0,20.0,82000.0,77.0,0.0,0.0,0.0,1.5,,-33.9,-10.0,1.0,0.0,588000.0,323.0,3.0,0.0,0.0,2.99e-07
5G,10,Loc_3_10m,UDP,DL,6,1.0,4601,13.0,1.0,20.0,456.0,1.0,0.0,0.0,0.0,6.5,,-29.7,-9.0,1.0,4.0,10700.0,3.0,0.0,0.0,0.0,2.99e-07
5G,10,Loc_3_10m,UDP,DL,7,1.0,4601,13.0,1.0,0.0,0.0,0.0,0.0,0.0,0.0,,,,-9.0,1.0,0.0,0.0,0.0,0.0,0.0,0.0,3.1700000000000005e-07
5G,10,Loc_3_10m,UDP,DL,8,1.0,4601,13.0,1.0,0.0,0.0,0.0,0.0,0.0,0.0,6.1,,-29.7,-8.0,1.0,4.0,3840.0,1.0,0.0,0.0,0.0,3.34e-07
5G,10,Loc_3_10m,UDP,DL,9,1.0,4601,13.0,1.0,20.0,456.0,1.0,0.0,0.0,0.0,1.9,,-33.4,-9.0,1.0,3.0,2980.0,1.0,0.0,0.0,0.0,3.3600000000000004e-07
5G,10,Loc_3_10m,UDP,DL,10,1.0,4601,13.0,1.0,19.0,5800000.0,243.0,3.0,1.0,948000.0,3.2,,-32.4,-12.0,1.0,3.0,24800.0,24.0,5.0,17.0,0.0,3.0000000000000004e-07
5G,10,Loc_3_10m,UDP,DL,11,1.0,4601,12.0,1.0,19.0,43000000.0,1600.0,0.0,0.0,6010000.0,3.1,,-32.3,-8.0,1.0,0.0,49500.0,50.0,0.0,0.0,0.0,3.1900000000000004e-07
5G,10,Loc_3_10m,UDP,DL,12,1.0,4601,12.0,1.0,21.0,46000000.0,1590.0,10.0,0.0,5990000.0,3.3,,-32.3,-13.0,1.0,0.0,49100.0,50.0,0.0,0.0,0.0,2.99e-07
5G,10,Loc_3_10m,UDP,DL,13,1.0,4601,12.0,1.0,19.0,41000000.0,1560.0,40.0,2.0,6030000.0,-3.5,,-35.3,-13.0,1.0,0.0,39900.0,50.0,6.0,10.0,0.0,3.0200000000000003e-07
5G,10,Loc_3_10m,UDP,DL,14,1.0,4601,12.0,1.0,19.0,41000000.0,1562.0,38.0,2.0,6000000.0,-8.6,,-36.6,-11.0,1.0,0.0,38400.0,50.0,15.0,23.0,0.0,2.8300000000000003e-07
5G,10,Loc_3_10m,UDP,DL,15,1.0,4601,12.0,1.0,18.0,39000000.0,1540.0,60.0,3.0,6070000.0,-1.6,,-35.7,-10.0,1.0,0.0,33000.0,43.0,0.0,0.0,0.0,3.0700000000000004e-07
5G,10,Loc_3_10m,UDP,DL,16,1.0,4601,12.0,1.0,13.0,26000000.0,1514.0,86.0,5.0,6080000.0,-0.8,,-35.0,-11.0,1.0,0.0,30000.0,39.0,0.0,0.0,0.0,3.2e-07
5G,10,Loc_3_10m,UDP,DL,17,1.0,4601,12.0,1.0,13.0,26000000.0,1533.0,67.0,4.0,6080000.0,-1.1,,-35.0,-10.0,1.0,0.0,33000.0,43.0,0.0,0.0,0.0,3.2600000000000003e-07
5G,10,Loc_3_10m,UDP,DL,18,1.0,4601,12.0,1.0,13.0,25000000.0,1500.0,100.0,6.0,6080000.0,-1.0,,-35.3,-10.0,1.0,0.0,28400.0,37.0,0.0,0.0,0.0,3.2100000000000003e-07
5G,10,Loc_3_10m,UDP,DL,19,1.0,4601,12.0,1.0,13.0,25000000.0,1503.0,97.0,6.0,6070000.0,0.0,,-35.1,-12.0,1.0,0.0,27600.0,36.0,0.0,0.0,0.0,3.01e-07
5G,10,Loc_3_10m,UDP,DL,20,1.0,4601,12.0,1.0,13.0,25000000.0,1500.0,100.0,6.0,6070000.0,-0.9,,-35.7,-11.0,1.0,0.0,27600.0,36.0,0.0,0.0,0.0,3.0700000000000004e-07
5G,10,Loc_3_10m,UDP,DL,21,1.0,4601,12.0,1.0,13.0,25000000.0,1499.0,101.0,6.0,6070000.0,0.6,,-34.6,-13.0,1.0,0.0,27600.0,36.0,0.0,0.0,0.0,3.22e-07
5G,10,Loc_3_10m,UDP,DL,22,1.0,4601,12.0,1.0,12.0,24000000.0,1500.0,100.0,6.0,6090000.0,-1.7,,-36.4,-15.0,1.0,0.0,26900.0,35.0,0.0,0.0,0.0,3.2600000000000003e-07
5G,10,Loc_3_10m,UDP,DL,23,1.0,4601,11.0,1.0,11.0,21000000.0,1497.0,103.0,6.0,6100000.0,-3.3,,-37.9,-14.0,1.0,0.0,29200.0,38.0,0.0,0.0,0.0,3.1e-07
5G,10,Loc_3_10m,UDP,DL,24,1.0,4601,11.0,1.0,11.0,21000000.0,1510.0,90.0,5.0,6110000.0,-3.7,,-36.9,-14.0,1.0,0.0,28400.0,37.0,0.0,0.0,0.0,3.1200000000000004e-07
5G,10,Loc_3_10m,UDP,DL,25,1.0,4601,11.0,1.0,11.0,21000000.0,1513.0,87.0,5.0,6100000.0,-3.1,,-36.6,-14.0,1.0,0.0,30700.0,40.0,0.0,0.0,0.0,3.2100000000000003e-07
5G,10,Loc_3_10m,UDP,DL,26,1.0,4601,11.0,1.0,11.0,21000000.0,1502.0,98.0,6.0,6110000.0,-2.2,,-36.3,-14.0,1.0,0.0,26100.0,34.0,0.0,0.0,0.0,3.25e-07
5G,10,Loc_3_10m,UDP,DL,27,1.0,4601,11.0,1.0,11.0,21000000.0,1480.0,120.0,7.0,6020000.0,-4.4,,-36.5,-13.0,1.0,0.0,29800.0,39.0,3.0,7.0,0.0,3.28e-07
5G,10,Loc_3_10m,UDP,DL,28,1.0,4601,12.0,1.0,13.0,24000000.0,1443.0,157.0,9.0,6090000.0,-2.4,,-36.3,-14.0,1.0,0.0,30700.0,40.0,0.0,0.0,0.0,3.0700000000000004e-07
5G,10,Loc_3_10m,UDP,DL,29,1.0,4601,12.0,1.0,13.0,24000000.0,1432.0,168.0,10.0,6080000.0,-0.8,,-35.5,-13.0,1.0,0.0,31500.0,41.0,0.0,0.0,0.0,3.18e-07
5G,10,Loc_3_10m,UDP,DL,30,1.0,4601,12.0,1.0,13.0,24000000.0,1452.0,148.0,9.0,5780000.0,-3.4,,-36.0,-14.0,1.0,0.0,29800.0,39.0,3.0,7.0,0.0,3.22e-07
5G,10,Loc_3_10m,UDP,DL,31,1.0,4601,12.0,1.0,13.0,24000000.0,1443.0,157.0,9.0,2770000.0,-0.2,,-35.2,-15.0,1.0,0.0,31700.0,40.0,0.0,0.0,0.0,3.2600000000000003e-07
5G,10,Loc_3_10m,UDP,DL,32,1.0,4601,12.0,1.0,12.0,23000000.0,1413.0,147.0,9.0,0.0,-4.4,,-35.5,-21.0,1.0,0.0,32000.0,35.0,8.0,18.0,2810.0,3.0900000000000003e-07
5G,10,Loc_3_10m,UDP,DL,33,1.0,4601,10.0,1.0,11.0,18000.0,14.0,0.0,0.0,0.0,-6.5,,-40.1,-12.0,1.0,1.0,27800.0,25.0,24.0,48.0,0.0,3.0900000000000003e-07
5G,10,Loc_3_10m,UDP,DL,34,1.0,4601,9.0,1.0,0.0,0.0,0.0,0.0,0.0,0.0,,,,-12.0,1.0,0.0,0.0,0.0,0.0,0.0,0.0,3.7100000000000003e-07
5G,10,Loc_3_10m,UDP,UL,0,1.0,4601,10.0,1.0,17.0,17000.0,19.0,9.0,32.0,0.0,3.1,,-32.6,-13.0,1.0,3.0,24900.0,12.0,0.0,0.0,0.0,3.3800000000000004e-07
5G,10,Loc_3_10m,UDP,UL,1,1.0,4601,11.0,1.0,0.0,0.0,0.0,0.0,0.0,0.0,,,,-13.0,1.0,0.0,0.0,0.0,0.0,0.0,0.0,2.75e-07
5G,10,Loc_3_10m,UDP,UL,2,1.0,4601,11.0,1.0,0.0,0.0,0.0,0.0,0.0,0.0,,,,-13.0,1.0,0.0,0.0,0.0,0.0,0.0,0.0,2.54e-07
5G,10,Loc_3_10m,UDP,UL,3,1.0,4601,11.0,1.0,17.0,384.0,1.0,0.0,0.0,0.0,2.1,,-33.8,-12.0,1.0,0.0,768.0,1.0,0.0,0.0,0.0,3.25e-07
5G,10,Loc_3_10m,UDP,UL,4,1.0,4601,11.0,1.0,17.0,25000.0,34.0,0.0,0.0,0.0,-0.1,,-35.4,-13.0,1.0,0.0,181000.0,127.0,0.0,0.0,700000.0,3.1e-07
5G,10,Loc_3_10m,UDP,UL,5,1.0,4601,10.0,1.0,16.0,9700.0,28.0,0.0,0.0,0.0,-1.5,,-35.9,-16.0,1.0,0.0,599000.0,388.0,12.0,3.0,700000.0,3.15e-07
5G,10,Loc_3_10m,UDP,UL,6,1.0,4601,11.0,1.0,17.0,9900.0,27.0,0.0,0.0,0.0,-1.6,,-36.6,-13.0,1.0,0.0,548000.0,400.0,0.0,0.0,700000.0,3.1e-07
5G,10,Loc_3_10m,UDP,UL,7,1.0,4601,11.0,1.0,17.0,9900.0,27.0,1.0,3.0,0.0,-1.3,,-35.7,-17.0,1.0,0.0,568000.0,385.0,15.0,3.0,700000.0,2.99e-07
5G,10,Loc_3_10m,UDP,UL,8,1.0,4601,10.0,1.0,16.0,9200.0,27.0,0.0,0.0,0.0,-3.1,,-37.4,-16.0,1.0,0.0,515000.0,384.0,16.0,4.0,700000.0,3.0000000000000004e-07
5G,10,Loc_3_10m,UDP,UL,9,1.0,4601,11.0,1.0,16.0,10000.0,28.0,1.0,3.0,0.0,-2.0,,-36.3,-15.0,1.0,0.0,536000.0,400.0,0.0,0.0,700000.0,3.1200000000000004e-07
5G,10,Loc_3_10m,UDP,UL,10,1.0,4601,11.0,1.0,16.0,10000.0,28.0,2.0,6.0,0.0,-2.2,,-36.3,-15.0,1.0,0.0,536000.0,400.0,0.0,0.0,700000.0,2.97e-07
5G,10,Loc_3_10m,UDP,UL,11,1.0,4601,11.0,1.0,16.0,9500.0,27.0,0.0,0.0,0.0,-2.3,,-36.4,-15.0,1.0,0.0,536000.0,400.0,0.0,0.0,700000.0,2.9500000000000003e-07
5G,10,Loc_3_10m,UDP,UL,12,1.0,4601,10.0,1.0,16.0,9900.0,28.0,0.0,0.0,0.0,-2.1,,-36.3,-14.0,1.0,0.0,541000.0,400.0,0.0,0.0,700000.0,3.03e-07
5G,10,Loc_3_10m,UDP,UL,13,1.0,4601,11.0,1.0,16.0,10000.0,28.0,1.0,3.0,0.0,-2.7,,-36.5,-14.0,1.0,0.0,540000.0,400.0,0.0,0.0,700000.0,3.1e-07
5G,10,Loc_3_10m,UDP,UL,14,1.0,4601,11.0,1.0,16.0,10000.0,28.0,0.0,0.0,0.0,-2.1,,-36.4,-14.0,1.0,0.0,559000.0,400.0,0.0,0.0,700000.0,3.16e-07
5G,10,Loc_3_10m,UDP,UL,15,1.0,4601,11.0,1.0,16.0,9900.0,28.0,0.0,0.0,0.0,-1.8,,-36.4,-14.0,1.0,0.0,588000.0,395.0,5.0,1.0,700000.0,3.2400000000000004e-07
5G,10,Loc_3_10m,UDP,UL,16,1.0,4601,10.0,1.0,16.0,10000.0,28.0,2.0,6.0,0.0,-1.7,,-36.0,-15.0,1.0,0.0,595000.0,396.0,4.0,1.0,700000.0,3.03e-07
5G,10,Loc_3_10m,UDP,UL,17,1.0,4601,10.0,1.0,15.0,11000.0,28.0,1.0,3.0,0.0,-1.0,,-35.5,-17.0,1.0,1.0,713000.0,374.0,26.0,6.0,700000.0,3.1200000000000004e-07
5G,10,Loc_3_10m,UDP,UL,18,1.0,4601,8.0,1.0,10.0,7400.0,23.0,3.0,11.0,0.0,-7.0,,-40.3,-15.0,1.0,0.0,338000.0,266.0,134.0,33.0,531000.0,3.2100000000000003e-07
5G,10,Loc_3_10m,UDP,UL,19,1.0,4601,10.0,1.0,14.0,10000.0,29.0,0.0,0.0,0.0,-4.3,,-36.9,-14.0,1.0,0.0,503000.0,369.0,31.0,7.0,700000.0,3.16e-07
5G,10,Loc_3_10m,UDP,UL,20,1.0,4601,10.0,1.0,14.0,7700.0,26.0,0.0,0.0,0.0,-4.5,,-37.1,-14.0,1.0,0.0,528000.0,382.0,18.0,4.0,700000.0,2.97e-07
5G,10,Loc_3_10m,UDP,UL,21,1.0,4601,11.0,1.0,16.0,9900.0,28.0,0.0,0.0,0.0,-8.4,,-38.7,-12.0,1.0,0.0,533000.0,398.0,2.0,0.0,700000.0,3.0500000000000004e-07
5G,10,Loc_3_10m,UDP,UL,22,1.0,4601,11.0,1.0,16.0,9900.0,28.0,0.0,0.0,0.0,-7.5,,-37.7,-14.0,1.0,0.0,536000.0,400.0,0.0,0.0,700000.0,3.1400000000000003e-07
5G,10,Loc_3_10m,UDP,UL,23,1.0,4601,11.0,1.0,16.0,9500.0,27.0,0.0,0.0,0.0,-5.3,,-37.2,-13.0,1.0,0.0,536000.0,400.0,0.0,0.0,700000.0,2.9500000000000003e-07
5G,10,Loc_3_10m,UDP,UL,24,1.0,4601,11.0,1.0,16.0,9900.0,28.0,0.0,0.0,0.0,-4.2,,-37.3,-14.0,1.0,0.0,536000.0,400.0,0.0,0.0,700000.0,2.96e-07
5G,10,Loc_3_10m,UDP,UL,25,1.0,4601,11.0,1.0,16.0,9900.0,28.0,0.0,0.0,0.0,-4.0,,-37.2,-14.0,1.0,0.0,536000.0,400.0,0.0,0.0,700000.0,3.0500000000000004e-07
5G,10,Loc_3_10m,UDP,UL,26,1.0,4601,11.0,1.0,16.0,9900.0,28.0,0.0,0.0,0.0,-3.8,,-37.0,-14.0,1.0,0.0,537000.0,400.0,0.0,0.0,700000.0,3.13e-07
5G,10,Loc_3_10m,UDP,UL,27,1.0,4601,11.0,1.0,16.0,9300.0,27.0,0.0,0.0,0.0,-2.9,,-37.3,-15.0,1.0,0.0,558000.0,398.0,2.0,0.0,700000.0,3.1900000000000004e-07
5G,10,Loc_3_10m,UDP,UL,28,1.0,4601,11.0,1.0,16.0,9700.0,28.0,0.0,0.0,0.0,-2.1,,-37.1,-14.0,1.0,0.0,614000.0,396.0,4.0,1.0,700000.0,3.01e-07
5G,10,Loc_3_10m,UDP,UL,29,1.0,4601,11.0,1.0,17.0,11000.0,29.0,0.0,0.0,0.0,-3.0,,-37.3,-13.0,1.0,0.0,572000.0,400.0,0.0,0.0,700000.0,3.0200000000000003e-07
5G,10,Loc_3_10m,UDP,UL,30,1.0,4601,11.0,1.0,17.0,11000.0,28.0,1.0,3.0,0.0,-3.9,,-37.6,-13.0,1.0,0.0,539000.0,399.0,1.0,0.0,700000.0,3.0900000000000003e-07
5G,10,Loc_3_10m,UDP,UL,31,1.0,4601,11.0,1.0,16.0,9700.0,27.0,0.0,0.0,0.0,-3.7,,-37.4,-14.0,1.0,0.0,553000.0,399.0,1.0,0.0,700000.0,3.16e-07
5G,10,Loc_3_10m,UDP,UL,32,1.0,4601,11.0,1.0,17.0,11000.0,28.0,0.0,0.0,0.0,-3.8,,-37.3,-14.0,1.0,0.0,550000.0,399.0,1.0,0.0,700000.0,3.25e-07
5G,10,Loc_3_10m,UDP,UL,33,1.0,4601,11.0,1.0,17.0,10000.0,28.0,1.0,3.0,0.0,-3.8,,-37.4,-14.0,1.0,0.0,549000.0,400.0,0.0,0.0,700000.0,3.0900000000000003e-07
5G,10,Loc_3_10m,UDP,UL,34,1.0,4601,11.0,1.0,16.0,9700.0,28.0,0.0,0.0,0.0,-3.5,,-37.5,-15.0,1.0,0.0,572000.0,399.0,1.0,0.0,700000.0,3.08e-07
5G,10,Loc_3_10m,UDP,UL,35,1.0,4601,11.0,1.0,17.0,10000.0,28.0,0.0,0.0,0.0,-3.4,,-37.4,-14.0,1.0,0.0,569000.0,399.0,1.0,0.0,700000.0,3.15e-07
5G,10,Loc_3_10m,UDP,UL,36,1.0,4601,11.0,1.0,17.0,11000.0,28.0,0.0,0.0,0.0,-3.9,,-37.4,-14.0,1.0,0.0,545000.0,399.0,1.0,0.0,700000.0,2.99e-07
5G,10,Loc_3_10m,UDP,UL,37,1.0,4601,11.0,1.0,16.0,10000.0,28.0,0.0,0.0,0.0,-3.1,,-37.7,-16.0,1.0,0.0,567000.0,391.0,9.0,2.0,700000.0,2.9500000000000003e-07
5G,10,Loc_3_10m,UDP,UL,38,1.0,4601,11.0,1.0,16.0,9400.0,27.0,0.0,0.0,0.0,-3.1,,-38.1,-17.0,1.0,0.0,542000.0,393.0,7.0,1.0,700000.0,3.0000000000000004e-07
5G,10,Loc_3_10m,UDP,UL,39,1.0,4601,11.0,1.0,16.0,9600.0,27.0,0.0,0.0,0.0,-2.6,,-37.5,-14.0,1.0,0.0,575000.0,388.0,12.0,3.0,700000.0,3.1e-07
5G,10,Loc_3_10m,UDP,UL,40,1.0,4601,11.0,1.0,17.0,11000.0,28.0,0.0,0.0,0.0,-3.3,,-37.3,-14.0,1.0,0.0,537000.0,400.0,0.0,0.0,150000.0,3.16e-07
5G,10,Loc_3_10m,UDP,UL,41,1.0,4601,11.0,1.0,17.0,11000.0,28.0,0.0,0.0,0.0,-3.1,,-37.0,-14.0,1.0,0.0,541000.0,400.0,0.0,0.0,77300.0,2.97e-07
5G,10,Loc_3_10m,UDP,UL,42,1.0,4601,11.0,1.0,17.0,16000.0,33.0,0.0,0.0,0.0,-2.6,,-36.9,-13.0,1.0,0.0,576000.0,399.0,0.0,0.0,0.0,3.06e-07
5G,10,Loc_3_10m,UDP,UL,43,1.0,4601,12.0,1.0,18.0,20000.0,12.0,0.0,0.0,0.0,-0.4,,-35.6,-14.0,1.0,2.0,31300.0,14.0,4.0,22.0,0.0,3.0900000000000003e-07
5G,10,Loc_3_10m,UDP,UL,44,1.0,4601,11.0,1.0,0.0,0.0,0.0,0.0,0.0,0.0,,,,-14.0,1.0,0.0,0.0,0.0,0.0,0.0,0.0,3.16e-07
